time,x,y,signal_dbm,link_quality,bitrate_mbit,bssid
1783338181.5,,,-68.00,42.00,130.00,32:c5:99:9d:b8:94
1783338184.5,,,-66.00,44.00,175.50,32:c5:99:9d:b8:94
1783338187.5,,,-67.00,43.00,175.50,32:c5:99:9d:b8:94
1783338190.5,,,-67.00,43.00,117.00,32:c5:99:9d:b8:94
1783338193.5,,,-67.00,43.00,130.00,32:c5:99:9d:b8:94
1783338196.5,,,-67.00,43.00,130.00,32:c5:99:9d:b8:94
1783338199.5,,,-68.00,42.00,175.50,32:c5:99:9d:b8:94
1783338202.5,,,-67.00,43.00,175.50,32:c5:99:9d:b8:94
1783338205.5,,,-68.00,42.00,130.00,32:c5:99:9d:b8:94
1783338208.5,,,-68.00,42.00,175.50,32:c5:99:9d:b8:94
1783338211.5,,,-67.00,43.00,175.50,32:c5:99:9d:b8:94
1783338214.5,,,-66.00,44.00,40.50,32:c5:99:9d:b8:94
1783338217.6,,,-67.00,43.00,13.00,32:c5:99:9d:b8:94
1783338220.5,,,-67.00,43.00,175.50,32:c5:99:9d:b8:94
1783338223.5,,,-66.00,44.00,87.70,32:c5:99:9d:b8:94
1783338226.5,,,-67.00,43.00,30.00,32:c5:99:9d:b8:94
1783338229.5,,,-67.00,43.00,14.40,32:c5:99:9d:b8:94
1783338232.5,,,-68.00,42.00,65.00,32:c5:99:9d:b8:94
1783338235.5,,,-67.00,43.00,14.40,32:c5:99:9d:b8:94
1783338238.5,,,-68.00,42.00,27.00,32:c5:99:9d:b8:94
1783338241.5,,,-67.00,43.00,195.00,32:c5:99:9d:b8:94
1783338244.5,,,-67.00,43.00,175.50,32:c5:99:9d:b8:94
1783338247.5,,,-66.00,44.00,195.00,32:c5:99:9d:b8:94
1783338250.5,,,-67.00,43.00,130.00,32:c5:99:9d:b8:94
1783338253.5,,,-67.00,43.00,130.00,32:c5:99:9d:b8:94
1783338256.5,,,-67.00,43.00,195.00,32:c5:99:9d:b8:94
1783338259.5,,,-66.00,44.00,195.00,32:c5:99:9d:b8:94
1783338262.5,,,-68.00,42.00,195.00,32:c5:99:9d:b8:94
1783338265.5,,,-67.00,43.00,195.00,32:c5:99:9d:b8:94
1783338268.5,,,-66.00,44.00,195.00,32:c5:99:9d:b8:94
1783338271.5,,,-67.00,43.00,195.00,32:c5:99:9d:b8:94
1783338274.5,,,-66.00,44.00,195.00,32:c5:99:9d:b8:94
1783338277.5,,,-67.00,43.00,130.00,32:c5:99:9d:b8:94
1783338280.5,,,-68.00,42.00,195.00,32:c5:99:9d:b8:94
1783338283.5,,,-68.00,42.00,195.00,32:c5:99:9d:b8:94
1783338286.5,,,-67.00,43.00,195.00,32:c5:99:9d:b8:94
1783338289.5,,,-67.00,43.00,195.00,32:c5:99:9d:b8:94
1783338292.5,,,-67.00,43.00,195.00,32:c5:99:9d:b8:94
1783338295.5,,,-67.00,43.00,195.00,32:c5:99:9d:b8:94
1783338298.5,,,-68.00,42.00,175.50,32:c5:99:9d:b8:94
1783338301.5,,,-67.00,43.00,195.00,32:c5:99:9d:b8:94
1783338304.5,,,-67.00,43.00,195.00,32:c5:99:9d:b8:94
1783338307.5,,,-68.00,42.00,175.50,32:c5:99:9d:b8:94
1783338310.5,,,-66.00,44.00,175.50,32:c5:99:9d:b8:94
1783338313.5,,,-68.00,42.00,130.00,32:c5:99:9d:b8:94
1783338316.5,,,-66.00,44.00,195.00,32:c5:99:9d:b8:94
1783338319.5,,,-67.00,43.00,175.50,32:c5:99:9d:b8:94
1783338322.5,,,-67.00,43.00,195.00,32:c5:99:9d:b8:94
1783338325.5,,,-67.00,43.00,195.00,32:c5:99:9d:b8:94
1783338328.5,,,-67.00,43.00,175.50,32:c5:99:9d:b8:94
1783338331.5,,,-66.00,44.00,195.00,32:c5:99:9d:b8:94
1783338334.5,,,-67.00,43.00,175.50,32:c5:99:9d:b8:94
1783338337.5,,,-67.00,43.00,195.00,32:c5:99:9d:b8:94
1783338340.5,,,-67.00,43.00,130.00,32:c5:99:9d:b8:94
1783338343.5,,,-67.00,43.00,195.00,32:c5:99:9d:b8:94
1783338346.5,,,-67.00,43.00,195.00,32:c5:99:9d:b8:94
1783338349.5,,,-66.00,44.00,175.50,32:c5:99:9d:b8:94
1783338352.5,,,-67.00,43.00,195.00,32:c5:99:9d:b8:94
1783338355.5,,,-67.00,43.00,195.00,32:c5:99:9d:b8:94
1783338358.5,,,-66.00,44.00,195.00,32:c5:99:9d:b8:94
1783338361.5,,,-63.00,47.00,260.00,32:c5:99:9d:b8:94
1783338364.5,,,-65.00,45.00,260.00,32:c5:99:9d:b8:94
1783338367.5,33.75,-6.25,-65.00,45.00,260.00,32:c5:99:9d:b8:94
1783338370.5,33.75,-6.25,-64.00,46.00,30.00,32:c5:99:9d:b8:94
1783338373.5,33.75,-6.25,-65.00,45.00,40.50,32:c5:99:9d:b8:94
1783338376.5,33.75,-6.25,-65.00,45.00,260.00,32:c5:99:9d:b8:94
1783338379.5,33.70,-6.23,-65.00,45.00,260.00,32:c5:99:9d:b8:94
1783338382.5,33.67,-6.23,-67.00,43.00,195.00,32:c5:99:9d:b8:94
1783338385.5,33.71,-6.24,-65.00,45.00,195.00,32:c5:99:9d:b8:94
1783338388.5,33.70,-6.25,-67.00,43.00,195.00,32:c5:99:9d:b8:94
1783338391.5,33.70,-6.25,-64.00,46.00,195.00,32:c5:99:9d:b8:94
1783338394.5,33.70,-6.25,-64.00,46.00,195.00,32:c5:99:9d:b8:94
1783338397.5,33.70,-6.25,-64.00,46.00,195.00,32:c5:99:9d:b8:94
1783338400.5,33.70,-6.25,-65.00,45.00,195.00,32:c5:99:9d:b8:94
1783338403.5,33.70,-6.25,-64.00,46.00,195.00,32:c5:99:9d:b8:94
1783338406.5,33.70,-6.25,-64.00,46.00,195.00,32:c5:99:9d:b8:94
1783338409.5,33.70,-6.25,-65.00,45.00,195.00,32:c5:99:9d:b8:94
1783338412.5,33.70,-6.25,-65.00,45.00,195.00,32:c5:99:9d:b8:94
1783338415.5,33.70,-6.25,-66.00,44.00,195.00,32:c5:99:9d:b8:94
1783338418.5,33.70,-6.25,-64.00,46.00,195.00,32:c5:99:9d:b8:94
1783338421.5,33.70,-6.25,-66.00,44.00,195.00,32:c5:99:9d:b8:94
1783338424.5,33.70,-6.25,-63.00,47.00,195.00,32:c5:99:9d:b8:94
1783338427.5,33.70,-6.25,-64.00,46.00,195.00,32:c5:99:9d:b8:94
1783338430.5,33.70,-6.25,-64.00,46.00,195.00,32:c5:99:9d:b8:94
1783338433.5,33.70,-6.25,-64.00,46.00,195.00,32:c5:99:9d:b8:94
1783338436.5,33.70,-6.25,-65.00,45.00,195.00,32:c5:99:9d:b8:94
1783338439.5,33.70,-6.25,-66.00,44.00,195.00,32:c5:99:9d:b8:94
1783338442.5,33.70,-6.25,-66.00,44.00,195.00,32:c5:99:9d:b8:94
1783338445.5,33.70,-6.25,-64.00,46.00,195.00,32:c5:99:9d:b8:94
1783338448.5,33.70,-6.25,-66.00,44.00,195.00,32:c5:99:9d:b8:94
1783338451.5,33.70,-6.25,-65.00,45.00,175.50,32:c5:99:9d:b8:94
1783338454.5,33.70,-6.25,-65.00,45.00,195.00,32:c5:99:9d:b8:94
1783338457.5,33.70,-6.25,-64.00,46.00,195.00,32:c5:99:9d:b8:94
1783338460.5,33.70,-6.25,-63.00,47.00,175.50,32:c5:99:9d:b8:94
1783338463.5,33.70,-6.25,-66.00,44.00,195.00,32:c5:99:9d:b8:94
1783338466.5,33.70,-6.25,-65.00,45.00,195.00,32:c5:99:9d:b8:94
1783338469.5,33.70,-6.25,-64.00,46.00,195.00,32:c5:99:9d:b8:94
1783338472.5,33.70,-6.25,-66.00,44.00,234.00,32:c5:99:9d:b8:94
1783338475.5,33.70,-6.25,-65.00,45.00,260.00,32:c5:99:9d:b8:94
1783338478.5,33.70,-6.25,-65.00,45.00,195.00,32:c5:99:9d:b8:94
1783338481.5,33.70,-6.25,-66.00,44.00,195.00,32:c5:99:9d:b8:94
1783338484.5,33.70,-6.25,-64.00,46.00,195.00,32:c5:99:9d:b8:94
1783338487.5,33.70,-6.25,-65.00,45.00,195.00,32:c5:99:9d:b8:94
1783338490.5,33.70,-6.25,-65.00,45.00,175.50,32:c5:99:9d:b8:94
1783338493.5,33.70,-6.25,-64.00,46.00,175.50,32:c5:99:9d:b8:94
1783338496.5,33.70,-6.25,-65.00,45.00,195.00,32:c5:99:9d:b8:94
1783338499.5,33.70,-6.25,-65.00,45.00,195.00,32:c5:99:9d:b8:94
1783338502.5,33.70,-6.25,-67.00,43.00,195.00,32:c5:99:9d:b8:94
1783338505.5,33.70,-6.25,-64.00,46.00,195.00,32:c5:99:9d:b8:94
1783338508.5,33.70,-6.25,-64.00,46.00,195.00,32:c5:99:9d:b8:94
1783338511.5,33.70,-6.25,-67.00,43.00,195.00,32:c5:99:9d:b8:94
1783338514.5,33.70,-6.25,-64.00,46.00,195.00,32:c5:99:9d:b8:94
1783338517.5,33.70,-6.25,-66.00,44.00,195.00,32:c5:99:9d:b8:94
1783338520.5,33.70,-6.25,-66.00,44.00,195.00,32:c5:99:9d:b8:94
1783338523.5,33.70,-6.25,-66.00,44.00,195.00,32:c5:99:9d:b8:94
1783338526.5,33.70,-6.25,-65.00,45.00,195.00,32:c5:99:9d:b8:94
1783338529.5,33.70,-6.25,-65.00,45.00,195.00,32:c5:99:9d:b8:94
1783338532.5,33.70,-6.25,-64.00,46.00,195.00,32:c5:99:9d:b8:94
1783338535.5,33.70,-6.25,-65.00,45.00,195.00,32:c5:99:9d:b8:94
1783338538.5,33.70,-6.25,-64.00,46.00,195.00,32:c5:99:9d:b8:94
1783338541.5,33.70,-6.25,-64.00,46.00,195.00,32:c5:99:9d:b8:94
1783338544.5,33.70,-6.25,-65.00,45.00,195.00,32:c5:99:9d:b8:94
1783338547.5,33.70,-6.25,-63.00,47.00,195.00,32:c5:99:9d:b8:94
1783338550.5,33.70,-6.25,-65.00,45.00,195.00,32:c5:99:9d:b8:94
1783338553.5,33.70,-6.25,-64.00,46.00,195.00,32:c5:99:9d:b8:94
1783338556.5,33.70,-6.25,-66.00,44.00,195.00,32:c5:99:9d:b8:94
1783338559.5,33.70,-6.25,-64.00,46.00,195.00,32:c5:99:9d:b8:94
1783338562.5,33.70,-6.25,-65.00,45.00,195.00,32:c5:99:9d:b8:94
1783338565.5,33.70,-6.25,-67.00,43.00,195.00,32:c5:99:9d:b8:94
1783338568.5,33.70,-6.25,-63.00,47.00,195.00,32:c5:99:9d:b8:94
1783338571.5,33.70,-6.25,-64.00,46.00,195.00,32:c5:99:9d:b8:94
1783338574.5,33.70,-6.25,-66.00,44.00,195.00,32:c5:99:9d:b8:94
1783338577.5,33.70,-6.25,-64.00,46.00,260.00,32:c5:99:9d:b8:94
1783338580.5,33.70,-6.25,-64.00,46.00,260.00,32:c5:99:9d:b8:94
1783338583.5,33.70,-6.25,-65.00,45.00,195.00,32:c5:99:9d:b8:94
1783338586.5,33.70,-6.25,-64.00,46.00,195.00,32:c5:99:9d:b8:94
1783338589.5,33.70,-6.25,-66.00,44.00,195.00,32:c5:99:9d:b8:94
1783338592.5,33.70,-6.25,-66.00,44.00,195.00,32:c5:99:9d:b8:94
1783338595.5,33.70,-6.25,-64.00,46.00,195.00,32:c5:99:9d:b8:94
1783338598.5,33.70,-6.25,-66.00,44.00,195.00,32:c5:99:9d:b8:94
1783338601.5,33.70,-6.25,-66.00,44.00,195.00,32:c5:99:9d:b8:94
1783338604.5,33.70,-6.25,-66.00,44.00,195.00,32:c5:99:9d:b8:94
1783338607.5,33.70,-6.25,-65.00,45.00,195.00,32:c5:99:9d:b8:94
1783338610.5,33.70,-6.25,-66.00,44.00,195.00,32:c5:99:9d:b8:94
1783338613.5,33.70,-6.25,-65.00,45.00,195.00,32:c5:99:9d:b8:94
1783338616.5,33.70,-6.25,-64.00,46.00,234.00,32:c5:99:9d:b8:94
1783338619.5,33.70,-6.25,-66.00,44.00,195.00,32:c5:99:9d:b8:94
1783338622.5,33.70,-6.25,-65.00,45.00,195.00,32:c5:99:9d:b8:94
1783338625.5,33.70,-6.25,-64.00,46.00,195.00,32:c5:99:9d:b8:94
1783338628.5,33.70,-6.25,-65.00,45.00,195.00,32:c5:99:9d:b8:94
1783338631.5,33.70,-6.25,-67.00,43.00,175.50,32:c5:99:9d:b8:94
1783338634.5,33.70,-6.25,-64.00,46.00,195.00,32:c5:99:9d:b8:94
1783338637.5,33.70,-6.25,-65.00,45.00,195.00,32:c5:99:9d:b8:94
1783338640.5,33.70,-6.25,-64.00,46.00,175.50,32:c5:99:9d:b8:94
1783338643.5,33.70,-6.25,-65.00,45.00,195.00,32:c5:99:9d:b8:94
1783338646.5,33.70,-6.25,-67.00,43.00,195.00,32:c5:99:9d:b8:94
1783338649.5,33.70,-6.25,-65.00,45.00,175.50,32:c5:99:9d:b8:94
1783338652.5,33.70,-6.25,-65.00,45.00,260.00,32:c5:99:9d:b8:94
1783338655.5,33.70,-6.25,-64.00,46.00,195.00,32:c5:99:9d:b8:94
1783338658.5,33.70,-6.25,-67.00,43.00,195.00,32:c5:99:9d:b8:94
1783338661.5,33.70,-6.25,-66.00,44.00,195.00,32:c5:99:9d:b8:94
1783338664.5,33.70,-6.25,-65.00,45.00,195.00,32:c5:99:9d:b8:94
1783338667.5,33.70,-6.25,-64.00,46.00,175.50,32:c5:99:9d:b8:94
1783338670.5,33.70,-6.25,-66.00,44.00,195.00,32:c5:99:9d:b8:94
1783338673.5,33.70,-6.25,-66.00,44.00,195.00,32:c5:99:9d:b8:94
1783338676.5,33.70,-6.25,-64.00,46.00,195.00,32:c5:99:9d:b8:94
1783338679.5,33.70,-6.25,-66.00,44.00,175.50,32:c5:99:9d:b8:94
1783338682.5,33.70,-6.25,-65.00,45.00,195.00,32:c5:99:9d:b8:94
1783338685.5,33.70,-6.25,-65.00,45.00,195.00,32:c5:99:9d:b8:94
1783338688.5,33.70,-6.25,-65.00,45.00,195.00,32:c5:99:9d:b8:94
1783338691.5,33.70,-6.25,-65.00,45.00,175.50,32:c5:99:9d:b8:94
1783338694.5,33.70,-6.25,-65.00,45.00,195.00,32:c5:99:9d:b8:94
1783338697.5,33.70,-6.25,-66.00,44.00,175.50,32:c5:99:9d:b8:94
1783338700.5,33.70,-6.25,-65.00,45.00,195.00,32:c5:99:9d:b8:94
1783338703.5,33.70,-6.25,-64.00,46.00,195.00,32:c5:99:9d:b8:94
1783338706.5,33.70,-6.25,-65.00,45.00,195.00,32:c5:99:9d:b8:94
1783338709.5,33.70,-6.25,-64.00,46.00,195.00,32:c5:99:9d:b8:94
1783338712.5,33.70,-6.25,-64.00,46.00,195.00,32:c5:99:9d:b8:94
1783338715.5,33.70,-6.25,-66.00,44.00,195.00,32:c5:99:9d:b8:94
1783338718.5,33.70,-6.25,-65.00,45.00,175.50,32:c5:99:9d:b8:94
1783338721.5,33.70,-6.25,-65.00,45.00,195.00,32:c5:99:9d:b8:94
1783338724.5,33.70,-6.25,-64.00,46.00,195.00,32:c5:99:9d:b8:94
1783338727.5,33.70,-6.25,-65.00,45.00,195.00,32:c5:99:9d:b8:94
1783338730.5,33.70,-6.25,-64.00,46.00,195.00,32:c5:99:9d:b8:94
1783338733.5,33.70,-6.25,-65.00,45.00,195.00,32:c5:99:9d:b8:94
1783338736.5,33.70,-6.25,-65.00,45.00,234.00,32:c5:99:9d:b8:94
1783338739.5,33.70,-6.25,-65.00,45.00,195.00,32:c5:99:9d:b8:94
1783338742.5,33.70,-6.25,-65.00,45.00,195.00,32:c5:99:9d:b8:94
1783338745.5,33.70,-6.25,-64.00,46.00,195.00,32:c5:99:9d:b8:94
1783338748.5,33.70,-6.25,-65.00,45.00,195.00,32:c5:99:9d:b8:94
1783338751.5,33.70,-6.25,-65.00,45.00,175.50,32:c5:99:9d:b8:94
1783338754.5,33.70,-6.25,-63.00,47.00,195.00,32:c5:99:9d:b8:94
1783338757.5,33.70,-6.25,-64.00,46.00,195.00,32:c5:99:9d:b8:94
1783338760.5,33.70,-6.25,-67.00,43.00,195.00,32:c5:99:9d:b8:94
1783338763.5,33.70,-6.25,-65.00,45.00,195.00,32:c5:99:9d:b8:94
1783338766.5,33.70,-6.25,-66.00,44.00,195.00,32:c5:99:9d:b8:94
1783338769.5,33.70,-6.25,-64.00,46.00,195.00,32:c5:99:9d:b8:94
1783338772.5,33.70,-6.25,-66.00,44.00,195.00,32:c5:99:9d:b8:94
1783338775.5,33.70,-6.25,-64.00,46.00,195.00,32:c5:99:9d:b8:94
1783338778.5,33.70,-6.25,-65.00,45.00,195.00,32:c5:99:9d:b8:94
1783338781.5,33.70,-6.25,-64.00,46.00,195.00,32:c5:99:9d:b8:94
1783338784.5,33.70,-6.25,-65.00,45.00,195.00,32:c5:99:9d:b8:94
1783338787.5,33.70,-6.25,-65.00,45.00,195.00,32:c5:99:9d:b8:94
1783338790.5,33.70,-6.25,-65.00,45.00,195.00,32:c5:99:9d:b8:94
1783338793.5,33.70,-6.25,-66.00,44.00,195.00,32:c5:99:9d:b8:94
1783338796.5,33.70,-6.25,-65.00,45.00,195.00,32:c5:99:9d:b8:94
1783338799.5,33.70,-6.25,-65.00,45.00,195.00,32:c5:99:9d:b8:94
1783338802.5,33.70,-6.25,-65.00,45.00,195.00,32:c5:99:9d:b8:94
1783338805.5,33.70,-6.25,-67.00,43.00,195.00,32:c5:99:9d:b8:94
1783338808.5,33.70,-6.25,-65.00,45.00,195.00,32:c5:99:9d:b8:94
1783338811.5,33.70,-6.25,-65.00,45.00,195.00,32:c5:99:9d:b8:94
1783338814.5,33.70,-6.25,-66.00,44.00,175.50,32:c5:99:9d:b8:94
1783338817.5,33.70,-6.25,-66.00,44.00,195.00,32:c5:99:9d:b8:94
1783338820.5,33.70,-6.25,-66.00,44.00,195.00,32:c5:99:9d:b8:94
1783338823.5,33.70,-6.25,-64.00,46.00,195.00,32:c5:99:9d:b8:94
1783338826.5,33.70,-6.25,-65.00,45.00,195.00,32:c5:99:9d:b8:94
1783338829.5,33.70,-6.25,-64.00,46.00,195.00,32:c5:99:9d:b8:94
1783338832.5,33.70,-6.25,-64.00,46.00,195.00,32:c5:99:9d:b8:94
1783338835.5,33.70,-6.25,-65.00,45.00,195.00,32:c5:99:9d:b8:94
1783338838.5,33.70,-6.25,-64.00,46.00,195.00,32:c5:99:9d:b8:94
1783338841.5,33.70,-6.25,-65.00,45.00,195.00,32:c5:99:9d:b8:94
1783338844.5,33.70,-6.25,-64.00,46.00,195.00,32:c5:99:9d:b8:94
1783338847.5,33.70,-6.25,-66.00,44.00,195.00,32:c5:99:9d:b8:94
1783338850.5,33.70,-6.25,-63.00,47.00,195.00,32:c5:99:9d:b8:94
1783338853.5,33.70,-6.25,-64.00,46.00,195.00,32:c5:99:9d:b8:94
1783338856.5,33.70,-6.25,-63.00,47.00,195.00,32:c5:99:9d:b8:94
1783338859.5,33.70,-6.25,-66.00,44.00,195.00,32:c5:99:9d:b8:94
1783338862.5,33.70,-6.25,-65.00,45.00,195.00,32:c5:99:9d:b8:94
1783338865.5,33.70,-6.25,-65.00,45.00,195.00,32:c5:99:9d:b8:94
1783338868.5,33.70,-6.25,-65.00,45.00,195.00,32:c5:99:9d:b8:94
1783338871.5,33.70,-6.25,-67.00,43.00,195.00,32:c5:99:9d:b8:94
1783338874.5,33.70,-6.25,-65.00,45.00,195.00,32:c5:99:9d:b8:94
1783338877.5,33.70,-6.25,-66.00,44.00,195.00,32:c5:99:9d:b8:94
1783338880.5,33.70,-6.25,-65.00,45.00,195.00,32:c5:99:9d:b8:94
1783338883.5,33.70,-6.25,-66.00,44.00,195.00,32:c5:99:9d:b8:94
1783338886.5,33.70,-6.25,-65.00,45.00,195.00,32:c5:99:9d:b8:94
1783338889.5,33.70,-6.25,-65.00,45.00,195.00,32:c5:99:9d:b8:94
1783338892.5,33.70,-6.25,-65.00,45.00,195.00,32:c5:99:9d:b8:94
1783338895.5,33.70,-6.25,-65.00,45.00,195.00,32:c5:99:9d:b8:94
1783338898.5,33.70,-6.25,-64.00,46.00,195.00,32:c5:99:9d:b8:94
1783338901.5,33.70,-6.25,-65.00,45.00,195.00,32:c5:99:9d:b8:94
1783338904.5,33.70,-6.25,-64.00,46.00,195.00,32:c5:99:9d:b8:94
1783338907.5,33.70,-6.25,-64.00,46.00,195.00,32:c5:99:9d:b8:94
1783338910.5,33.70,-6.25,-64.00,46.00,195.00,32:c5:99:9d:b8:94
1783338913.5,33.70,-6.25,-64.00,46.00,195.00,32:c5:99:9d:b8:94
1783338916.5,33.70,-6.25,-64.00,46.00,195.00,32:c5:99:9d:b8:94
1783338919.5,33.70,-6.25,-64.00,46.00,195.00,32:c5:99:9d:b8:94
1783338922.5,33.70,-6.25,-64.00,46.00,195.00,32:c5:99:9d:b8:94
1783338925.5,33.70,-6.25,-67.00,43.00,195.00,32:c5:99:9d:b8:94
1783338928.5,33.70,-6.25,-64.00,46.00,195.00,32:c5:99:9d:b8:94
1783338931.5,33.70,-6.25,-66.00,44.00,195.00,32:c5:99:9d:b8:94
1783338934.5,33.70,-6.25,-64.00,46.00,195.00,32:c5:99:9d:b8:94
1783338937.5,33.70,-6.25,-65.00,45.00,195.00,32:c5:99:9d:b8:94
1783338940.5,33.70,-6.25,-64.00,46.00,195.00,32:c5:99:9d:b8:94
1783338943.5,33.70,-6.25,-66.00,44.00,195.00,32:c5:99:9d:b8:94
1783338946.5,33.70,-6.25,-63.00,47.00,195.00,32:c5:99:9d:b8:94
1783338949.5,33.70,-6.25,-66.00,44.00,195.00,32:c5:99:9d:b8:94
1783338952.5,33.70,-6.25,-66.00,44.00,195.00,32:c5:99:9d:b8:94
1783338955.5,33.70,-6.25,-66.00,44.00,195.00,32:c5:99:9d:b8:94
1783338958.5,33.70,-6.25,-67.00,43.00,195.00,32:c5:99:9d:b8:94
1783338961.5,33.70,-6.25,-65.00,45.00,195.00,32:c5:99:9d:b8:94
1783338964.5,33.70,-6.25,-65.00,45.00,195.00,32:c5:99:9d:b8:94
1783338967.5,33.70,-6.25,-65.00,45.00,195.00,32:c5:99:9d:b8:94
1783338970.5,33.70,-6.25,-65.00,45.00,195.00,32:c5:99:9d:b8:94
1783338973.5,33.70,-6.25,-65.00,45.00,195.00,32:c5:99:9d:b8:94
1783338976.5,33.70,-6.25,-65.00,45.00,195.00,32:c5:99:9d:b8:94
1783338979.5,33.70,-6.25,-66.00,44.00,195.00,32:c5:99:9d:b8:94
1783338982.5,33.70,-6.25,-66.00,44.00,195.00,32:c5:99:9d:b8:94
1783338985.5,33.70,-6.25,-63.00,47.00,195.00,32:c5:99:9d:b8:94
1783338988.5,33.70,-6.25,-65.00,45.00,195.00,32:c5:99:9d:b8:94
1783338991.5,33.70,-6.25,-63.00,47.00,195.00,32:c5:99:9d:b8:94
1783338994.5,33.70,-6.25,-67.00,43.00,195.00,32:c5:99:9d:b8:94
1783338997.5,33.70,-6.25,-65.00,45.00,195.00,32:c5:99:9d:b8:94
1783339000.5,33.70,-6.25,-63.00,47.00,195.00,32:c5:99:9d:b8:94
1783339003.5,33.70,-6.25,-63.00,47.00,195.00,32:c5:99:9d:b8:94
1783339006.5,33.70,-6.25,-66.00,44.00,195.00,32:c5:99:9d:b8:94
1783339009.5,33.70,-6.25,-66.00,44.00,195.00,32:c5:99:9d:b8:94
1783339012.5,33.70,-6.25,-64.00,46.00,195.00,32:c5:99:9d:b8:94
1783339015.5,33.70,-6.25,-64.00,46.00,195.00,32:c5:99:9d:b8:94
1783339018.5,33.70,-6.25,-64.00,46.00,195.00,32:c5:99:9d:b8:94
1783339021.5,33.70,-6.25,-65.00,45.00,195.00,32:c5:99:9d:b8:94
1783339024.5,33.70,-6.25,-65.00,45.00,195.00,32:c5:99:9d:b8:94
1783339027.5,33.70,-6.25,-65.00,45.00,195.00,32:c5:99:9d:b8:94
1783339030.5,33.70,-6.25,-65.00,45.00,195.00,32:c5:99:9d:b8:94
1783339033.5,33.70,-6.25,-65.00,45.00,195.00,32:c5:99:9d:b8:94
1783339036.5,33.70,-6.25,-64.00,46.00,195.00,32:c5:99:9d:b8:94
1783339039.5,33.70,-6.25,-65.00,45.00,195.00,32:c5:99:9d:b8:94
1783339042.5,33.70,-6.25,-64.00,46.00,195.00,32:c5:99:9d:b8:94
1783339045.5,33.70,-6.25,-64.00,46.00,195.00,32:c5:99:9d:b8:94
1783339048.5,33.70,-6.25,-66.00,44.00,195.00,32:c5:99:9d:b8:94
1783339051.5,33.70,-6.25,-63.00,47.00,195.00,32:c5:99:9d:b8:94
1783339054.5,33.70,-6.25,-65.00,45.00,195.00,32:c5:99:9d:b8:94
1783339057.5,33.70,-6.25,-64.00,46.00,195.00,32:c5:99:9d:b8:94
1783339060.5,33.70,-6.25,-65.00,45.00,195.00,32:c5:99:9d:b8:94
1783339063.5,33.70,-6.25,-63.00,47.00,195.00,32:c5:99:9d:b8:94
1783339066.5,33.70,-6.25,-64.00,46.00,195.00,32:c5:99:9d:b8:94
1783339069.5,33.70,-6.25,-65.00,45.00,195.00,32:c5:99:9d:b8:94
1783339072.5,33.70,-6.25,-64.00,46.00,195.00,32:c5:99:9d:b8:94
1783339075.5,33.70,-6.25,-65.00,45.00,195.00,32:c5:99:9d:b8:94
1783339078.5,33.70,-6.25,-65.00,45.00,195.00,32:c5:99:9d:b8:94
1783339081.5,33.70,-6.25,-64.00,46.00,195.00,32:c5:99:9d:b8:94
1783339084.5,33.70,-6.25,-64.00,46.00,195.00,32:c5:99:9d:b8:94
1783339087.5,33.70,-6.25,-66.00,44.00,195.00,32:c5:99:9d:b8:94
1783339090.5,33.70,-6.25,-64.00,46.00,195.00,32:c5:99:9d:b8:94
1783339093.5,33.70,-6.25,-66.00,44.00,195.00,32:c5:99:9d:b8:94
1783339096.5,33.70,-6.25,-67.00,43.00,195.00,32:c5:99:9d:b8:94
1783339099.5,33.70,-6.25,-65.00,45.00,195.00,32:c5:99:9d:b8:94
1783339102.5,33.70,-6.25,-65.00,45.00,195.00,32:c5:99:9d:b8:94
1783339105.5,33.70,-6.25,-66.00,44.00,195.00,32:c5:99:9d:b8:94
1783339108.5,33.70,-6.25,-67.00,43.00,195.00,32:c5:99:9d:b8:94
1783339111.5,33.70,-6.25,-66.00,44.00,195.00,32:c5:99:9d:b8:94
1783339114.5,33.70,-6.25,-63.00,47.00,195.00,32:c5:99:9d:b8:94
1783339117.5,33.70,-6.25,-65.00,45.00,195.00,32:c5:99:9d:b8:94
1783339120.5,33.70,-6.25,-66.00,44.00,195.00,32:c5:99:9d:b8:94
1783339123.5,33.70,-6.25,-65.00,45.00,195.00,32:c5:99:9d:b8:94
1783339126.5,33.70,-6.25,-64.00,46.00,195.00,32:c5:99:9d:b8:94
1783339129.5,33.70,-6.25,-65.00,45.00,175.50,32:c5:99:9d:b8:94
1783339132.5,33.70,-6.25,-64.00,46.00,195.00,32:c5:99:9d:b8:94
1783339135.5,33.70,-6.25,-65.00,45.00,195.00,32:c5:99:9d:b8:94
1783339138.5,33.70,-6.25,-64.00,46.00,195.00,32:c5:99:9d:b8:94
1783339141.5,33.70,-6.25,-64.00,46.00,195.00,32:c5:99:9d:b8:94
1783339144.5,33.70,-6.25,-64.00,46.00,195.00,32:c5:99:9d:b8:94
1783339147.5,33.70,-6.25,-64.00,46.00,195.00,32:c5:99:9d:b8:94
1783339150.5,33.70,-6.25,-66.00,44.00,195.00,32:c5:99:9d:b8:94
1783339153.5,33.70,-6.25,-65.00,45.00,195.00,32:c5:99:9d:b8:94
1783339156.5,33.70,-6.25,-65.00,45.00,175.50,32:c5:99:9d:b8:94
1783339159.5,33.70,-6.25,-65.00,45.00,195.00,32:c5:99:9d:b8:94
1783339162.5,33.70,-6.25,-65.00,45.00,195.00,32:c5:99:9d:b8:94
1783339165.5,33.70,-6.25,-64.00,46.00,175.50,32:c5:99:9d:b8:94
1783339168.5,33.70,-6.25,-65.00,45.00,195.00,32:c5:99:9d:b8:94
1783339171.5,33.70,-6.25,-66.00,44.00,195.00,32:c5:99:9d:b8:94
1783339174.5,33.70,-6.25,-66.00,44.00,175.50,32:c5:99:9d:b8:94
1783339177.5,33.70,-6.25,-64.00,46.00,234.00,32:c5:99:9d:b8:94
1783339180.5,33.70,-6.25,-64.00,46.00,195.00,32:c5:99:9d:b8:94
1783339183.5,33.70,-6.25,-66.00,44.00,195.00,32:c5:99:9d:b8:94
1783339186.5,33.70,-6.25,-66.00,44.00,175.50,32:c5:99:9d:b8:94
1783339189.5,33.70,-6.25,-65.00,45.00,175.50,32:c5:99:9d:b8:94
1783339192.5,33.70,-6.25,-66.00,44.00,195.00,32:c5:99:9d:b8:94
1783339195.5,33.70,-6.25,-65.00,45.00,195.00,32:c5:99:9d:b8:94
1783339198.5,33.70,-6.25,-65.00,45.00,195.00,32:c5:99:9d:b8:94
1783339201.5,33.70,-6.25,-65.00,45.00,195.00,32:c5:99:9d:b8:94
1783339204.5,33.70,-6.25,-64.00,46.00,195.00,32:c5:99:9d:b8:94
1783339207.5,33.70,-6.25,-64.00,46.00,195.00,32:c5:99:9d:b8:94
1783339210.5,33.70,-6.25,-63.00,47.00,195.00,32:c5:99:9d:b8:94
1783339213.5,33.70,-6.25,-64.00,46.00,195.00,32:c5:99:9d:b8:94
1783339216.5,33.70,-6.25,-66.00,44.00,195.00,32:c5:99:9d:b8:94
1783339219.5,33.70,-6.25,-66.00,44.00,195.00,32:c5:99:9d:b8:94
1783339222.5,33.70,-6.25,-65.00,45.00,195.00,32:c5:99:9d:b8:94
1783339225.5,33.70,-6.25,-66.00,44.00,195.00,32:c5:99:9d:b8:94
1783339228.5,33.70,-6.25,-66.00,44.00,195.00,32:c5:99:9d:b8:94
1783339231.5,33.70,-6.25,-66.00,44.00,195.00,32:c5:99:9d:b8:94
1783339234.5,33.70,-6.25,-66.00,44.00,195.00,32:c5:99:9d:b8:94
1783339237.5,33.70,-6.25,-67.00,43.00,195.00,32:c5:99:9d:b8:94
1783339240.5,33.70,-6.25,-66.00,44.00,195.00,32:c5:99:9d:b8:94
1783339243.5,33.70,-6.25,-66.00,44.00,195.00,32:c5:99:9d:b8:94
1783339246.5,33.70,-6.25,-64.00,46.00,195.00,32:c5:99:9d:b8:94
1783339249.5,33.70,-6.25,-65.00,45.00,195.00,32:c5:99:9d:b8:94
1783339252.5,33.70,-6.25,-65.00,45.00,195.00,32:c5:99:9d:b8:94
1783339255.5,33.70,-6.25,-65.00,45.00,195.00,32:c5:99:9d:b8:94
1783339258.5,33.70,-6.25,-64.00,46.00,195.00,32:c5:99:9d:b8:94
1783339261.5,33.70,-6.25,-64.00,46.00,195.00,32:c5:99:9d:b8:94
1783339264.5,33.70,-6.25,-65.00,45.00,195.00,32:c5:99:9d:b8:94
1783339267.5,33.70,-6.25,-65.00,45.00,195.00,32:c5:99:9d:b8:94
1783339270.5,33.70,-6.25,-65.00,45.00,195.00,32:c5:99:9d:b8:94
1783339273.5,33.70,-6.25,-66.00,44.00,195.00,32:c5:99:9d:b8:94
1783339276.5,33.70,-6.25,-64.00,46.00,195.00,32:c5:99:9d:b8:94
1783339279.5,33.70,-6.25,-65.00,45.00,195.00,32:c5:99:9d:b8:94
1783339282.5,33.70,-6.25,-66.00,44.00,195.00,32:c5:99:9d:b8:94
1783339285.5,33.70,-6.25,-65.00,45.00,195.00,32:c5:99:9d:b8:94
1783339288.5,33.70,-6.25,-65.00,45.00,195.00,32:c5:99:9d:b8:94
1783339291.5,33.70,-6.25,-63.00,47.00,195.00,32:c5:99:9d:b8:94
1783339294.5,33.70,-6.25,-64.00,46.00,195.00,32:c5:99:9d:b8:94
1783339297.5,33.70,-6.25,-65.00,45.00,195.00,32:c5:99:9d:b8:94
1783339300.5,33.70,-6.25,-65.00,45.00,195.00,32:c5:99:9d:b8:94
1783339303.5,33.70,-6.25,-66.00,44.00,195.00,32:c5:99:9d:b8:94
1783339306.5,33.70,-6.25,-65.00,45.00,195.00,32:c5:99:9d:b8:94
1783339309.5,33.70,-6.25,-65.00,45.00,195.00,32:c5:99:9d:b8:94
1783339312.5,33.70,-6.25,-66.00,44.00,195.00,32:c5:99:9d:b8:94
1783339315.5,33.70,-6.25,-66.00,44.00,195.00,32:c5:99:9d:b8:94
1783339318.5,33.70,-6.25,-66.00,44.00,195.00,32:c5:99:9d:b8:94
1783339321.5,33.70,-6.25,-64.00,46.00,195.00,32:c5:99:9d:b8:94
1783339324.5,33.70,-6.25,-65.00,45.00,195.00,32:c5:99:9d:b8:94
1783339327.5,33.70,-6.25,-66.00,44.00,195.00,32:c5:99:9d:b8:94
1783339330.5,33.70,-6.25,-65.00,45.00,195.00,32:c5:99:9d:b8:94
1783339333.5,33.70,-6.25,-66.00,44.00,195.00,32:c5:99:9d:b8:94
1783339336.5,33.70,-6.25,-65.00,45.00,195.00,32:c5:99:9d:b8:94
1783339339.5,33.70,-6.25,-65.00,45.00,195.00,32:c5:99:9d:b8:94
1783339342.5,33.70,-6.25,-65.00,45.00,195.00,32:c5:99:9d:b8:94
1783339345.5,33.70,-6.25,-65.00,45.00,195.00,32:c5:99:9d:b8:94
1783339348.5,33.70,-6.25,-64.00,46.00,195.00,32:c5:99:9d:b8:94
1783339351.5,33.70,-6.25,-66.00,44.00,195.00,32:c5:99:9d:b8:94
1783339354.5,33.70,-6.25,-66.00,44.00,195.00,32:c5:99:9d:b8:94
1783339357.5,33.70,-6.25,-66.00,44.00,195.00,32:c5:99:9d:b8:94
1783339360.5,33.70,-6.25,-65.00,45.00,195.00,32:c5:99:9d:b8:94
1783339363.5,33.70,-6.25,-65.00,45.00,195.00,32:c5:99:9d:b8:94
1783339366.5,33.70,-6.25,-65.00,45.00,195.00,32:c5:99:9d:b8:94
1783339369.5,33.70,-6.25,-65.00,45.00,195.00,32:c5:99:9d:b8:94
1783339372.5,33.70,-6.25,-64.00,46.00,195.00,32:c5:99:9d:b8:94
1783339375.5,33.70,-6.25,-64.00,46.00,195.00,32:c5:99:9d:b8:94
1783339378.5,33.70,-6.25,-64.00,46.00,195.00,32:c5:99:9d:b8:94
1783339381.5,33.70,-6.25,-64.00,46.00,195.00,32:c5:99:9d:b8:94
1783339384.5,33.70,-6.25,-65.00,45.00,195.00,32:c5:99:9d:b8:94
1783339387.5,33.70,-6.25,-66.00,44.00,175.50,32:c5:99:9d:b8:94
1783339390.5,33.70,-6.25,-65.00,45.00,195.00,32:c5:99:9d:b8:94
1783339393.5,33.70,-6.25,-65.00,45.00,195.00,32:c5:99:9d:b8:94
1783339396.5,33.70,-6.25,-65.00,45.00,195.00,32:c5:99:9d:b8:94
1783339399.5,33.70,-6.25,-65.00,45.00,195.00,32:c5:99:9d:b8:94
1783339402.5,33.70,-6.25,-65.00,45.00,195.00,32:c5:99:9d:b8:94
1783339405.5,33.70,-6.25,-65.00,45.00,195.00,32:c5:99:9d:b8:94
1783339408.5,33.70,-6.25,-65.00,45.00,195.00,32:c5:99:9d:b8:94
1783339411.5,33.70,-6.25,-66.00,44.00,195.00,32:c5:99:9d:b8:94
1783339414.5,33.70,-6.25,-65.00,45.00,260.00,32:c5:99:9d:b8:94
1783339417.5,33.70,-6.25,-65.00,45.00,195.00,32:c5:99:9d:b8:94
1783339420.5,33.70,-6.25,-65.00,45.00,195.00,32:c5:99:9d:b8:94
1783339423.5,33.70,-6.25,-66.00,44.00,234.00,32:c5:99:9d:b8:94
1783339426.5,33.70,-6.25,-65.00,45.00,175.50,32:c5:99:9d:b8:94
1783339429.5,33.70,-6.25,-65.00,45.00,195.00,32:c5:99:9d:b8:94
1783339432.5,33.70,-6.25,-65.00,45.00,175.50,32:c5:99:9d:b8:94
1783339435.5,33.70,-6.25,-64.00,46.00,195.00,32:c5:99:9d:b8:94
1783339438.5,33.70,-6.25,-65.00,45.00,195.00,32:c5:99:9d:b8:94
1783339441.5,33.70,-6.25,-65.00,45.00,195.00,32:c5:99:9d:b8:94
1783339444.5,33.70,-6.25,-66.00,44.00,175.50,32:c5:99:9d:b8:94
1783339447.5,33.70,-6.25,-65.00,45.00,195.00,32:c5:99:9d:b8:94
1783339450.5,33.70,-6.25,-66.00,44.00,195.00,32:c5:99:9d:b8:94
1783339453.5,33.70,-6.25,-66.00,44.00,195.00,32:c5:99:9d:b8:94
1783339456.5,33.70,-6.25,-66.00,44.00,195.00,32:c5:99:9d:b8:94
1783339459.5,33.70,-6.25,-65.00,45.00,195.00,32:c5:99:9d:b8:94
1783339462.5,33.70,-6.25,-64.00,46.00,234.00,32:c5:99:9d:b8:94
1783339465.5,33.70,-6.25,-66.00,44.00,195.00,32:c5:99:9d:b8:94
1783339468.5,33.70,-6.25,-65.00,45.00,195.00,32:c5:99:9d:b8:94
1783339471.5,33.70,-6.25,-66.00,44.00,195.00,32:c5:99:9d:b8:94
1783339474.5,33.70,-6.25,-66.00,44.00,195.00,32:c5:99:9d:b8:94
1783339477.5,33.70,-6.25,-66.00,44.00,195.00,32:c5:99:9d:b8:94
1783339480.5,33.70,-6.25,-66.00,44.00,195.00,32:c5:99:9d:b8:94
1783339483.5,33.70,-6.25,-66.00,44.00,195.00,32:c5:99:9d:b8:94
1783339486.5,33.70,-6.25,-64.00,46.00,195.00,32:c5:99:9d:b8:94
1783339489.5,33.70,-6.25,-65.00,45.00,195.00,32:c5:99:9d:b8:94
1783339492.5,33.70,-6.25,-65.00,45.00,195.00,32:c5:99:9d:b8:94
1783339495.5,33.70,-6.25,-66.00,44.00,195.00,32:c5:99:9d:b8:94
1783339498.5,33.70,-6.25,-64.00,46.00,195.00,32:c5:99:9d:b8:94
1783339501.5,33.70,-6.25,-65.00,45.00,195.00,32:c5:99:9d:b8:94
1783339504.5,33.70,-6.25,-66.00,44.00,195.00,32:c5:99:9d:b8:94
1783339507.5,33.70,-6.25,-65.00,45.00,195.00,32:c5:99:9d:b8:94
1783339510.5,33.70,-6.25,-66.00,44.00,195.00,32:c5:99:9d:b8:94
1783339513.5,33.70,-6.25,-65.00,45.00,195.00,32:c5:99:9d:b8:94
1783339516.5,33.70,-6.25,-64.00,46.00,195.00,32:c5:99:9d:b8:94
1783339519.5,33.70,-6.25,-64.00,46.00,195.00,32:c5:99:9d:b8:94
1783339522.5,33.70,-6.25,-65.00,45.00,195.00,32:c5:99:9d:b8:94
1783339525.5,33.70,-6.25,-65.00,45.00,195.00,32:c5:99:9d:b8:94
1783339528.5,33.70,-6.25,-66.00,44.00,195.00,32:c5:99:9d:b8:94
1783339531.5,33.70,-6.25,-65.00,45.00,195.00,32:c5:99:9d:b8:94
1783339534.5,33.70,-6.25,-67.00,43.00,195.00,32:c5:99:9d:b8:94
1783339537.5,33.70,-6.25,-65.00,45.00,195.00,32:c5:99:9d:b8:94
1783339540.5,33.70,-6.25,-65.00,45.00,195.00,32:c5:99:9d:b8:94
1783339543.5,33.70,-6.25,-66.00,44.00,195.00,32:c5:99:9d:b8:94
1783339546.5,33.70,-6.25,-65.00,45.00,195.00,32:c5:99:9d:b8:94
1783339549.5,33.70,-6.25,-66.00,44.00,195.00,32:c5:99:9d:b8:94
1783339552.5,33.70,-6.25,-63.00,47.00,195.00,32:c5:99:9d:b8:94
1783339555.5,33.70,-6.25,-66.00,44.00,195.00,32:c5:99:9d:b8:94
1783339558.5,33.70,-6.25,-64.00,46.00,195.00,32:c5:99:9d:b8:94
1783339561.5,33.70,-6.25,-65.00,45.00,195.00,32:c5:99:9d:b8:94
1783339564.5,33.70,-6.25,-65.00,45.00,195.00,32:c5:99:9d:b8:94
1783339567.5,33.70,-6.25,-64.00,46.00,175.50,32:c5:99:9d:b8:94
1783339570.5,33.70,-6.25,-64.00,46.00,195.00,32:c5:99:9d:b8:94
1783339573.5,33.70,-6.25,-63.00,47.00,195.00,32:c5:99:9d:b8:94
1783339576.5,33.70,-6.25,-66.00,44.00,195.00,32:c5:99:9d:b8:94
1783339579.5,33.70,-6.25,-66.00,44.00,195.00,32:c5:99:9d:b8:94
1783339582.5,33.70,-6.25,-67.00,43.00,195.00,32:c5:99:9d:b8:94
1783339585.5,33.70,-6.25,-66.00,44.00,195.00,32:c5:99:9d:b8:94
1783339588.5,33.70,-6.25,-64.00,46.00,195.00,32:c5:99:9d:b8:94
1783339591.5,33.70,-6.25,-66.00,44.00,195.00,32:c5:99:9d:b8:94
1783339594.5,33.70,-6.25,-66.00,44.00,195.00,32:c5:99:9d:b8:94
1783339597.5,33.70,-6.25,-65.00,45.00,175.50,32:c5:99:9d:b8:94
1783339600.5,33.70,-6.25,-67.00,43.00,195.00,32:c5:99:9d:b8:94
1783339603.5,33.70,-6.25,-64.00,46.00,195.00,32:c5:99:9d:b8:94
1783339606.5,33.70,-6.25,-65.00,45.00,195.00,32:c5:99:9d:b8:94
1783339609.5,33.70,-6.25,-65.00,45.00,195.00,32:c5:99:9d:b8:94
1783339612.5,33.70,-6.25,-67.00,43.00,195.00,32:c5:99:9d:b8:94
1783339615.5,33.70,-6.25,-66.00,44.00,195.00,32:c5:99:9d:b8:94
1783339618.5,33.70,-6.25,-66.00,44.00,195.00,32:c5:99:9d:b8:94
1783339621.5,33.70,-6.25,-64.00,46.00,195.00,32:c5:99:9d:b8:94
1783339624.5,33.70,-6.25,-64.00,46.00,195.00,32:c5:99:9d:b8:94
1783339627.5,33.70,-6.25,-64.00,46.00,195.00,32:c5:99:9d:b8:94
1783339630.5,33.70,-6.25,-64.00,46.00,195.00,32:c5:99:9d:b8:94
1783339633.5,33.70,-6.25,-66.00,44.00,195.00,32:c5:99:9d:b8:94
1783339636.5,33.70,-6.25,-64.00,46.00,195.00,32:c5:99:9d:b8:94
1783339639.5,33.70,-6.25,-63.00,47.00,195.00,32:c5:99:9d:b8:94
1783339642.5,33.70,-6.25,-66.00,44.00,195.00,32:c5:99:9d:b8:94
1783339645.5,33.70,-6.25,-62.00,48.00,195.00,32:c5:99:9d:b8:94
1783339648.5,33.70,-6.25,-65.00,45.00,195.00,32:c5:99:9d:b8:94
1783339651.5,33.70,-6.25,-65.00,45.00,195.00,32:c5:99:9d:b8:94
1783339654.5,33.70,-6.25,-65.00,45.00,195.00,32:c5:99:9d:b8:94
1783339657.5,33.70,-6.25,-65.00,45.00,195.00,32:c5:99:9d:b8:94
1783339660.5,33.70,-6.25,-66.00,44.00,195.00,32:c5:99:9d:b8:94
1783339663.5,33.70,-6.25,-65.00,45.00,195.00,32:c5:99:9d:b8:94
1783339666.5,33.70,-6.25,-65.00,45.00,195.00,32:c5:99:9d:b8:94
1783339669.5,33.70,-6.25,-66.00,44.00,195.00,32:c5:99:9d:b8:94
1783339672.5,33.70,-6.25,-66.00,44.00,195.00,32:c5:99:9d:b8:94
1783339675.5,33.70,-6.25,-65.00,45.00,195.00,32:c5:99:9d:b8:94
1783339678.5,33.70,-6.25,-65.00,45.00,195.00,32:c5:99:9d:b8:94
1783339681.5,33.70,-6.25,-64.00,46.00,195.00,32:c5:99:9d:b8:94
1783339684.5,33.70,-6.25,-65.00,45.00,195.00,32:c5:99:9d:b8:94
1783339687.5,33.70,-6.25,-63.00,47.00,195.00,32:c5:99:9d:b8:94
1783339690.5,33.70,-6.25,-66.00,44.00,195.00,32:c5:99:9d:b8:94
1783339693.5,33.70,-6.25,-65.00,45.00,175.50,32:c5:99:9d:b8:94
1783339696.5,33.70,-6.25,-64.00,46.00,195.00,32:c5:99:9d:b8:94
1783339699.5,33.70,-6.25,-65.00,45.00,195.00,32:c5:99:9d:b8:94
1783339702.5,33.70,-6.25,-66.00,44.00,195.00,32:c5:99:9d:b8:94
1783339705.5,33.70,-6.25,-65.00,45.00,195.00,32:c5:99:9d:b8:94
1783339708.5,33.70,-6.25,-65.00,45.00,195.00,32:c5:99:9d:b8:94
1783339711.5,33.70,-6.25,-65.00,45.00,195.00,32:c5:99:9d:b8:94
1783339714.5,33.70,-6.25,-66.00,44.00,195.00,32:c5:99:9d:b8:94
1783339717.5,33.70,-6.25,-64.00,46.00,195.00,32:c5:99:9d:b8:94
1783339720.5,33.70,-6.25,-66.00,44.00,195.00,32:c5:99:9d:b8:94
1783339723.5,33.70,-6.25,-64.00,46.00,195.00,32:c5:99:9d:b8:94
1783339726.5,33.70,-6.25,-66.00,44.00,195.00,32:c5:99:9d:b8:94
1783339729.5,33.70,-6.25,-66.00,44.00,195.00,32:c5:99:9d:b8:94
1783339732.5,33.70,-6.25,-65.00,45.00,195.00,32:c5:99:9d:b8:94
1783339735.5,33.70,-6.25,-66.00,44.00,195.00,32:c5:99:9d:b8:94
1783339738.5,33.70,-6.25,-66.00,44.00,195.00,32:c5:99:9d:b8:94
1783339741.5,33.70,-6.25,-65.00,45.00,195.00,32:c5:99:9d:b8:94
1783339744.5,33.70,-6.25,-67.00,43.00,195.00,32:c5:99:9d:b8:94
1783339747.5,33.70,-6.25,-66.00,44.00,195.00,32:c5:99:9d:b8:94
1783339750.5,33.70,-6.25,-65.00,45.00,195.00,32:c5:99:9d:b8:94
1783339753.5,33.70,-6.25,-66.00,44.00,195.00,32:c5:99:9d:b8:94
1783339756.5,33.70,-6.25,-65.00,45.00,175.50,32:c5:99:9d:b8:94
1783339759.5,33.70,-6.25,-64.00,46.00,195.00,32:c5:99:9d:b8:94
1783339762.5,33.70,-6.25,-65.00,45.00,195.00,32:c5:99:9d:b8:94
1783339765.5,33.70,-6.25,-65.00,45.00,195.00,32:c5:99:9d:b8:94
1783339768.5,33.70,-6.25,-66.00,44.00,195.00,32:c5:99:9d:b8:94
1783339771.5,33.70,-6.25,-65.00,45.00,195.00,32:c5:99:9d:b8:94
1783339774.5,33.70,-6.25,-66.00,44.00,195.00,32:c5:99:9d:b8:94
1783339777.5,33.70,-6.25,-65.00,45.00,195.00,32:c5:99:9d:b8:94
1783339780.5,33.70,-6.25,-64.00,46.00,195.00,32:c5:99:9d:b8:94
1783339783.5,33.70,-6.25,-65.00,45.00,175.50,32:c5:99:9d:b8:94
1783339786.5,33.70,-6.25,-66.00,44.00,195.00,32:c5:99:9d:b8:94
1783339789.5,33.70,-6.25,-64.00,46.00,195.00,32:c5:99:9d:b8:94
1783339792.5,33.70,-6.25,-66.00,44.00,195.00,32:c5:99:9d:b8:94
1783339795.5,33.70,-6.25,-64.00,46.00,195.00,32:c5:99:9d:b8:94
1783339798.5,33.70,-6.25,-63.00,47.00,195.00,32:c5:99:9d:b8:94
1783339801.5,33.70,-6.25,-66.00,44.00,195.00,32:c5:99:9d:b8:94
1783339804.5,33.70,-6.25,-64.00,46.00,195.00,32:c5:99:9d:b8:94
1783339807.5,33.70,-6.25,-64.00,46.00,195.00,32:c5:99:9d:b8:94
1783339810.5,33.70,-6.25,-64.00,46.00,195.00,32:c5:99:9d:b8:94
1783339813.5,33.70,-6.25,-65.00,45.00,195.00,32:c5:99:9d:b8:94
1783339816.5,33.70,-6.25,-63.00,47.00,195.00,32:c5:99:9d:b8:94
1783339819.5,33.70,-6.25,-65.00,45.00,195.00,32:c5:99:9d:b8:94
1783339822.5,33.70,-6.25,-65.00,45.00,195.00,32:c5:99:9d:b8:94
1783339825.5,33.70,-6.25,-66.00,44.00,195.00,32:c5:99:9d:b8:94
1783339828.5,33.70,-6.25,-65.00,45.00,195.00,32:c5:99:9d:b8:94
1783339831.5,33.70,-6.25,-66.00,44.00,175.50,32:c5:99:9d:b8:94
1783339834.5,33.70,-6.25,-65.00,45.00,195.00,32:c5:99:9d:b8:94
1783339837.5,33.70,-6.25,-65.00,45.00,195.00,32:c5:99:9d:b8:94
1783339840.5,33.70,-6.25,-64.00,46.00,195.00,32:c5:99:9d:b8:94
1783339843.5,33.70,-6.25,-65.00,45.00,195.00,32:c5:99:9d:b8:94
1783339846.5,33.70,-6.25,-64.00,46.00,195.00,32:c5:99:9d:b8:94
1783339849.5,33.70,-6.25,-64.00,46.00,195.00,32:c5:99:9d:b8:94
1783339852.5,33.70,-6.25,-65.00,45.00,195.00,32:c5:99:9d:b8:94
1783339855.5,33.70,-6.25,-65.00,45.00,195.00,32:c5:99:9d:b8:94
1783339858.5,33.70,-6.25,-66.00,44.00,195.00,32:c5:99:9d:b8:94
1783339861.5,33.70,-6.25,-66.00,44.00,195.00,32:c5:99:9d:b8:94
1783339864.5,33.70,-6.25,-66.00,44.00,195.00,32:c5:99:9d:b8:94
1783339867.5,33.70,-6.25,-65.00,45.00,195.00,32:c5:99:9d:b8:94
1783339870.5,33.70,-6.25,-65.00,45.00,195.00,32:c5:99:9d:b8:94
1783339873.5,33.70,-6.25,-66.00,44.00,195.00,32:c5:99:9d:b8:94
1783339876.5,33.70,-6.25,-66.00,44.00,195.00,32:c5:99:9d:b8:94
1783339879.5,33.70,-6.25,-65.00,45.00,195.00,32:c5:99:9d:b8:94
1783339882.5,33.70,-6.25,-65.00,45.00,195.00,32:c5:99:9d:b8:94
1783339885.5,33.70,-6.25,-65.00,45.00,195.00,32:c5:99:9d:b8:94
1783339888.5,33.70,-6.25,-65.00,45.00,195.00,32:c5:99:9d:b8:94
1783339891.5,33.70,-6.25,-65.00,45.00,195.00,32:c5:99:9d:b8:94
1783339894.5,33.70,-6.25,-66.00,44.00,195.00,32:c5:99:9d:b8:94
1783339897.5,33.70,-6.25,-65.00,45.00,175.50,32:c5:99:9d:b8:94
1783339900.5,33.70,-6.25,-65.00,45.00,195.00,32:c5:99:9d:b8:94
1783339903.5,33.70,-6.25,-67.00,43.00,195.00,32:c5:99:9d:b8:94
1783339906.5,33.70,-6.25,-65.00,45.00,195.00,32:c5:99:9d:b8:94
1783339909.5,33.70,-6.25,-66.00,44.00,195.00,32:c5:99:9d:b8:94
1783339912.5,33.70,-6.25,-65.00,45.00,195.00,32:c5:99:9d:b8:94
1783339915.5,33.70,-6.25,-66.00,44.00,195.00,32:c5:99:9d:b8:94
1783339918.5,33.70,-6.25,-62.00,48.00,195.00,32:c5:99:9d:b8:94
1783339921.5,33.70,-6.25,-62.00,48.00,195.00,32:c5:99:9d:b8:94
1783339924.5,33.70,-6.25,-65.00,45.00,195.00,32:c5:99:9d:b8:94
1783339927.5,33.70,-6.25,-65.00,45.00,175.50,32:c5:99:9d:b8:94
1783339930.5,33.70,-6.25,-65.00,45.00,234.00,32:c5:99:9d:b8:94
1783339933.5,33.70,-6.25,-64.00,46.00,234.00,32:c5:99:9d:b8:94
1783339936.5,33.70,-6.25,-62.00,48.00,234.00,32:c5:99:9d:b8:94
1783339939.5,33.70,-6.25,-64.00,46.00,234.00,32:c5:99:9d:b8:94
1783339942.5,33.70,-6.25,-63.00,47.00,195.00,32:c5:99:9d:b8:94
1783339945.5,33.70,-6.25,-66.00,44.00,175.50,32:c5:99:9d:b8:94
1783339948.5,33.70,-6.25,-64.00,46.00,175.50,32:c5:99:9d:b8:94
1783339951.5,33.70,-6.25,-64.00,46.00,195.00,32:c5:99:9d:b8:94
1783339954.5,33.70,-6.25,-64.00,46.00,195.00,32:c5:99:9d:b8:94
1783339957.5,33.70,-6.25,-63.00,47.00,195.00,32:c5:99:9d:b8:94
1783339960.5,33.70,-6.25,-65.00,45.00,175.50,32:c5:99:9d:b8:94
1783339963.5,33.70,-6.25,-65.00,45.00,195.00,32:c5:99:9d:b8:94
1783339966.5,33.70,-6.25,-64.00,46.00,195.00,32:c5:99:9d:b8:94
1783339969.5,33.70,-6.25,-64.00,46.00,195.00,32:c5:99:9d:b8:94
1783339972.5,33.70,-6.25,-64.00,46.00,195.00,32:c5:99:9d:b8:94
1783339975.5,33.70,-6.25,-64.00,46.00,195.00,32:c5:99:9d:b8:94
1783339978.5,33.70,-6.25,-65.00,45.00,195.00,32:c5:99:9d:b8:94
1783339981.5,33.70,-6.25,-64.00,46.00,195.00,32:c5:99:9d:b8:94
1783339984.5,33.70,-6.25,-64.00,46.00,195.00,32:c5:99:9d:b8:94
1783339987.5,33.70,-6.25,-64.00,46.00,195.00,32:c5:99:9d:b8:94
1783339990.5,33.70,-6.25,-66.00,44.00,195.00,32:c5:99:9d:b8:94
1783339993.5,33.70,-6.25,-64.00,46.00,195.00,32:c5:99:9d:b8:94
1783339996.5,33.70,-6.25,-66.00,44.00,195.00,32:c5:99:9d:b8:94
1783339999.5,33.70,-6.25,-65.00,45.00,175.50,32:c5:99:9d:b8:94
1783340002.5,33.70,-6.25,-64.00,46.00,195.00,32:c5:99:9d:b8:94
1783340005.5,33.70,-6.25,-66.00,44.00,195.00,32:c5:99:9d:b8:94
1783340008.5,33.70,-6.25,-64.00,46.00,175.50,32:c5:99:9d:b8:94
1783340011.5,33.70,-6.25,-63.00,47.00,195.00,32:c5:99:9d:b8:94
1783340014.5,33.70,-6.25,-65.00,45.00,195.00,32:c5:99:9d:b8:94
1783340017.5,33.70,-6.25,-64.00,46.00,195.00,32:c5:99:9d:b8:94
1783340020.5,33.70,-6.25,-66.00,44.00,195.00,32:c5:99:9d:b8:94
1783340023.5,33.70,-6.25,-65.00,45.00,195.00,32:c5:99:9d:b8:94
1783340026.5,33.70,-6.25,-66.00,44.00,195.00,32:c5:99:9d:b8:94
1783340029.5,33.70,-6.25,-65.00,45.00,195.00,32:c5:99:9d:b8:94
1783340032.5,33.70,-6.25,-66.00,44.00,195.00,32:c5:99:9d:b8:94
1783340035.5,33.70,-6.25,-64.00,46.00,195.00,32:c5:99:9d:b8:94
1783340038.5,33.70,-6.25,-67.00,43.00,195.00,32:c5:99:9d:b8:94
1783340041.5,33.70,-6.25,-65.00,45.00,260.00,32:c5:99:9d:b8:94
1783340044.5,33.70,-6.25,-65.00,45.00,260.00,32:c5:99:9d:b8:94
1783340047.5,33.70,-6.25,-65.00,45.00,260.00,32:c5:99:9d:b8:94
1783340050.5,33.70,-6.25,-64.00,46.00,195.00,32:c5:99:9d:b8:94
1783340053.5,33.70,-6.25,-64.00,46.00,195.00,32:c5:99:9d:b8:94
1783340056.5,33.70,-6.25,-64.00,46.00,195.00,32:c5:99:9d:b8:94
1783340059.5,33.70,-6.25,-65.00,45.00,195.00,32:c5:99:9d:b8:94
1783340062.5,33.70,-6.25,-66.00,44.00,260.00,32:c5:99:9d:b8:94
1783340065.5,33.70,-6.25,-65.00,45.00,195.00,32:c5:99:9d:b8:94
1783340068.5,33.70,-6.25,-65.00,45.00,234.00,32:c5:99:9d:b8:94
1783340071.5,33.70,-6.25,-63.00,47.00,195.00,32:c5:99:9d:b8:94
1783340074.5,33.70,-6.25,-67.00,43.00,195.00,32:c5:99:9d:b8:94
1783340077.5,33.70,-6.25,-64.00,46.00,195.00,32:c5:99:9d:b8:94
1783340080.5,33.70,-6.25,-66.00,44.00,195.00,32:c5:99:9d:b8:94
1783340083.5,33.70,-6.25,-64.00,46.00,195.00,32:c5:99:9d:b8:94
1783340086.5,33.70,-6.25,-64.00,46.00,195.00,32:c5:99:9d:b8:94
1783340089.5,33.70,-6.25,-66.00,44.00,195.00,32:c5:99:9d:b8:94
1783340092.5,33.70,-6.25,-66.00,44.00,195.00,32:c5:99:9d:b8:94
1783340095.5,33.70,-6.25,-64.00,46.00,195.00,32:c5:99:9d:b8:94
1783340098.5,33.70,-6.25,-64.00,46.00,195.00,32:c5:99:9d:b8:94
1783340101.5,33.70,-6.25,-66.00,44.00,195.00,32:c5:99:9d:b8:94
1783340104.5,33.70,-6.25,-65.00,45.00,195.00,32:c5:99:9d:b8:94
1783340107.5,33.70,-6.25,-64.00,46.00,195.00,32:c5:99:9d:b8:94
1783340110.5,33.70,-6.25,-65.00,45.00,195.00,32:c5:99:9d:b8:94
1783340113.5,33.70,-6.25,-65.00,45.00,195.00,32:c5:99:9d:b8:94
1783340116.5,33.70,-6.25,-65.00,45.00,195.00,32:c5:99:9d:b8:94
1783340119.5,33.70,-6.25,-66.00,44.00,195.00,32:c5:99:9d:b8:94
1783340122.5,33.70,-6.25,-66.00,44.00,195.00,32:c5:99:9d:b8:94
1783340125.5,33.70,-6.25,-66.00,44.00,195.00,32:c5:99:9d:b8:94
1783340128.5,33.70,-6.25,-64.00,46.00,175.50,32:c5:99:9d:b8:94
1783340131.5,33.70,-6.25,-64.00,46.00,195.00,32:c5:99:9d:b8:94
1783340134.5,33.70,-6.25,-64.00,46.00,195.00,32:c5:99:9d:b8:94
1783340137.5,33.70,-6.25,-64.00,46.00,175.50,32:c5:99:9d:b8:94
1783340140.5,33.70,-6.25,-65.00,45.00,195.00,32:c5:99:9d:b8:94
1783340143.5,33.70,-6.25,-65.00,45.00,195.00,32:c5:99:9d:b8:94
1783340146.5,33.70,-6.25,-64.00,46.00,195.00,32:c5:99:9d:b8:94
1783340149.5,33.70,-6.25,-65.00,45.00,195.00,32:c5:99:9d:b8:94
1783340152.5,33.70,-6.25,-65.00,45.00,195.00,32:c5:99:9d:b8:94
1783340155.5,33.70,-6.25,-64.00,46.00,195.00,32:c5:99:9d:b8:94
1783340158.5,33.70,-6.25,-65.00,45.00,195.00,32:c5:99:9d:b8:94
1783340161.5,33.70,-6.25,-66.00,44.00,195.00,32:c5:99:9d:b8:94
1783340164.5,33.70,-6.25,-65.00,45.00,195.00,32:c5:99:9d:b8:94
1783340167.5,33.70,-6.25,-65.00,45.00,195.00,32:c5:99:9d:b8:94
1783340170.5,33.70,-6.25,-64.00,46.00,195.00,32:c5:99:9d:b8:94
1783340173.5,33.70,-6.25,-66.00,44.00,195.00,32:c5:99:9d:b8:94
1783340176.5,33.70,-6.25,-65.00,45.00,195.00,32:c5:99:9d:b8:94
1783340179.5,33.70,-6.25,-66.00,44.00,195.00,32:c5:99:9d:b8:94
1783340182.5,33.70,-6.25,-63.00,47.00,195.00,32:c5:99:9d:b8:94
1783340185.5,33.70,-6.25,-65.00,45.00,195.00,32:c5:99:9d:b8:94
1783340188.5,33.70,-6.25,-66.00,44.00,195.00,32:c5:99:9d:b8:94
1783340191.5,33.70,-6.25,-65.00,45.00,195.00,32:c5:99:9d:b8:94
1783340194.5,33.70,-6.25,-66.00,44.00,195.00,32:c5:99:9d:b8:94
1783340197.5,33.70,-6.25,-64.00,46.00,195.00,32:c5:99:9d:b8:94
1783340200.5,33.70,-6.25,-65.00,45.00,195.00,32:c5:99:9d:b8:94
1783340203.5,33.70,-6.25,-65.00,45.00,195.00,32:c5:99:9d:b8:94
1783340206.5,33.70,-6.25,-65.00,45.00,195.00,32:c5:99:9d:b8:94
1783340209.5,33.70,-6.25,-64.00,46.00,195.00,32:c5:99:9d:b8:94
1783340212.5,33.70,-6.25,-63.00,47.00,195.00,32:c5:99:9d:b8:94
1783340215.5,33.70,-6.25,-65.00,45.00,195.00,32:c5:99:9d:b8:94
1783340218.5,33.70,-6.25,-66.00,44.00,260.00,32:c5:99:9d:b8:94
1783340221.5,33.70,-6.25,-65.00,45.00,195.00,32:c5:99:9d:b8:94
1783340224.5,33.70,-6.25,-66.00,44.00,195.00,32:c5:99:9d:b8:94
1783340227.5,33.70,-6.25,-66.00,44.00,195.00,32:c5:99:9d:b8:94
1783340230.5,33.70,-6.25,-63.00,47.00,175.50,32:c5:99:9d:b8:94
1783340233.5,33.70,-6.25,-63.00,47.00,195.00,32:c5:99:9d:b8:94
1783340236.5,33.70,-6.25,-65.00,45.00,175.50,32:c5:99:9d:b8:94
1783340239.5,33.70,-6.25,-65.00,45.00,175.50,32:c5:99:9d:b8:94
1783340242.5,33.70,-6.25,-66.00,44.00,195.00,32:c5:99:9d:b8:94
1783340245.5,33.70,-6.25,-64.00,46.00,175.50,32:c5:99:9d:b8:94
1783340248.5,33.70,-6.25,-66.00,44.00,195.00,32:c5:99:9d:b8:94
1783340251.5,33.70,-6.25,-66.00,44.00,195.00,32:c5:99:9d:b8:94
1783340254.5,33.70,-6.25,-64.00,46.00,195.00,32:c5:99:9d:b8:94
1783340257.5,33.70,-6.25,-65.00,45.00,195.00,32:c5:99:9d:b8:94
1783340260.5,33.70,-6.25,-65.00,45.00,195.00,32:c5:99:9d:b8:94
1783340263.5,33.70,-6.25,-66.00,44.00,175.50,32:c5:99:9d:b8:94
1783340266.5,33.70,-6.25,-65.00,45.00,195.00,32:c5:99:9d:b8:94
1783340269.5,33.70,-6.25,-64.00,46.00,195.00,32:c5:99:9d:b8:94
1783340272.5,33.70,-6.25,-66.00,44.00,195.00,32:c5:99:9d:b8:94
1783340275.5,33.70,-6.25,-63.00,47.00,195.00,32:c5:99:9d:b8:94
1783340278.5,33.70,-6.25,-65.00,45.00,195.00,32:c5:99:9d:b8:94
1783340281.5,33.70,-6.25,-64.00,46.00,195.00,32:c5:99:9d:b8:94
1783340284.5,33.70,-6.25,-65.00,45.00,195.00,32:c5:99:9d:b8:94
1783340287.5,33.70,-6.25,-64.00,46.00,195.00,32:c5:99:9d:b8:94
1783340290.5,33.70,-6.25,-66.00,44.00,195.00,32:c5:99:9d:b8:94
1783340293.5,33.70,-6.25,-64.00,46.00,195.00,32:c5:99:9d:b8:94
1783340296.5,33.70,-6.25,-64.00,46.00,195.00,32:c5:99:9d:b8:94
1783340299.5,33.70,-6.25,-64.00,46.00,234.00,32:c5:99:9d:b8:94
1783340302.5,33.70,-6.25,-65.00,45.00,195.00,32:c5:99:9d:b8:94
1783340305.5,33.70,-6.25,-67.00,43.00,175.50,32:c5:99:9d:b8:94
1783340308.5,33.70,-6.25,-64.00,46.00,195.00,32:c5:99:9d:b8:94
1783340311.5,33.70,-6.25,-65.00,45.00,195.00,32:c5:99:9d:b8:94
1783340314.5,33.70,-6.25,-66.00,44.00,195.00,32:c5:99:9d:b8:94
1783340317.5,33.70,-6.25,-65.00,45.00,195.00,32:c5:99:9d:b8:94
1783340320.5,33.70,-6.25,-67.00,43.00,195.00,32:c5:99:9d:b8:94
1783340323.5,33.70,-6.25,-64.00,46.00,195.00,32:c5:99:9d:b8:94
1783340326.5,33.70,-6.25,-65.00,45.00,195.00,32:c5:99:9d:b8:94
1783340329.5,33.70,-6.25,-65.00,45.00,195.00,32:c5:99:9d:b8:94
1783340332.5,33.70,-6.25,-65.00,45.00,195.00,32:c5:99:9d:b8:94
1783340335.5,33.70,-6.25,-65.00,45.00,195.00,32:c5:99:9d:b8:94
1783340338.5,33.70,-6.25,-66.00,44.00,195.00,32:c5:99:9d:b8:94
1783340341.5,33.70,-6.25,-65.00,45.00,195.00,32:c5:99:9d:b8:94
1783340344.5,33.70,-6.25,-64.00,46.00,195.00,32:c5:99:9d:b8:94
1783340347.5,33.70,-6.25,-64.00,46.00,195.00,32:c5:99:9d:b8:94
1783340350.5,33.70,-6.25,-65.00,45.00,195.00,32:c5:99:9d:b8:94
1783340353.5,33.70,-6.25,-66.00,44.00,195.00,32:c5:99:9d:b8:94
1783340356.5,33.70,-6.25,-64.00,46.00,195.00,32:c5:99:9d:b8:94
1783340359.5,33.70,-6.25,-65.00,45.00,195.00,32:c5:99:9d:b8:94
1783340362.5,33.70,-6.25,-65.00,45.00,195.00,32:c5:99:9d:b8:94
1783340365.5,33.70,-6.25,-65.00,45.00,195.00,32:c5:99:9d:b8:94
1783340368.5,33.70,-6.25,-66.00,44.00,195.00,32:c5:99:9d:b8:94
1783340371.5,33.70,-6.25,-66.00,44.00,195.00,32:c5:99:9d:b8:94
1783340374.5,33.70,-6.25,-67.00,43.00,195.00,32:c5:99:9d:b8:94
1783340377.5,33.70,-6.25,-64.00,46.00,195.00,32:c5:99:9d:b8:94
1783340380.5,33.70,-6.25,-65.00,45.00,195.00,32:c5:99:9d:b8:94
1783340383.5,33.70,-6.25,-66.00,44.00,195.00,32:c5:99:9d:b8:94
1783340386.5,33.70,-6.25,-67.00,43.00,195.00,32:c5:99:9d:b8:94
1783340389.5,33.70,-6.25,-66.00,44.00,195.00,32:c5:99:9d:b8:94
1783340392.5,33.70,-6.25,-67.00,43.00,195.00,32:c5:99:9d:b8:94
1783340395.5,33.70,-6.25,-66.00,44.00,195.00,32:c5:99:9d:b8:94
1783340398.5,33.70,-6.25,-66.00,44.00,195.00,32:c5:99:9d:b8:94
1783340401.5,33.70,-6.25,-66.00,44.00,195.00,32:c5:99:9d:b8:94
1783340404.5,33.70,-6.25,-65.00,45.00,195.00,32:c5:99:9d:b8:94
1783340407.5,33.70,-6.25,-63.00,47.00,195.00,32:c5:99:9d:b8:94
1783340410.5,33.70,-6.25,-67.00,43.00,195.00,32:c5:99:9d:b8:94
1783340413.5,33.70,-6.25,-66.00,44.00,195.00,32:c5:99:9d:b8:94
1783340416.5,33.70,-6.25,-64.00,46.00,195.00,32:c5:99:9d:b8:94
1783340419.5,33.70,-6.25,-65.00,45.00,195.00,32:c5:99:9d:b8:94
1783340422.5,33.70,-6.25,-66.00,44.00,195.00,32:c5:99:9d:b8:94
1783340425.5,33.70,-6.25,-65.00,45.00,195.00,32:c5:99:9d:b8:94
1783340428.5,33.70,-6.25,-66.00,44.00,195.00,32:c5:99:9d:b8:94
1783340431.5,33.70,-6.25,-64.00,46.00,195.00,32:c5:99:9d:b8:94
1783340434.5,33.70,-6.25,-65.00,45.00,195.00,32:c5:99:9d:b8:94
1783340437.5,33.70,-6.25,-67.00,43.00,195.00,32:c5:99:9d:b8:94
1783340440.5,33.70,-6.25,-65.00,45.00,195.00,32:c5:99:9d:b8:94
1783340443.5,33.70,-6.25,-65.00,45.00,195.00,32:c5:99:9d:b8:94
1783340446.5,33.70,-6.25,-64.00,46.00,195.00,32:c5:99:9d:b8:94
1783340449.5,33.70,-6.25,-66.00,44.00,195.00,32:c5:99:9d:b8:94
1783340452.5,33.70,-6.25,-65.00,45.00,195.00,32:c5:99:9d:b8:94
1783340455.5,33.70,-6.25,-65.00,45.00,195.00,32:c5:99:9d:b8:94
1783340458.5,33.70,-6.25,-65.00,45.00,195.00,32:c5:99:9d:b8:94
1783340461.5,33.70,-6.25,-65.00,45.00,195.00,32:c5:99:9d:b8:94
1783340464.5,33.70,-6.25,-66.00,44.00,195.00,32:c5:99:9d:b8:94
1783340467.5,33.70,-6.25,-65.00,45.00,195.00,32:c5:99:9d:b8:94
1783340470.5,33.70,-6.25,-65.00,45.00,195.00,32:c5:99:9d:b8:94
1783340473.5,33.70,-6.25,-65.00,45.00,195.00,32:c5:99:9d:b8:94
1783340476.5,33.70,-6.25,-65.00,45.00,195.00,32:c5:99:9d:b8:94
1783340479.5,33.70,-6.25,-66.00,44.00,195.00,32:c5:99:9d:b8:94
1783340482.5,33.70,-6.25,-65.00,45.00,195.00,32:c5:99:9d:b8:94
1783340485.5,33.70,-6.25,-64.00,46.00,195.00,32:c5:99:9d:b8:94
1783340488.5,33.70,-6.25,-64.00,46.00,195.00,32:c5:99:9d:b8:94
1783340491.5,33.70,-6.25,-66.00,44.00,195.00,32:c5:99:9d:b8:94
1783340494.5,33.70,-6.25,-65.00,45.00,195.00,32:c5:99:9d:b8:94
1783340497.5,33.70,-6.25,-66.00,44.00,195.00,32:c5:99:9d:b8:94
1783340500.5,33.70,-6.25,-65.00,45.00,195.00,32:c5:99:9d:b8:94
1783340503.5,33.70,-6.25,-66.00,44.00,195.00,32:c5:99:9d:b8:94
1783340506.5,33.70,-6.25,-65.00,45.00,195.00,32:c5:99:9d:b8:94
1783340509.5,33.70,-6.25,-66.00,44.00,195.00,32:c5:99:9d:b8:94
1783340512.5,33.70,-6.25,-66.00,44.00,195.00,32:c5:99:9d:b8:94
1783340515.5,33.70,-6.25,-65.00,45.00,195.00,32:c5:99:9d:b8:94
1783340518.5,33.70,-6.25,-65.00,45.00,195.00,32:c5:99:9d:b8:94
1783340521.5,33.70,-6.25,-65.00,45.00,195.00,32:c5:99:9d:b8:94
1783340524.5,33.70,-6.25,-66.00,44.00,195.00,32:c5:99:9d:b8:94
1783340527.5,33.70,-6.25,-66.00,44.00,195.00,32:c5:99:9d:b8:94
1783340530.5,33.70,-6.25,-67.00,43.00,195.00,32:c5:99:9d:b8:94
1783340533.5,33.70,-6.25,-65.00,45.00,195.00,32:c5:99:9d:b8:94
1783340536.5,33.70,-6.25,-66.00,44.00,195.00,32:c5:99:9d:b8:94
1783340539.5,33.70,-6.25,-66.00,44.00,195.00,32:c5:99:9d:b8:94
1783340542.5,33.70,-6.25,-65.00,45.00,195.00,32:c5:99:9d:b8:94
1783340545.5,33.70,-6.25,-65.00,45.00,195.00,32:c5:99:9d:b8:94
1783340548.5,33.70,-6.25,-65.00,45.00,195.00,32:c5:99:9d:b8:94
1783340551.5,33.70,-6.25,-67.00,43.00,195.00,32:c5:99:9d:b8:94
1783340554.5,33.70,-6.25,-66.00,44.00,195.00,32:c5:99:9d:b8:94
1783340557.5,33.70,-6.25,-65.00,45.00,195.00,32:c5:99:9d:b8:94
1783340560.5,33.70,-6.25,-64.00,46.00,195.00,32:c5:99:9d:b8:94
1783340563.5,33.70,-6.25,-65.00,45.00,195.00,32:c5:99:9d:b8:94
1783340566.5,33.70,-6.25,-66.00,44.00,195.00,32:c5:99:9d:b8:94
1783340569.5,33.70,-6.25,-65.00,45.00,195.00,32:c5:99:9d:b8:94
1783340572.5,33.70,-6.25,-65.00,45.00,195.00,32:c5:99:9d:b8:94
1783340575.5,33.70,-6.25,-66.00,44.00,195.00,32:c5:99:9d:b8:94
1783340578.5,33.70,-6.25,-67.00,43.00,195.00,32:c5:99:9d:b8:94
1783340581.5,33.70,-6.25,-66.00,44.00,195.00,32:c5:99:9d:b8:94
1783340584.5,33.70,-6.25,-65.00,45.00,195.00,32:c5:99:9d:b8:94
1783340587.5,33.70,-6.25,-66.00,44.00,195.00,32:c5:99:9d:b8:94
1783340590.5,33.70,-6.25,-65.00,45.00,195.00,32:c5:99:9d:b8:94
1783340593.5,33.70,-6.25,-63.00,47.00,195.00,32:c5:99:9d:b8:94
1783340596.5,33.70,-6.25,-66.00,44.00,195.00,32:c5:99:9d:b8:94
1783340599.5,33.70,-6.25,-65.00,45.00,195.00,32:c5:99:9d:b8:94
1783340602.5,33.70,-6.25,-64.00,46.00,195.00,32:c5:99:9d:b8:94
1783340605.5,33.70,-6.25,-65.00,45.00,195.00,32:c5:99:9d:b8:94
1783340608.5,33.70,-6.25,-65.00,45.00,195.00,32:c5:99:9d:b8:94
1783340611.5,33.70,-6.25,-65.00,45.00,195.00,32:c5:99:9d:b8:94
1783340614.5,33.70,-6.25,-65.00,45.00,195.00,32:c5:99:9d:b8:94
1783340617.5,33.70,-6.25,-66.00,44.00,195.00,32:c5:99:9d:b8:94
1783340620.5,33.70,-6.25,-67.00,43.00,195.00,32:c5:99:9d:b8:94
1783340623.5,33.70,-6.25,-63.00,47.00,195.00,32:c5:99:9d:b8:94
1783340626.5,33.70,-6.25,-66.00,44.00,195.00,32:c5:99:9d:b8:94
1783340629.5,33.70,-6.25,-67.00,43.00,195.00,32:c5:99:9d:b8:94
1783340632.5,33.70,-6.25,-65.00,45.00,195.00,32:c5:99:9d:b8:94
1783340635.5,33.70,-6.25,-65.00,45.00,195.00,32:c5:99:9d:b8:94
1783340638.5,33.70,-6.25,-65.00,45.00,195.00,32:c5:99:9d:b8:94
1783340641.5,33.70,-6.25,-66.00,44.00,195.00,32:c5:99:9d:b8:94
1783340644.5,33.70,-6.25,-64.00,46.00,195.00,32:c5:99:9d:b8:94
1783340647.5,33.70,-6.25,-66.00,44.00,195.00,32:c5:99:9d:b8:94
1783340650.5,33.70,-6.25,-64.00,46.00,195.00,32:c5:99:9d:b8:94
1783340653.5,33.70,-6.25,-65.00,45.00,195.00,32:c5:99:9d:b8:94
1783340656.5,33.70,-6.25,-64.00,46.00,195.00,32:c5:99:9d:b8:94
1783340659.5,33.70,-6.25,-64.00,46.00,195.00,32:c5:99:9d:b8:94
1783340662.5,33.70,-6.25,-65.00,45.00,195.00,32:c5:99:9d:b8:94
1783340665.5,33.70,-6.25,-67.00,43.00,195.00,32:c5:99:9d:b8:94
1783340668.5,33.70,-6.25,-64.00,46.00,195.00,32:c5:99:9d:b8:94
1783340671.5,33.70,-6.25,-65.00,45.00,195.00,32:c5:99:9d:b8:94
1783340674.5,33.70,-6.25,-65.00,45.00,195.00,32:c5:99:9d:b8:94
1783340677.5,33.70,-6.25,-65.00,45.00,195.00,32:c5:99:9d:b8:94
1783340680.5,33.70,-6.25,-67.00,43.00,195.00,32:c5:99:9d:b8:94
1783340683.5,33.70,-6.25,-66.00,44.00,195.00,32:c5:99:9d:b8:94
1783340686.5,33.70,-6.25,-66.00,44.00,195.00,32:c5:99:9d:b8:94
1783340689.5,33.70,-6.25,-65.00,45.00,195.00,32:c5:99:9d:b8:94
1783340692.5,33.70,-6.25,-63.00,47.00,195.00,32:c5:99:9d:b8:94
1783340695.5,33.70,-6.25,-64.00,46.00,195.00,32:c5:99:9d:b8:94
1783340698.5,33.70,-6.25,-66.00,44.00,195.00,32:c5:99:9d:b8:94
1783340701.5,33.70,-6.25,-66.00,44.00,195.00,32:c5:99:9d:b8:94
1783340704.5,33.70,-6.25,-66.00,44.00,195.00,32:c5:99:9d:b8:94
1783340707.5,33.70,-6.25,-65.00,45.00,195.00,32:c5:99:9d:b8:94
1783340710.5,33.70,-6.25,-66.00,44.00,195.00,32:c5:99:9d:b8:94
1783340713.5,33.70,-6.25,-66.00,44.00,195.00,32:c5:99:9d:b8:94
1783340716.5,33.70,-6.25,-65.00,45.00,195.00,32:c5:99:9d:b8:94
1783340719.5,33.70,-6.25,-66.00,44.00,195.00,32:c5:99:9d:b8:94
1783340722.5,33.70,-6.25,-65.00,45.00,195.00,32:c5:99:9d:b8:94
1783340725.5,33.70,-6.25,-65.00,45.00,195.00,32:c5:99:9d:b8:94
1783340728.5,33.70,-6.25,-66.00,44.00,195.00,32:c5:99:9d:b8:94
1783340731.5,33.70,-6.25,-67.00,43.00,195.00,32:c5:99:9d:b8:94
1783340734.5,33.70,-6.25,-67.00,43.00,195.00,32:c5:99:9d:b8:94
1783340737.5,33.70,-6.25,-66.00,44.00,195.00,32:c5:99:9d:b8:94
1783340740.5,33.70,-6.25,-65.00,45.00,195.00,32:c5:99:9d:b8:94
1783340743.5,33.70,-6.25,-65.00,45.00,195.00,32:c5:99:9d:b8:94
1783340746.5,33.70,-6.25,-65.00,45.00,195.00,32:c5:99:9d:b8:94
1783340749.5,33.70,-6.25,-66.00,44.00,195.00,32:c5:99:9d:b8:94
1783340752.5,33.70,-6.25,-67.00,43.00,195.00,32:c5:99:9d:b8:94
1783340755.5,33.70,-6.25,-65.00,45.00,195.00,32:c5:99:9d:b8:94
1783340758.5,33.70,-6.25,-65.00,45.00,195.00,32:c5:99:9d:b8:94
1783340761.5,33.70,-6.25,-64.00,46.00,195.00,32:c5:99:9d:b8:94
1783340764.5,33.70,-6.25,-64.00,46.00,195.00,32:c5:99:9d:b8:94
1783340767.5,33.70,-6.25,-65.00,45.00,195.00,32:c5:99:9d:b8:94
1783340770.5,33.70,-6.25,-65.00,45.00,195.00,32:c5:99:9d:b8:94
1783340773.5,33.70,-6.25,-65.00,45.00,195.00,32:c5:99:9d:b8:94
1783340776.5,33.70,-6.25,-66.00,44.00,195.00,32:c5:99:9d:b8:94
1783340779.5,33.70,-6.25,-66.00,44.00,195.00,32:c5:99:9d:b8:94
1783340782.5,33.70,-6.25,-66.00,44.00,260.00,32:c5:99:9d:b8:94
1783340785.5,33.70,-6.25,-65.00,45.00,195.00,32:c5:99:9d:b8:94
1783340788.5,33.70,-6.25,-66.00,44.00,175.50,32:c5:99:9d:b8:94
1783340791.5,33.70,-6.25,-66.00,44.00,260.00,32:c5:99:9d:b8:94
1783340794.5,33.70,-6.25,-65.00,45.00,195.00,32:c5:99:9d:b8:94
1783340797.5,33.70,-6.25,-65.00,45.00,195.00,32:c5:99:9d:b8:94
1783340800.5,33.70,-6.25,-65.00,45.00,195.00,32:c5:99:9d:b8:94
1783340803.5,33.70,-6.25,-67.00,43.00,195.00,32:c5:99:9d:b8:94
1783340806.5,33.70,-6.25,-65.00,45.00,195.00,32:c5:99:9d:b8:94
1783340809.5,33.70,-6.25,-64.00,46.00,195.00,32:c5:99:9d:b8:94
1783340812.5,33.70,-6.25,-65.00,45.00,195.00,32:c5:99:9d:b8:94
1783340815.5,33.70,-6.25,-65.00,45.00,195.00,32:c5:99:9d:b8:94
1783340818.5,33.70,-6.25,-65.00,45.00,195.00,32:c5:99:9d:b8:94
1783340821.5,33.70,-6.25,-65.00,45.00,195.00,32:c5:99:9d:b8:94
1783340824.5,33.70,-6.25,-65.00,45.00,195.00,32:c5:99:9d:b8:94
1783340827.5,33.70,-6.25,-66.00,44.00,195.00,32:c5:99:9d:b8:94
1783340830.5,33.70,-6.25,-65.00,45.00,195.00,32:c5:99:9d:b8:94
1783340833.5,33.70,-6.25,-64.00,46.00,195.00,32:c5:99:9d:b8:94
1783340836.5,33.70,-6.25,-64.00,46.00,175.50,32:c5:99:9d:b8:94
1783340839.5,33.70,-6.25,-63.00,47.00,195.00,32:c5:99:9d:b8:94
1783340842.5,33.70,-6.25,-66.00,44.00,195.00,32:c5:99:9d:b8:94
1783340845.5,33.70,-6.25,-66.00,44.00,195.00,32:c5:99:9d:b8:94
1783340848.5,33.70,-6.25,-66.00,44.00,195.00,32:c5:99:9d:b8:94
1783340851.5,33.70,-6.25,-66.00,44.00,195.00,32:c5:99:9d:b8:94
1783340854.5,33.70,-6.25,-65.00,45.00,195.00,32:c5:99:9d:b8:94
1783340857.5,33.70,-6.25,-65.00,45.00,195.00,32:c5:99:9d:b8:94
1783340860.5,33.70,-6.25,-66.00,44.00,195.00,32:c5:99:9d:b8:94
1783340863.5,33.70,-6.25,-65.00,45.00,195.00,32:c5:99:9d:b8:94
1783340866.5,33.70,-6.25,-67.00,43.00,195.00,32:c5:99:9d:b8:94
1783340869.5,33.70,-6.25,-65.00,45.00,195.00,32:c5:99:9d:b8:94
1783340872.5,33.70,-6.25,-64.00,46.00,195.00,32:c5:99:9d:b8:94
1783340875.5,33.70,-6.25,-65.00,45.00,195.00,32:c5:99:9d:b8:94
1783340878.5,33.70,-6.25,-64.00,46.00,195.00,32:c5:99:9d:b8:94
1783340881.5,33.70,-6.25,-63.00,47.00,195.00,32:c5:99:9d:b8:94
1783340884.5,33.70,-6.25,-66.00,44.00,195.00,32:c5:99:9d:b8:94
1783340887.5,33.70,-6.25,-67.00,43.00,195.00,32:c5:99:9d:b8:94
1783340890.5,33.70,-6.25,-65.00,45.00,195.00,32:c5:99:9d:b8:94
1783340893.5,33.70,-6.25,-65.00,45.00,195.00,32:c5:99:9d:b8:94
1783340896.5,33.70,-6.25,-66.00,44.00,195.00,32:c5:99:9d:b8:94
1783340899.5,33.70,-6.25,-66.00,44.00,195.00,32:c5:99:9d:b8:94
1783340902.5,33.70,-6.25,-66.00,44.00,195.00,32:c5:99:9d:b8:94
1783340905.5,33.70,-6.25,-67.00,43.00,234.00,32:c5:99:9d:b8:94
1783340908.5,33.70,-6.25,-66.00,44.00,234.00,32:c5:99:9d:b8:94
1783340911.5,33.70,-6.25,-65.00,45.00,195.00,32:c5:99:9d:b8:94
1783340914.5,33.70,-6.25,-67.00,43.00,195.00,32:c5:99:9d:b8:94
1783340917.5,33.70,-6.25,-65.00,45.00,195.00,32:c5:99:9d:b8:94
1783340920.5,33.70,-6.25,-64.00,46.00,195.00,32:c5:99:9d:b8:94
1783340923.5,33.70,-6.25,-65.00,45.00,195.00,32:c5:99:9d:b8:94
1783340926.5,33.70,-6.25,-64.00,46.00,195.00,32:c5:99:9d:b8:94
1783340929.5,33.70,-6.25,-64.00,46.00,195.00,32:c5:99:9d:b8:94
1783340932.5,33.70,-6.25,-64.00,46.00,195.00,32:c5:99:9d:b8:94
1783340935.5,33.70,-6.25,-64.00,46.00,195.00,32:c5:99:9d:b8:94
1783340938.5,33.70,-6.25,-66.00,44.00,195.00,32:c5:99:9d:b8:94
1783340941.5,33.70,-6.25,-65.00,45.00,195.00,32:c5:99:9d:b8:94
1783340944.5,33.70,-6.25,-65.00,45.00,195.00,32:c5:99:9d:b8:94
1783340947.5,33.70,-6.25,-66.00,44.00,195.00,32:c5:99:9d:b8:94
1783340950.5,33.70,-6.25,-66.00,44.00,195.00,32:c5:99:9d:b8:94
1783340953.5,33.70,-6.25,-64.00,46.00,195.00,32:c5:99:9d:b8:94
1783340956.5,33.70,-6.25,-65.00,45.00,195.00,32:c5:99:9d:b8:94
1783340959.5,33.70,-6.25,-66.00,44.00,195.00,32:c5:99:9d:b8:94
1783340962.5,33.70,-6.25,-65.00,45.00,195.00,32:c5:99:9d:b8:94
1783340965.5,33.70,-6.25,-65.00,45.00,195.00,32:c5:99:9d:b8:94
1783340968.5,33.70,-6.25,-65.00,45.00,195.00,32:c5:99:9d:b8:94
1783340971.5,33.70,-6.25,-65.00,45.00,195.00,32:c5:99:9d:b8:94
1783340974.5,33.70,-6.25,-66.00,44.00,195.00,32:c5:99:9d:b8:94
1783340977.5,33.70,-6.25,-65.00,45.00,195.00,32:c5:99:9d:b8:94
1783340980.5,33.70,-6.25,-65.00,45.00,195.00,32:c5:99:9d:b8:94
1783340983.5,33.70,-6.25,-65.00,45.00,195.00,32:c5:99:9d:b8:94
1783340986.5,33.70,-6.25,-65.00,45.00,195.00,32:c5:99:9d:b8:94
1783340989.5,33.70,-6.25,-64.00,46.00,195.00,32:c5:99:9d:b8:94
1783340992.5,33.70,-6.25,-64.00,46.00,195.00,32:c5:99:9d:b8:94
1783340995.5,33.70,-6.25,-65.00,45.00,195.00,32:c5:99:9d:b8:94
1783340998.5,33.70,-6.25,-65.00,45.00,195.00,32:c5:99:9d:b8:94
1783341001.5,33.70,-6.25,-65.00,45.00,195.00,32:c5:99:9d:b8:94
1783341004.5,33.70,-6.25,-66.00,44.00,195.00,32:c5:99:9d:b8:94
1783341007.5,33.70,-6.25,-66.00,44.00,195.00,32:c5:99:9d:b8:94
1783341010.5,33.70,-6.25,-65.00,45.00,195.00,32:c5:99:9d:b8:94
1783341013.5,33.70,-6.25,-64.00,46.00,195.00,32:c5:99:9d:b8:94
1783341016.5,33.70,-6.25,-66.00,44.00,195.00,32:c5:99:9d:b8:94
1783341019.5,33.70,-6.25,-66.00,44.00,195.00,32:c5:99:9d:b8:94
1783341022.5,33.70,-6.25,-65.00,45.00,195.00,32:c5:99:9d:b8:94
1783341025.5,33.70,-6.25,-65.00,45.00,195.00,32:c5:99:9d:b8:94
1783341028.5,33.70,-6.25,-66.00,44.00,195.00,32:c5:99:9d:b8:94
1783341031.5,33.70,-6.25,-65.00,45.00,195.00,32:c5:99:9d:b8:94
1783341034.5,33.70,-6.25,-65.00,45.00,195.00,32:c5:99:9d:b8:94
1783341037.5,33.70,-6.25,-66.00,44.00,195.00,32:c5:99:9d:b8:94
1783341040.5,33.70,-6.25,-66.00,44.00,195.00,32:c5:99:9d:b8:94
1783341043.5,33.70,-6.25,-65.00,45.00,195.00,32:c5:99:9d:b8:94
1783341046.5,33.70,-6.25,-65.00,45.00,195.00,32:c5:99:9d:b8:94
1783341049.5,33.70,-6.25,-63.00,47.00,195.00,32:c5:99:9d:b8:94
1783341052.5,33.70,-6.25,-65.00,45.00,195.00,32:c5:99:9d:b8:94
1783341055.5,33.70,-6.25,-66.00,44.00,195.00,32:c5:99:9d:b8:94
1783341058.5,33.70,-6.25,-66.00,44.00,195.00,32:c5:99:9d:b8:94
1783341061.5,33.70,-6.25,-65.00,45.00,195.00,32:c5:99:9d:b8:94
1783341064.5,33.70,-6.25,-65.00,45.00,195.00,32:c5:99:9d:b8:94
1783341067.5,33.70,-6.25,-65.00,45.00,195.00,32:c5:99:9d:b8:94
1783341070.5,33.70,-6.25,-66.00,44.00,195.00,32:c5:99:9d:b8:94
1783341073.5,33.70,-6.25,-64.00,46.00,195.00,32:c5:99:9d:b8:94
1783341076.5,33.70,-6.25,-65.00,45.00,195.00,32:c5:99:9d:b8:94
1783341079.5,33.70,-6.25,-65.00,45.00,195.00,32:c5:99:9d:b8:94
1783341082.5,33.70,-6.25,-64.00,46.00,195.00,32:c5:99:9d:b8:94
1783341085.5,33.70,-6.25,-65.00,45.00,195.00,32:c5:99:9d:b8:94
1783341088.5,33.70,-6.25,-63.00,47.00,175.50,32:c5:99:9d:b8:94
1783341091.5,33.70,-6.25,-65.00,45.00,195.00,32:c5:99:9d:b8:94
1783341094.5,33.70,-6.25,-66.00,44.00,195.00,32:c5:99:9d:b8:94
1783341097.5,33.70,-6.25,-64.00,46.00,175.50,32:c5:99:9d:b8:94
1783341100.5,33.70,-6.25,-64.00,46.00,195.00,32:c5:99:9d:b8:94
1783341103.5,33.70,-6.25,-66.00,44.00,195.00,32:c5:99:9d:b8:94
1783341106.5,33.70,-6.25,-66.00,44.00,195.00,32:c5:99:9d:b8:94
1783341109.5,33.70,-6.25,-66.00,44.00,195.00,32:c5:99:9d:b8:94
1783341112.5,33.70,-6.25,-66.00,44.00,195.00,32:c5:99:9d:b8:94
1783341115.5,33.70,-6.25,-66.00,44.00,195.00,32:c5:99:9d:b8:94
1783341118.5,33.70,-6.25,-64.00,46.00,195.00,32:c5:99:9d:b8:94
1783341121.5,33.70,-6.25,-65.00,45.00,195.00,32:c5:99:9d:b8:94
1783341124.5,33.70,-6.25,-66.00,44.00,195.00,32:c5:99:9d:b8:94
1783341127.5,33.70,-6.25,-65.00,45.00,195.00,32:c5:99:9d:b8:94
1783341130.5,33.70,-6.25,-65.00,45.00,195.00,32:c5:99:9d:b8:94
1783341133.5,33.70,-6.25,-67.00,43.00,195.00,32:c5:99:9d:b8:94
1783341136.5,33.70,-6.25,-66.00,44.00,195.00,32:c5:99:9d:b8:94
1783341139.5,33.70,-6.25,-66.00,44.00,195.00,32:c5:99:9d:b8:94
1783341142.5,33.70,-6.25,-64.00,46.00,195.00,32:c5:99:9d:b8:94
1783341145.5,33.70,-6.25,-65.00,45.00,195.00,32:c5:99:9d:b8:94
1783341148.5,33.70,-6.25,-65.00,45.00,195.00,32:c5:99:9d:b8:94
1783341151.5,33.70,-6.25,-65.00,45.00,195.00,32:c5:99:9d:b8:94
1783341154.5,33.70,-6.25,-66.00,44.00,195.00,32:c5:99:9d:b8:94
1783341157.5,33.70,-6.25,-65.00,45.00,195.00,32:c5:99:9d:b8:94
1783341160.5,33.70,-6.25,-66.00,44.00,195.00,32:c5:99:9d:b8:94
1783341163.5,33.70,-6.25,-66.00,44.00,195.00,32:c5:99:9d:b8:94
1783341166.5,33.70,-6.25,-66.00,44.00,195.00,32:c5:99:9d:b8:94
1783341169.5,33.70,-6.25,-66.00,44.00,195.00,32:c5:99:9d:b8:94
1783341172.5,33.70,-6.25,-67.00,43.00,195.00,32:c5:99:9d:b8:94
1783341175.5,33.70,-6.25,-64.00,46.00,195.00,32:c5:99:9d:b8:94
1783341178.5,33.70,-6.25,-64.00,46.00,195.00,32:c5:99:9d:b8:94
1783341181.5,33.70,-6.25,-65.00,45.00,195.00,32:c5:99:9d:b8:94
1783341184.5,33.70,-6.25,-63.00,47.00,195.00,32:c5:99:9d:b8:94
1783341187.5,33.70,-6.25,-65.00,45.00,195.00,32:c5:99:9d:b8:94
1783341190.5,33.70,-6.25,-65.00,45.00,195.00,32:c5:99:9d:b8:94
1783341193.5,33.70,-6.25,-65.00,45.00,195.00,32:c5:99:9d:b8:94
1783341196.5,33.70,-6.25,-66.00,44.00,195.00,32:c5:99:9d:b8:94
1783341199.5,33.70,-6.25,-65.00,45.00,195.00,32:c5:99:9d:b8:94
1783341202.5,33.70,-6.25,-65.00,45.00,195.00,32:c5:99:9d:b8:94
1783341205.5,33.70,-6.25,-65.00,45.00,195.00,32:c5:99:9d:b8:94
1783341208.5,33.70,-6.25,-65.00,45.00,195.00,32:c5:99:9d:b8:94
1783341211.5,33.70,-6.25,-64.00,46.00,195.00,32:c5:99:9d:b8:94
1783341214.5,33.70,-6.25,-66.00,44.00,195.00,32:c5:99:9d:b8:94
1783341217.5,33.70,-6.25,-67.00,43.00,195.00,32:c5:99:9d:b8:94
1783341220.5,33.70,-6.25,-65.00,45.00,195.00,32:c5:99:9d:b8:94
1783341223.5,33.70,-6.25,-66.00,44.00,195.00,32:c5:99:9d:b8:94
1783341226.5,33.70,-6.25,-66.00,44.00,195.00,32:c5:99:9d:b8:94
1783341229.5,33.70,-6.25,-65.00,45.00,195.00,32:c5:99:9d:b8:94
1783341232.5,33.70,-6.25,-66.00,44.00,195.00,32:c5:99:9d:b8:94
1783341235.5,33.70,-6.25,-65.00,45.00,195.00,32:c5:99:9d:b8:94
1783341238.5,33.70,-6.25,-66.00,44.00,195.00,32:c5:99:9d:b8:94
1783341241.5,33.70,-6.25,-65.00,45.00,195.00,32:c5:99:9d:b8:94
1783341244.5,33.70,-6.25,-66.00,44.00,195.00,32:c5:99:9d:b8:94
1783341247.5,33.70,-6.25,-66.00,44.00,195.00,32:c5:99:9d:b8:94
1783341250.5,33.70,-6.25,-65.00,45.00,195.00,32:c5:99:9d:b8:94
1783341253.5,33.70,-6.25,-64.00,46.00,195.00,32:c5:99:9d:b8:94
1783341256.5,33.70,-6.25,-66.00,44.00,195.00,32:c5:99:9d:b8:94
1783341259.5,33.70,-6.25,-65.00,45.00,195.00,32:c5:99:9d:b8:94
1783341262.5,33.70,-6.25,-65.00,45.00,195.00,32:c5:99:9d:b8:94
1783341265.5,33.70,-6.25,-64.00,46.00,195.00,32:c5:99:9d:b8:94
1783341268.5,33.70,-6.25,-66.00,44.00,195.00,32:c5:99:9d:b8:94
1783341271.5,33.70,-6.25,-65.00,45.00,195.00,32:c5:99:9d:b8:94
1783341274.5,33.70,-6.25,-67.00,43.00,195.00,32:c5:99:9d:b8:94
1783341277.5,33.70,-6.25,-65.00,45.00,195.00,32:c5:99:9d:b8:94
1783341280.5,33.70,-6.25,-65.00,45.00,195.00,32:c5:99:9d:b8:94
1783341283.5,33.70,-6.25,-65.00,45.00,195.00,32:c5:99:9d:b8:94
1783341286.5,33.70,-6.25,-65.00,45.00,195.00,32:c5:99:9d:b8:94
1783341289.5,33.70,-6.25,-67.00,43.00,195.00,32:c5:99:9d:b8:94
1783341292.5,33.70,-6.25,-65.00,45.00,195.00,32:c5:99:9d:b8:94
1783341295.5,33.70,-6.25,-66.00,44.00,195.00,32:c5:99:9d:b8:94
1783341298.5,33.70,-6.25,-64.00,46.00,195.00,32:c5:99:9d:b8:94
1783341301.5,33.70,-6.25,-66.00,44.00,195.00,32:c5:99:9d:b8:94
1783341304.5,33.70,-6.25,-65.00,45.00,195.00,32:c5:99:9d:b8:94
1783341307.5,33.70,-6.25,-66.00,44.00,195.00,32:c5:99:9d:b8:94
1783341310.5,33.70,-6.25,-64.00,46.00,195.00,32:c5:99:9d:b8:94
1783341313.5,33.70,-6.25,-66.00,44.00,195.00,32:c5:99:9d:b8:94
1783341316.5,33.70,-6.25,-66.00,44.00,195.00,32:c5:99:9d:b8:94
1783341319.5,33.70,-6.25,-65.00,45.00,195.00,32:c5:99:9d:b8:94
1783341322.5,33.70,-6.25,-67.00,43.00,195.00,32:c5:99:9d:b8:94
1783341325.5,33.70,-6.25,-65.00,45.00,195.00,32:c5:99:9d:b8:94
1783341328.5,33.70,-6.25,-65.00,45.00,195.00,32:c5:99:9d:b8:94
1783341331.5,33.70,-6.25,-65.00,45.00,195.00,32:c5:99:9d:b8:94
1783341334.5,33.70,-6.25,-65.00,45.00,195.00,32:c5:99:9d:b8:94
1783341337.5,33.70,-6.25,-66.00,44.00,195.00,32:c5:99:9d:b8:94
1783341340.5,33.70,-6.25,-65.00,45.00,195.00,32:c5:99:9d:b8:94
1783341343.5,33.70,-6.25,-66.00,44.00,195.00,32:c5:99:9d:b8:94
1783341346.5,33.70,-6.25,-65.00,45.00,195.00,32:c5:99:9d:b8:94
1783341349.5,33.70,-6.25,-65.00,45.00,195.00,32:c5:99:9d:b8:94
1783341352.5,33.70,-6.25,-64.00,46.00,195.00,32:c5:99:9d:b8:94
1783341355.5,33.70,-6.25,-67.00,43.00,195.00,32:c5:99:9d:b8:94
1783341358.5,33.70,-6.25,-65.00,45.00,195.00,32:c5:99:9d:b8:94
1783341361.5,33.70,-6.25,-65.00,45.00,195.00,32:c5:99:9d:b8:94
1783341364.5,33.70,-6.25,-65.00,45.00,195.00,32:c5:99:9d:b8:94
1783341367.5,33.70,-6.25,-65.00,45.00,195.00,32:c5:99:9d:b8:94
1783341370.5,33.70,-6.25,-65.00,45.00,195.00,32:c5:99:9d:b8:94
1783341373.5,33.70,-6.25,-65.00,45.00,195.00,32:c5:99:9d:b8:94
1783341376.5,33.70,-6.25,-65.00,45.00,195.00,32:c5:99:9d:b8:94
1783341379.5,33.70,-6.25,-66.00,44.00,195.00,32:c5:99:9d:b8:94
1783341382.5,33.70,-6.25,-66.00,44.00,195.00,32:c5:99:9d:b8:94
1783341385.5,33.70,-6.25,-65.00,45.00,195.00,32:c5:99:9d:b8:94
1783341388.5,33.70,-6.25,-65.00,45.00,195.00,32:c5:99:9d:b8:94
1783341391.5,33.70,-6.25,-64.00,46.00,195.00,32:c5:99:9d:b8:94
1783341394.5,33.70,-6.25,-64.00,46.00,195.00,32:c5:99:9d:b8:94
1783341397.5,33.70,-6.25,-64.00,46.00,195.00,32:c5:99:9d:b8:94
1783341400.5,33.70,-6.25,-65.00,45.00,175.50,32:c5:99:9d:b8:94
1783341403.5,33.70,-6.25,-65.00,45.00,195.00,32:c5:99:9d:b8:94
1783341406.5,33.70,-6.25,-65.00,45.00,195.00,32:c5:99:9d:b8:94
1783341409.5,33.70,-6.25,-65.00,45.00,195.00,32:c5:99:9d:b8:94
1783341412.5,33.70,-6.25,-63.00,47.00,195.00,32:c5:99:9d:b8:94
1783341415.5,33.70,-6.25,-65.00,45.00,195.00,32:c5:99:9d:b8:94
1783341418.5,33.70,-6.25,-64.00,46.00,195.00,32:c5:99:9d:b8:94
1783341421.5,33.70,-6.25,-65.00,45.00,175.50,32:c5:99:9d:b8:94
1783341424.5,33.70,-6.25,-64.00,46.00,195.00,32:c5:99:9d:b8:94
1783341427.5,33.70,-6.25,-64.00,46.00,195.00,32:c5:99:9d:b8:94
1783341430.5,33.70,-6.25,-65.00,45.00,195.00,32:c5:99:9d:b8:94
1783341433.5,33.70,-6.25,-66.00,44.00,175.50,32:c5:99:9d:b8:94
1783341436.5,33.70,-6.25,-64.00,46.00,175.50,32:c5:99:9d:b8:94
1783341439.5,33.70,-6.25,-66.00,44.00,195.00,32:c5:99:9d:b8:94
1783341442.5,33.70,-6.25,-67.00,43.00,195.00,32:c5:99:9d:b8:94
1783341445.5,33.70,-6.25,-66.00,44.00,175.50,32:c5:99:9d:b8:94
1783341448.5,33.70,-6.25,-65.00,45.00,195.00,32:c5:99:9d:b8:94
1783341451.5,33.70,-6.25,-65.00,45.00,195.00,32:c5:99:9d:b8:94
1783341454.5,33.70,-6.25,-65.00,45.00,175.50,32:c5:99:9d:b8:94
1783341457.5,33.70,-6.25,-66.00,44.00,195.00,32:c5:99:9d:b8:94
1783341460.5,33.70,-6.25,-66.00,44.00,175.50,32:c5:99:9d:b8:94
1783341463.5,33.70,-6.25,-66.00,44.00,195.00,32:c5:99:9d:b8:94
1783341466.5,33.70,-6.25,-64.00,46.00,195.00,32:c5:99:9d:b8:94
1783341469.5,33.70,-6.25,-65.00,45.00,195.00,32:c5:99:9d:b8:94
1783341472.5,33.70,-6.25,-63.00,47.00,195.00,32:c5:99:9d:b8:94
1783341475.5,33.70,-6.25,-64.00,46.00,175.50,32:c5:99:9d:b8:94
1783341478.5,33.70,-6.25,-64.00,46.00,195.00,32:c5:99:9d:b8:94
1783341481.5,33.70,-6.25,-65.00,45.00,195.00,32:c5:99:9d:b8:94
1783341484.5,33.70,-6.25,-64.00,46.00,195.00,32:c5:99:9d:b8:94
1783341487.5,33.70,-6.25,-64.00,46.00,195.00,32:c5:99:9d:b8:94
1783341490.5,33.70,-6.25,-65.00,45.00,195.00,32:c5:99:9d:b8:94
1783341493.5,33.70,-6.25,-63.00,47.00,195.00,32:c5:99:9d:b8:94
1783341496.5,33.70,-6.25,-66.00,44.00,195.00,32:c5:99:9d:b8:94
1783341499.5,33.70,-6.25,-65.00,45.00,195.00,32:c5:99:9d:b8:94
1783341502.5,33.70,-6.25,-66.00,44.00,195.00,32:c5:99:9d:b8:94
1783341505.5,33.70,-6.25,-65.00,45.00,195.00,32:c5:99:9d:b8:94
1783341508.5,33.70,-6.25,-66.00,44.00,195.00,32:c5:99:9d:b8:94
1783341511.5,33.70,-6.25,-66.00,44.00,195.00,32:c5:99:9d:b8:94
1783341514.5,33.70,-6.25,-66.00,44.00,195.00,32:c5:99:9d:b8:94
1783341517.5,33.70,-6.25,-64.00,46.00,195.00,32:c5:99:9d:b8:94
1783341520.5,33.70,-6.25,-63.00,47.00,195.00,32:c5:99:9d:b8:94
1783341523.5,33.70,-6.25,-65.00,45.00,195.00,32:c5:99:9d:b8:94
1783341526.5,33.70,-6.25,-65.00,45.00,195.00,32:c5:99:9d:b8:94
1783341529.5,33.70,-6.25,-64.00,46.00,195.00,32:c5:99:9d:b8:94
1783341532.5,33.70,-6.25,-64.00,46.00,195.00,32:c5:99:9d:b8:94
1783341535.5,33.70,-6.25,-65.00,45.00,195.00,32:c5:99:9d:b8:94
1783341538.5,33.70,-6.25,-64.00,46.00,195.00,32:c5:99:9d:b8:94
1783341541.5,33.70,-6.25,-65.00,45.00,195.00,32:c5:99:9d:b8:94
1783341544.5,33.70,-6.25,-66.00,44.00,195.00,32:c5:99:9d:b8:94
1783341547.5,33.70,-6.25,-65.00,45.00,195.00,32:c5:99:9d:b8:94
1783341550.5,33.70,-6.25,-65.00,45.00,195.00,32:c5:99:9d:b8:94
1783341553.5,33.70,-6.25,-66.00,44.00,195.00,32:c5:99:9d:b8:94
1783341556.5,33.70,-6.25,-65.00,45.00,195.00,32:c5:99:9d:b8:94
1783341559.5,33.70,-6.25,-64.00,46.00,195.00,32:c5:99:9d:b8:94
1783341562.5,33.70,-6.25,-65.00,45.00,195.00,32:c5:99:9d:b8:94
1783341565.5,33.70,-6.25,-65.00,45.00,195.00,32:c5:99:9d:b8:94
1783341568.5,33.70,-6.25,-64.00,46.00,195.00,32:c5:99:9d:b8:94
1783341571.5,33.70,-6.25,-66.00,44.00,195.00,32:c5:99:9d:b8:94
1783341574.5,33.70,-6.25,-65.00,45.00,195.00,32:c5:99:9d:b8:94
1783341577.5,33.70,-6.25,-66.00,44.00,195.00,32:c5:99:9d:b8:94
1783341580.5,33.70,-6.25,-66.00,44.00,195.00,32:c5:99:9d:b8:94
1783341583.5,33.70,-6.25,-65.00,45.00,195.00,32:c5:99:9d:b8:94
1783341586.5,33.70,-6.25,-66.00,44.00,195.00,32:c5:99:9d:b8:94
1783341589.5,33.70,-6.25,-65.00,45.00,195.00,32:c5:99:9d:b8:94
1783341592.5,33.70,-6.25,-66.00,44.00,195.00,32:c5:99:9d:b8:94
1783341595.5,33.70,-6.25,-65.00,45.00,195.00,32:c5:99:9d:b8:94
1783341598.5,33.70,-6.25,-65.00,45.00,195.00,32:c5:99:9d:b8:94
1783341601.5,33.70,-6.25,-65.00,45.00,195.00,32:c5:99:9d:b8:94
1783341604.5,33.70,-6.25,-65.00,45.00,195.00,32:c5:99:9d:b8:94
1783341607.5,33.70,-6.25,-67.00,43.00,195.00,32:c5:99:9d:b8:94
1783341610.5,33.70,-6.25,-67.00,43.00,195.00,32:c5:99:9d:b8:94
1783341613.5,33.70,-6.25,-65.00,45.00,195.00,32:c5:99:9d:b8:94
1783341616.5,33.70,-6.25,-64.00,46.00,195.00,32:c5:99:9d:b8:94
1783341619.5,33.70,-6.25,-65.00,45.00,195.00,32:c5:99:9d:b8:94
1783341622.5,33.70,-6.25,-66.00,44.00,195.00,32:c5:99:9d:b8:94
1783341625.5,33.70,-6.25,-66.00,44.00,195.00,32:c5:99:9d:b8:94
1783341628.5,33.70,-6.25,-64.00,46.00,195.00,32:c5:99:9d:b8:94
1783341631.5,33.70,-6.25,-65.00,45.00,195.00,32:c5:99:9d:b8:94
1783341634.5,33.70,-6.25,-65.00,45.00,195.00,32:c5:99:9d:b8:94
1783341637.5,33.70,-6.25,-64.00,46.00,195.00,32:c5:99:9d:b8:94
1783341640.5,33.70,-6.25,-66.00,44.00,195.00,32:c5:99:9d:b8:94
1783341643.5,33.70,-6.25,-64.00,46.00,195.00,32:c5:99:9d:b8:94
1783341646.5,33.70,-6.25,-64.00,46.00,195.00,32:c5:99:9d:b8:94
1783341649.5,33.70,-6.25,-66.00,44.00,195.00,32:c5:99:9d:b8:94
1783341652.5,33.70,-6.25,-65.00,45.00,195.00,32:c5:99:9d:b8:94
1783341655.5,33.70,-6.25,-64.00,46.00,195.00,32:c5:99:9d:b8:94
1783341658.5,33.70,-6.25,-65.00,45.00,195.00,32:c5:99:9d:b8:94
1783341661.5,33.70,-6.25,-64.00,46.00,195.00,32:c5:99:9d:b8:94
1783341664.5,33.70,-6.25,-65.00,45.00,195.00,32:c5:99:9d:b8:94
1783341667.5,33.70,-6.25,-65.00,45.00,195.00,32:c5:99:9d:b8:94
1783341670.5,33.70,-6.25,-65.00,45.00,195.00,32:c5:99:9d:b8:94
1783341673.5,33.70,-6.25,-65.00,45.00,195.00,32:c5:99:9d:b8:94
1783341676.5,33.70,-6.25,-65.00,45.00,195.00,32:c5:99:9d:b8:94
1783341679.5,33.70,-6.25,-65.00,45.00,195.00,32:c5:99:9d:b8:94
1783341682.5,33.70,-6.25,-65.00,45.00,195.00,32:c5:99:9d:b8:94
1783341685.5,33.70,-6.25,-65.00,45.00,175.50,32:c5:99:9d:b8:94
1783341688.5,33.70,-6.25,-65.00,45.00,195.00,32:c5:99:9d:b8:94
1783341691.5,33.70,-6.25,-66.00,44.00,195.00,32:c5:99:9d:b8:94
1783341694.5,33.70,-6.25,-65.00,45.00,195.00,32:c5:99:9d:b8:94
1783341697.5,33.70,-6.25,-66.00,44.00,195.00,32:c5:99:9d:b8:94
1783341700.5,33.70,-6.25,-66.00,44.00,195.00,32:c5:99:9d:b8:94
1783341703.5,33.70,-6.25,-64.00,46.00,195.00,32:c5:99:9d:b8:94
1783341706.5,33.70,-6.25,-66.00,44.00,195.00,32:c5:99:9d:b8:94
1783341709.5,33.70,-6.25,-65.00,45.00,195.00,32:c5:99:9d:b8:94
1783341712.5,33.70,-6.25,-67.00,43.00,195.00,32:c5:99:9d:b8:94
1783341715.5,33.70,-6.25,-64.00,46.00,195.00,32:c5:99:9d:b8:94
1783341718.5,33.70,-6.25,-66.00,44.00,195.00,32:c5:99:9d:b8:94
1783341721.5,33.70,-6.25,-64.00,46.00,175.50,32:c5:99:9d:b8:94
1783341724.5,33.70,-6.25,-64.00,46.00,195.00,32:c5:99:9d:b8:94
1783341727.5,33.70,-6.25,-64.00,46.00,195.00,32:c5:99:9d:b8:94
1783341730.5,33.70,-6.25,-66.00,44.00,195.00,32:c5:99:9d:b8:94
1783341733.5,33.70,-6.25,-65.00,45.00,195.00,32:c5:99:9d:b8:94
1783341736.5,33.70,-6.25,-66.00,44.00,195.00,32:c5:99:9d:b8:94
1783341739.5,33.70,-6.25,-64.00,46.00,195.00,32:c5:99:9d:b8:94
1783341742.5,33.70,-6.25,-65.00,45.00,195.00,32:c5:99:9d:b8:94
1783341745.5,33.70,-6.25,-64.00,46.00,195.00,32:c5:99:9d:b8:94
1783341748.5,33.70,-6.25,-65.00,45.00,195.00,32:c5:99:9d:b8:94
1783341751.5,33.70,-6.25,-67.00,43.00,195.00,32:c5:99:9d:b8:94
1783341754.5,33.70,-6.25,-64.00,46.00,195.00,32:c5:99:9d:b8:94
1783341757.5,33.70,-6.25,-65.00,45.00,195.00,32:c5:99:9d:b8:94
1783341760.5,33.70,-6.25,-65.00,45.00,195.00,32:c5:99:9d:b8:94
1783341763.5,33.70,-6.25,-66.00,44.00,195.00,32:c5:99:9d:b8:94
1783341766.5,33.70,-6.25,-65.00,45.00,195.00,32:c5:99:9d:b8:94
1783341769.5,33.70,-6.25,-65.00,45.00,195.00,32:c5:99:9d:b8:94
1783341772.5,33.70,-6.25,-66.00,44.00,195.00,32:c5:99:9d:b8:94
1783341775.5,33.70,-6.25,-64.00,46.00,195.00,32:c5:99:9d:b8:94
1783341778.5,33.70,-6.25,-65.00,45.00,195.00,32:c5:99:9d:b8:94
1783341781.5,33.70,-6.25,-64.00,46.00,195.00,32:c5:99:9d:b8:94
1783341784.5,33.70,-6.25,-64.00,46.00,195.00,32:c5:99:9d:b8:94
1783341787.5,33.70,-6.25,-65.00,45.00,175.50,32:c5:99:9d:b8:94
1783341790.5,33.70,-6.25,-66.00,44.00,195.00,32:c5:99:9d:b8:94
1783341793.5,33.70,-6.25,-65.00,45.00,195.00,32:c5:99:9d:b8:94
1783341796.5,33.70,-6.25,-64.00,46.00,195.00,32:c5:99:9d:b8:94
1783341799.5,33.70,-6.25,-66.00,44.00,175.50,32:c5:99:9d:b8:94
1783341802.5,33.70,-6.25,-65.00,45.00,195.00,32:c5:99:9d:b8:94
1783341805.5,33.70,-6.25,-65.00,45.00,195.00,32:c5:99:9d:b8:94
1783341808.5,33.70,-6.25,-65.00,45.00,195.00,32:c5:99:9d:b8:94
1783341811.5,33.70,-6.25,-64.00,46.00,195.00,32:c5:99:9d:b8:94
1783341814.5,33.70,-6.25,-65.00,45.00,260.00,32:c5:99:9d:b8:94
1783341817.5,33.70,-6.25,-64.00,46.00,195.00,32:c5:99:9d:b8:94
1783341820.5,33.70,-6.25,-66.00,44.00,195.00,32:c5:99:9d:b8:94
1783341823.5,33.70,-6.25,-65.00,45.00,195.00,32:c5:99:9d:b8:94
1783341826.5,33.70,-6.25,-65.00,45.00,175.50,32:c5:99:9d:b8:94
1783341829.5,33.70,-6.25,-67.00,43.00,195.00,32:c5:99:9d:b8:94
1783341832.5,33.70,-6.25,-64.00,46.00,175.50,32:c5:99:9d:b8:94
1783341835.5,33.70,-6.25,-65.00,45.00,195.00,32:c5:99:9d:b8:94
1783341838.5,33.70,-6.25,-64.00,46.00,175.50,32:c5:99:9d:b8:94
1783341841.5,33.70,-6.25,-64.00,46.00,195.00,32:c5:99:9d:b8:94
1783341844.5,33.70,-6.25,-65.00,45.00,175.50,32:c5:99:9d:b8:94
1783341847.5,33.70,-6.25,-65.00,45.00,195.00,32:c5:99:9d:b8:94
1783341850.5,33.70,-6.25,-65.00,45.00,175.50,32:c5:99:9d:b8:94
1783341853.5,33.70,-6.25,-65.00,45.00,195.00,32:c5:99:9d:b8:94
1783341856.5,33.70,-6.25,-66.00,44.00,195.00,32:c5:99:9d:b8:94
1783341859.5,33.70,-6.25,-66.00,44.00,195.00,32:c5:99:9d:b8:94
1783341862.5,33.70,-6.25,-65.00,45.00,175.50,32:c5:99:9d:b8:94
1783341865.5,33.70,-6.25,-65.00,45.00,195.00,32:c5:99:9d:b8:94
1783341868.5,33.70,-6.25,-65.00,45.00,175.50,32:c5:99:9d:b8:94
1783341871.5,33.70,-6.25,-63.00,47.00,195.00,32:c5:99:9d:b8:94
1783341874.5,33.70,-6.25,-64.00,46.00,195.00,32:c5:99:9d:b8:94
1783341877.5,33.70,-6.25,-65.00,45.00,195.00,32:c5:99:9d:b8:94
1783341880.5,33.70,-6.25,-66.00,44.00,175.50,32:c5:99:9d:b8:94
1783341883.5,33.70,-6.25,-64.00,46.00,195.00,32:c5:99:9d:b8:94
1783341886.5,33.70,-6.25,-66.00,44.00,175.50,32:c5:99:9d:b8:94
1783341889.5,33.70,-6.25,-65.00,45.00,195.00,32:c5:99:9d:b8:94
1783341892.5,33.70,-6.25,-64.00,46.00,234.00,32:c5:99:9d:b8:94
1783341895.5,33.70,-6.25,-66.00,44.00,195.00,32:c5:99:9d:b8:94
1783341898.5,33.70,-6.25,-66.00,44.00,195.00,32:c5:99:9d:b8:94
1783341901.5,33.70,-6.25,-64.00,46.00,195.00,32:c5:99:9d:b8:94
1783341904.5,33.70,-6.25,-66.00,44.00,175.50,32:c5:99:9d:b8:94
1783341907.5,33.70,-6.25,-65.00,45.00,195.00,32:c5:99:9d:b8:94
1783341910.5,33.70,-6.25,-65.00,45.00,175.50,32:c5:99:9d:b8:94
1783341913.5,33.70,-6.25,-65.00,45.00,195.00,32:c5:99:9d:b8:94
1783341916.5,33.70,-6.25,-65.00,45.00,195.00,32:c5:99:9d:b8:94
1783341919.5,33.70,-6.25,-64.00,46.00,234.00,32:c5:99:9d:b8:94
1783341922.5,33.70,-6.25,-65.00,45.00,234.00,32:c5:99:9d:b8:94
1783341925.5,33.70,-6.25,-66.00,44.00,195.00,32:c5:99:9d:b8:94
1783341928.5,33.70,-6.25,-65.00,45.00,195.00,32:c5:99:9d:b8:94
1783341931.5,33.70,-6.25,-65.00,45.00,175.50,32:c5:99:9d:b8:94
1783341934.5,33.70,-6.25,-66.00,44.00,175.50,32:c5:99:9d:b8:94
1783341937.5,33.70,-6.25,-65.00,45.00,195.00,32:c5:99:9d:b8:94
1783341940.5,33.70,-6.25,-65.00,45.00,175.50,32:c5:99:9d:b8:94
1783341943.5,33.70,-6.25,-64.00,46.00,195.00,32:c5:99:9d:b8:94
1783341946.5,33.70,-6.25,-65.00,45.00,195.00,32:c5:99:9d:b8:94
1783341949.5,33.70,-6.25,-64.00,46.00,195.00,32:c5:99:9d:b8:94
1783341952.5,33.70,-6.25,-67.00,43.00,175.50,32:c5:99:9d:b8:94
1783341955.5,33.70,-6.25,-65.00,45.00,195.00,32:c5:99:9d:b8:94
1783341958.5,33.70,-6.25,-65.00,45.00,195.00,32:c5:99:9d:b8:94
1783341961.5,33.70,-6.25,-65.00,45.00,195.00,32:c5:99:9d:b8:94
1783341964.5,33.70,-6.25,-66.00,44.00,195.00,32:c5:99:9d:b8:94
1783341967.5,33.70,-6.25,-65.00,45.00,195.00,32:c5:99:9d:b8:94
1783341970.5,33.70,-6.25,-65.00,45.00,195.00,32:c5:99:9d:b8:94
1783341973.5,33.70,-6.25,-64.00,46.00,195.00,32:c5:99:9d:b8:94
1783341976.5,33.70,-6.25,-67.00,43.00,195.00,32:c5:99:9d:b8:94
1783341979.5,33.70,-6.25,-66.00,44.00,195.00,32:c5:99:9d:b8:94
1783341982.5,33.70,-6.25,-66.00,44.00,195.00,32:c5:99:9d:b8:94
1783341985.5,33.70,-6.25,-66.00,44.00,195.00,32:c5:99:9d:b8:94
1783341988.5,33.70,-6.25,-64.00,46.00,195.00,32:c5:99:9d:b8:94
1783341991.5,33.70,-6.25,-65.00,45.00,195.00,32:c5:99:9d:b8:94
1783341994.5,33.70,-6.25,-66.00,44.00,195.00,32:c5:99:9d:b8:94
1783341997.5,33.70,-6.25,-64.00,46.00,195.00,32:c5:99:9d:b8:94
1783342000.5,33.70,-6.25,-66.00,44.00,195.00,32:c5:99:9d:b8:94
1783342003.5,33.70,-6.25,-65.00,45.00,195.00,32:c5:99:9d:b8:94
1783342006.5,33.70,-6.25,-65.00,45.00,195.00,32:c5:99:9d:b8:94
1783342009.5,33.70,-6.25,-65.00,45.00,195.00,32:c5:99:9d:b8:94
1783342012.5,33.70,-6.25,-66.00,44.00,195.00,32:c5:99:9d:b8:94
1783342015.5,33.70,-6.25,-64.00,46.00,195.00,32:c5:99:9d:b8:94
1783342018.5,33.70,-6.25,-64.00,46.00,195.00,32:c5:99:9d:b8:94
1783342021.5,33.70,-6.25,-65.00,45.00,195.00,32:c5:99:9d:b8:94
1783342024.5,33.70,-6.25,-64.00,46.00,195.00,32:c5:99:9d:b8:94
1783342027.5,33.70,-6.25,-63.00,47.00,195.00,32:c5:99:9d:b8:94
1783342030.5,33.70,-6.25,-64.00,46.00,195.00,32:c5:99:9d:b8:94
1783342033.5,33.70,-6.25,-66.00,44.00,175.50,32:c5:99:9d:b8:94
1783342036.5,33.70,-6.25,-66.00,44.00,195.00,32:c5:99:9d:b8:94
1783342039.5,33.70,-6.25,-65.00,45.00,195.00,32:c5:99:9d:b8:94
1783342042.5,33.70,-6.25,-65.00,45.00,195.00,32:c5:99:9d:b8:94
1783342045.5,33.70,-6.25,-64.00,46.00,195.00,32:c5:99:9d:b8:94
1783342048.5,33.70,-6.25,-67.00,43.00,195.00,32:c5:99:9d:b8:94
1783342051.5,33.70,-6.25,-66.00,44.00,175.50,32:c5:99:9d:b8:94
1783342054.5,33.70,-6.25,-65.00,45.00,195.00,32:c5:99:9d:b8:94
1783342057.5,33.70,-6.25,-65.00,45.00,195.00,32:c5:99:9d:b8:94
1783342060.5,33.70,-6.25,-65.00,45.00,195.00,32:c5:99:9d:b8:94
1783342063.5,33.70,-6.25,-66.00,44.00,195.00,32:c5:99:9d:b8:94
1783342066.5,33.70,-6.25,-66.00,44.00,195.00,32:c5:99:9d:b8:94
1783342069.5,33.70,-6.25,-64.00,46.00,195.00,32:c5:99:9d:b8:94
1783342072.5,33.70,-6.25,-65.00,45.00,195.00,32:c5:99:9d:b8:94
1783342075.5,33.70,-6.25,-65.00,45.00,195.00,32:c5:99:9d:b8:94
1783342078.5,33.70,-6.25,-64.00,46.00,195.00,32:c5:99:9d:b8:94
1783342081.5,33.70,-6.25,-65.00,45.00,195.00,32:c5:99:9d:b8:94
1783342084.5,33.70,-6.25,-65.00,45.00,195.00,32:c5:99:9d:b8:94
1783342087.5,33.70,-6.25,-65.00,45.00,195.00,32:c5:99:9d:b8:94
1783342090.5,33.70,-6.25,-63.00,47.00,195.00,32:c5:99:9d:b8:94
1783342093.5,33.70,-6.25,-66.00,44.00,195.00,32:c5:99:9d:b8:94
1783342096.5,33.70,-6.25,-66.00,44.00,195.00,32:c5:99:9d:b8:94
1783342099.5,33.70,-6.25,-67.00,43.00,195.00,32:c5:99:9d:b8:94
1783342102.5,33.70,-6.25,-66.00,44.00,195.00,32:c5:99:9d:b8:94
1783342105.5,33.70,-6.25,-65.00,45.00,195.00,32:c5:99:9d:b8:94
1783342108.5,33.70,-6.25,-66.00,44.00,195.00,32:c5:99:9d:b8:94
1783342111.5,33.70,-6.25,-66.00,44.00,195.00,32:c5:99:9d:b8:94
1783342114.5,33.70,-6.25,-64.00,46.00,195.00,32:c5:99:9d:b8:94
1783342117.5,33.70,-6.25,-65.00,45.00,195.00,32:c5:99:9d:b8:94
1783342120.5,33.70,-6.25,-65.00,45.00,195.00,32:c5:99:9d:b8:94
1783342123.5,33.70,-6.25,-65.00,45.00,195.00,32:c5:99:9d:b8:94
1783342126.5,33.70,-6.25,-65.00,45.00,195.00,32:c5:99:9d:b8:94
1783342129.5,33.70,-6.25,-64.00,46.00,195.00,32:c5:99:9d:b8:94
1783342132.5,33.70,-6.25,-64.00,46.00,195.00,32:c5:99:9d:b8:94
1783342135.5,33.70,-6.25,-66.00,44.00,195.00,32:c5:99:9d:b8:94
1783342138.5,33.70,-6.25,-65.00,45.00,195.00,32:c5:99:9d:b8:94
1783342141.5,33.70,-6.25,-67.00,43.00,195.00,32:c5:99:9d:b8:94
1783342144.5,33.70,-6.25,-62.00,48.00,195.00,32:c5:99:9d:b8:94
1783342147.5,33.70,-6.25,-65.00,45.00,195.00,32:c5:99:9d:b8:94
1783342150.5,33.70,-6.25,-65.00,45.00,195.00,32:c5:99:9d:b8:94
1783342153.5,33.70,-6.25,-65.00,45.00,195.00,32:c5:99:9d:b8:94
1783342156.5,33.70,-6.25,-64.00,46.00,195.00,32:c5:99:9d:b8:94
1783342159.5,33.70,-6.25,-66.00,44.00,195.00,32:c5:99:9d:b8:94
1783342162.5,33.70,-6.25,-64.00,46.00,195.00,32:c5:99:9d:b8:94
1783342165.5,33.70,-6.25,-64.00,46.00,195.00,32:c5:99:9d:b8:94
1783342168.5,33.70,-6.25,-65.00,45.00,195.00,32:c5:99:9d:b8:94
1783342171.5,33.70,-6.25,-65.00,45.00,195.00,32:c5:99:9d:b8:94
1783342174.5,33.70,-6.25,-64.00,46.00,195.00,32:c5:99:9d:b8:94
1783342177.5,33.70,-6.25,-66.00,44.00,195.00,32:c5:99:9d:b8:94
1783342180.5,33.70,-6.25,-65.00,45.00,195.00,32:c5:99:9d:b8:94
1783342183.5,33.70,-6.25,-62.00,48.00,195.00,32:c5:99:9d:b8:94
1783342186.5,33.70,-6.25,-65.00,45.00,195.00,32:c5:99:9d:b8:94
1783342189.5,33.70,-6.25,-65.00,45.00,195.00,32:c5:99:9d:b8:94
1783342192.5,33.70,-6.25,-66.00,44.00,195.00,32:c5:99:9d:b8:94
1783342195.5,33.70,-6.25,-64.00,46.00,195.00,32:c5:99:9d:b8:94
1783342198.5,33.70,-6.25,-65.00,45.00,195.00,32:c5:99:9d:b8:94
1783342201.5,33.70,-6.25,-65.00,45.00,195.00,32:c5:99:9d:b8:94
1783342204.5,33.70,-6.25,-65.00,45.00,195.00,32:c5:99:9d:b8:94
1783342207.5,33.70,-6.25,-65.00,45.00,195.00,32:c5:99:9d:b8:94
1783342210.5,33.70,-6.25,-65.00,45.00,195.00,32:c5:99:9d:b8:94
1783342213.5,33.70,-6.25,-64.00,46.00,195.00,32:c5:99:9d:b8:94
1783342216.5,33.70,-6.25,-65.00,45.00,195.00,32:c5:99:9d:b8:94
1783342219.5,33.70,-6.25,-65.00,45.00,195.00,32:c5:99:9d:b8:94
1783342222.5,33.70,-6.25,-63.00,47.00,195.00,32:c5:99:9d:b8:94
1783342225.5,33.70,-6.25,-65.00,45.00,195.00,32:c5:99:9d:b8:94
1783342228.5,33.70,-6.25,-66.00,44.00,195.00,32:c5:99:9d:b8:94
1783342231.5,33.70,-6.25,-64.00,46.00,195.00,32:c5:99:9d:b8:94
1783342234.5,33.70,-6.25,-65.00,45.00,195.00,32:c5:99:9d:b8:94
1783342237.5,33.70,-6.25,-63.00,47.00,195.00,32:c5:99:9d:b8:94
1783342240.5,33.70,-6.25,-65.00,45.00,195.00,32:c5:99:9d:b8:94
1783342243.5,33.70,-6.25,-65.00,45.00,175.50,32:c5:99:9d:b8:94
1783342246.5,33.70,-6.25,-64.00,46.00,195.00,32:c5:99:9d:b8:94
1783342249.5,33.70,-6.25,-65.00,45.00,195.00,32:c5:99:9d:b8:94
1783342252.5,33.70,-6.25,-66.00,44.00,195.00,32:c5:99:9d:b8:94
1783342255.5,33.70,-6.25,-64.00,46.00,195.00,32:c5:99:9d:b8:94
1783342258.5,33.70,-6.25,-66.00,44.00,195.00,32:c5:99:9d:b8:94
1783342261.5,33.70,-6.25,-65.00,45.00,195.00,32:c5:99:9d:b8:94
1783342264.5,33.70,-6.25,-64.00,46.00,195.00,32:c5:99:9d:b8:94
1783342267.5,33.70,-6.25,-65.00,45.00,195.00,32:c5:99:9d:b8:94
1783342270.5,33.70,-6.25,-65.00,45.00,195.00,32:c5:99:9d:b8:94
1783342273.5,33.70,-6.25,-64.00,46.00,195.00,32:c5:99:9d:b8:94
1783342276.5,33.70,-6.25,-65.00,45.00,195.00,32:c5:99:9d:b8:94
1783342279.5,33.70,-6.25,-64.00,46.00,195.00,32:c5:99:9d:b8:94
1783342282.5,33.70,-6.25,-66.00,44.00,195.00,32:c5:99:9d:b8:94
1783342285.5,33.70,-6.25,-65.00,45.00,195.00,32:c5:99:9d:b8:94
1783342288.5,33.70,-6.25,-66.00,44.00,195.00,32:c5:99:9d:b8:94
1783342291.5,33.70,-6.25,-66.00,44.00,195.00,32:c5:99:9d:b8:94
1783342294.5,33.70,-6.25,-66.00,44.00,195.00,32:c5:99:9d:b8:94
1783342297.5,33.70,-6.25,-64.00,46.00,195.00,32:c5:99:9d:b8:94
1783342300.5,33.70,-6.25,-65.00,45.00,195.00,32:c5:99:9d:b8:94
1783342303.5,33.70,-6.25,-64.00,46.00,195.00,32:c5:99:9d:b8:94
1783342306.5,33.70,-6.25,-64.00,46.00,195.00,32:c5:99:9d:b8:94
1783342309.5,33.70,-6.25,-65.00,45.00,195.00,32:c5:99:9d:b8:94
1783342312.5,33.70,-6.25,-64.00,46.00,195.00,32:c5:99:9d:b8:94
1783342315.5,33.70,-6.25,-65.00,45.00,195.00,32:c5:99:9d:b8:94
1783342318.5,33.70,-6.25,-65.00,45.00,195.00,32:c5:99:9d:b8:94
1783342321.5,33.70,-6.25,-65.00,45.00,195.00,32:c5:99:9d:b8:94
1783342324.5,33.70,-6.25,-66.00,44.00,195.00,32:c5:99:9d:b8:94
1783342327.5,33.70,-6.25,-65.00,45.00,195.00,32:c5:99:9d:b8:94
1783342330.5,33.70,-6.25,-65.00,45.00,195.00,32:c5:99:9d:b8:94
1783342333.5,33.70,-6.25,-66.00,44.00,195.00,32:c5:99:9d:b8:94
1783342336.5,33.70,-6.25,-64.00,46.00,195.00,32:c5:99:9d:b8:94
1783342339.5,33.70,-6.25,-67.00,43.00,195.00,32:c5:99:9d:b8:94
1783342342.5,33.70,-6.25,-65.00,45.00,175.50,32:c5:99:9d:b8:94
1783342345.5,33.70,-6.25,-64.00,46.00,195.00,32:c5:99:9d:b8:94
1783342348.5,33.70,-6.25,-64.00,46.00,195.00,32:c5:99:9d:b8:94
1783342351.5,33.70,-6.25,-64.00,46.00,195.00,32:c5:99:9d:b8:94
1783342354.5,33.70,-6.25,-65.00,45.00,195.00,32:c5:99:9d:b8:94
1783342357.5,33.70,-6.25,-64.00,46.00,195.00,32:c5:99:9d:b8:94
1783342360.5,33.70,-6.25,-65.00,45.00,175.50,32:c5:99:9d:b8:94
1783342363.5,33.70,-6.25,-66.00,44.00,195.00,32:c5:99:9d:b8:94
1783342366.5,33.70,-6.25,-65.00,45.00,195.00,32:c5:99:9d:b8:94
1783342369.5,33.70,-6.25,-64.00,46.00,175.50,32:c5:99:9d:b8:94
1783342372.5,33.70,-6.25,-65.00,45.00,195.00,32:c5:99:9d:b8:94
1783342375.5,33.70,-6.25,-65.00,45.00,195.00,32:c5:99:9d:b8:94
1783342378.5,33.70,-6.25,-65.00,45.00,195.00,32:c5:99:9d:b8:94
1783342381.5,33.70,-6.25,-63.00,47.00,195.00,32:c5:99:9d:b8:94
1783342384.5,33.70,-6.25,-64.00,46.00,195.00,32:c5:99:9d:b8:94
1783342387.5,33.70,-6.25,-64.00,46.00,195.00,32:c5:99:9d:b8:94
1783342390.5,33.70,-6.25,-65.00,45.00,195.00,32:c5:99:9d:b8:94
1783342393.5,33.70,-6.25,-66.00,44.00,195.00,32:c5:99:9d:b8:94
1783342396.5,33.70,-6.25,-64.00,46.00,195.00,32:c5:99:9d:b8:94
1783342399.5,33.70,-6.25,-66.00,44.00,195.00,32:c5:99:9d:b8:94
1783342402.5,33.70,-6.25,-66.00,44.00,195.00,32:c5:99:9d:b8:94
1783342405.5,33.70,-6.25,-64.00,46.00,195.00,32:c5:99:9d:b8:94
1783342408.5,33.70,-6.25,-66.00,44.00,175.50,32:c5:99:9d:b8:94
1783342411.5,33.70,-6.25,-64.00,46.00,175.50,32:c5:99:9d:b8:94
1783342414.5,33.70,-6.25,-65.00,45.00,195.00,32:c5:99:9d:b8:94
1783342417.5,33.70,-6.25,-64.00,46.00,195.00,32:c5:99:9d:b8:94
1783342420.5,33.70,-6.25,-65.00,45.00,195.00,32:c5:99:9d:b8:94
1783342423.5,33.70,-6.25,-65.00,45.00,195.00,32:c5:99:9d:b8:94
1783342426.5,33.70,-6.25,-64.00,46.00,195.00,32:c5:99:9d:b8:94
1783342429.5,33.70,-6.25,-65.00,45.00,195.00,32:c5:99:9d:b8:94
1783342432.5,33.70,-6.25,-64.00,46.00,195.00,32:c5:99:9d:b8:94
1783342435.5,33.70,-6.25,-63.00,47.00,195.00,32:c5:99:9d:b8:94
1783342438.5,33.70,-6.25,-65.00,45.00,195.00,32:c5:99:9d:b8:94
1783342441.5,33.70,-6.25,-66.00,44.00,195.00,32:c5:99:9d:b8:94
1783342444.5,33.70,-6.25,-65.00,45.00,195.00,32:c5:99:9d:b8:94
1783342447.5,33.70,-6.25,-65.00,45.00,195.00,32:c5:99:9d:b8:94
1783342450.5,33.70,-6.25,-66.00,44.00,195.00,32:c5:99:9d:b8:94
1783342453.5,33.70,-6.25,-64.00,46.00,195.00,32:c5:99:9d:b8:94
1783342456.5,33.70,-6.25,-67.00,43.00,175.50,32:c5:99:9d:b8:94
1783342459.5,33.70,-6.25,-65.00,45.00,195.00,32:c5:99:9d:b8:94
1783342462.5,33.70,-6.25,-63.00,47.00,195.00,32:c5:99:9d:b8:94
1783342465.5,33.70,-6.25,-65.00,45.00,195.00,32:c5:99:9d:b8:94
1783342468.5,33.70,-6.25,-66.00,44.00,234.00,32:c5:99:9d:b8:94
1783342471.5,33.70,-6.25,-64.00,46.00,234.00,32:c5:99:9d:b8:94
1783342474.5,33.70,-6.25,-66.00,44.00,195.00,32:c5:99:9d:b8:94
1783342477.5,33.70,-6.25,-64.00,46.00,195.00,32:c5:99:9d:b8:94
1783342480.5,33.70,-6.25,-65.00,45.00,195.00,32:c5:99:9d:b8:94
1783342483.5,33.70,-6.25,-65.00,45.00,195.00,32:c5:99:9d:b8:94
1783342486.5,33.70,-6.25,-65.00,45.00,195.00,32:c5:99:9d:b8:94
1783342489.5,33.70,-6.25,-66.00,44.00,195.00,32:c5:99:9d:b8:94
1783342492.5,33.70,-6.25,-66.00,44.00,195.00,32:c5:99:9d:b8:94
1783342495.5,33.70,-6.25,-64.00,46.00,195.00,32:c5:99:9d:b8:94
1783342498.5,33.70,-6.25,-65.00,45.00,195.00,32:c5:99:9d:b8:94
1783342501.5,33.70,-6.25,-65.00,45.00,195.00,32:c5:99:9d:b8:94
1783342504.5,33.70,-6.25,-66.00,44.00,195.00,32:c5:99:9d:b8:94
1783342507.5,33.70,-6.25,-65.00,45.00,195.00,32:c5:99:9d:b8:94
1783342510.5,33.70,-6.25,-65.00,45.00,195.00,32:c5:99:9d:b8:94
1783342513.5,33.70,-6.25,-66.00,44.00,195.00,32:c5:99:9d:b8:94
1783342516.5,33.70,-6.25,-64.00,46.00,195.00,32:c5:99:9d:b8:94
1783342519.5,33.70,-6.25,-65.00,45.00,195.00,32:c5:99:9d:b8:94
1783342522.5,33.70,-6.25,-66.00,44.00,195.00,32:c5:99:9d:b8:94
1783342525.5,33.70,-6.25,-66.00,44.00,195.00,32:c5:99:9d:b8:94
1783342528.5,33.70,-6.25,-64.00,46.00,195.00,32:c5:99:9d:b8:94
1783342531.5,33.70,-6.25,-65.00,45.00,234.00,32:c5:99:9d:b8:94
1783342534.5,33.70,-6.25,-65.00,45.00,234.00,32:c5:99:9d:b8:94
1783342537.5,33.70,-6.25,-65.00,45.00,195.00,32:c5:99:9d:b8:94
1783342540.5,33.70,-6.25,-64.00,46.00,195.00,32:c5:99:9d:b8:94
1783342543.5,33.70,-6.25,-64.00,46.00,195.00,32:c5:99:9d:b8:94
1783342546.5,33.70,-6.25,-66.00,44.00,195.00,32:c5:99:9d:b8:94
1783342549.5,33.70,-6.25,-64.00,46.00,195.00,32:c5:99:9d:b8:94
1783342552.5,33.70,-6.25,-65.00,45.00,195.00,32:c5:99:9d:b8:94
1783342555.5,33.70,-6.25,-65.00,45.00,195.00,32:c5:99:9d:b8:94
1783342558.5,33.70,-6.25,-64.00,46.00,195.00,32:c5:99:9d:b8:94
1783342561.5,33.70,-6.25,-65.00,45.00,195.00,32:c5:99:9d:b8:94
1783342564.5,33.70,-6.25,-65.00,45.00,234.00,32:c5:99:9d:b8:94
1783342567.5,33.70,-6.25,-66.00,44.00,195.00,32:c5:99:9d:b8:94
1783342570.5,33.70,-6.25,-65.00,45.00,195.00,32:c5:99:9d:b8:94
1783342573.5,33.70,-6.25,-66.00,44.00,195.00,32:c5:99:9d:b8:94
1783342576.5,33.70,-6.25,-65.00,45.00,195.00,32:c5:99:9d:b8:94
1783342579.5,33.70,-6.25,-65.00,45.00,195.00,32:c5:99:9d:b8:94
1783342582.5,33.70,-6.25,-64.00,46.00,195.00,32:c5:99:9d:b8:94
1783342585.5,33.70,-6.25,-64.00,46.00,195.00,32:c5:99:9d:b8:94
1783342588.5,33.70,-6.25,-64.00,46.00,195.00,32:c5:99:9d:b8:94
1783342591.5,33.70,-6.25,-66.00,44.00,195.00,32:c5:99:9d:b8:94
1783342594.5,33.70,-6.25,-63.00,47.00,195.00,32:c5:99:9d:b8:94
1783342597.5,33.70,-6.25,-66.00,44.00,195.00,32:c5:99:9d:b8:94
1783342600.5,33.70,-6.25,-66.00,44.00,195.00,32:c5:99:9d:b8:94
1783342603.5,33.70,-6.25,-66.00,44.00,175.50,32:c5:99:9d:b8:94
1783342606.5,33.70,-6.25,-65.00,45.00,195.00,32:c5:99:9d:b8:94
1783342609.5,33.70,-6.25,-66.00,44.00,195.00,32:c5:99:9d:b8:94
1783342612.5,33.70,-6.25,-65.00,45.00,195.00,32:c5:99:9d:b8:94
1783342615.5,33.70,-6.25,-65.00,45.00,195.00,32:c5:99:9d:b8:94
1783342618.5,33.70,-6.25,-64.00,46.00,195.00,32:c5:99:9d:b8:94
1783342621.5,33.70,-6.25,-64.00,46.00,195.00,32:c5:99:9d:b8:94
1783342624.5,33.70,-6.25,-65.00,45.00,195.00,32:c5:99:9d:b8:94
1783342627.5,33.70,-6.25,-66.00,44.00,195.00,32:c5:99:9d:b8:94
1783342630.5,33.70,-6.25,-65.00,45.00,195.00,32:c5:99:9d:b8:94
1783342633.5,33.70,-6.25,-66.00,44.00,195.00,32:c5:99:9d:b8:94
1783342636.5,33.70,-6.25,-65.00,45.00,195.00,32:c5:99:9d:b8:94
1783342639.5,33.70,-6.25,-66.00,44.00,175.50,32:c5:99:9d:b8:94
1783342642.5,33.70,-6.25,-65.00,45.00,195.00,32:c5:99:9d:b8:94
1783342645.5,33.70,-6.25,-66.00,44.00,195.00,32:c5:99:9d:b8:94
1783342648.5,33.70,-6.25,-65.00,45.00,195.00,32:c5:99:9d:b8:94
1783342651.5,33.70,-6.25,-66.00,44.00,195.00,32:c5:99:9d:b8:94
1783342654.5,33.70,-6.25,-64.00,46.00,195.00,32:c5:99:9d:b8:94
1783342657.5,33.70,-6.25,-66.00,44.00,175.50,32:c5:99:9d:b8:94
1783342660.5,33.70,-6.25,-66.00,44.00,195.00,32:c5:99:9d:b8:94
1783342663.5,33.70,-6.25,-66.00,44.00,195.00,32:c5:99:9d:b8:94
1783342666.5,33.70,-6.25,-64.00,46.00,195.00,32:c5:99:9d:b8:94
1783342669.5,33.70,-6.25,-65.00,45.00,175.50,32:c5:99:9d:b8:94
1783342672.5,33.70,-6.25,-65.00,45.00,195.00,32:c5:99:9d:b8:94
1783342675.5,33.70,-6.25,-65.00,45.00,175.50,32:c5:99:9d:b8:94
1783342678.5,33.70,-6.25,-66.00,44.00,195.00,32:c5:99:9d:b8:94
1783342681.5,33.70,-6.25,-65.00,45.00,195.00,32:c5:99:9d:b8:94
1783342684.5,33.70,-6.25,-65.00,45.00,195.00,32:c5:99:9d:b8:94
1783342687.5,33.70,-6.25,-65.00,45.00,175.50,32:c5:99:9d:b8:94
1783342690.5,33.70,-6.25,-64.00,46.00,195.00,32:c5:99:9d:b8:94
1783342693.5,33.70,-6.25,-66.00,44.00,175.50,32:c5:99:9d:b8:94
1783342696.5,33.70,-6.25,-65.00,45.00,195.00,32:c5:99:9d:b8:94
1783342699.5,33.70,-6.25,-64.00,46.00,195.00,32:c5:99:9d:b8:94
1783342702.5,33.70,-6.25,-63.00,47.00,195.00,32:c5:99:9d:b8:94
1783342705.5,33.70,-6.25,-65.00,45.00,195.00,32:c5:99:9d:b8:94
1783342708.5,33.70,-6.25,-66.00,44.00,175.50,32:c5:99:9d:b8:94
1783342711.5,33.70,-6.25,-66.00,44.00,195.00,32:c5:99:9d:b8:94
1783342714.5,33.70,-6.25,-65.00,45.00,234.00,32:c5:99:9d:b8:94
1783342717.5,33.70,-6.25,-67.00,43.00,195.00,32:c5:99:9d:b8:94
1783342720.5,33.70,-6.25,-63.00,47.00,234.00,32:c5:99:9d:b8:94
1783342723.5,33.70,-6.25,-65.00,45.00,195.00,32:c5:99:9d:b8:94
1783342726.5,33.70,-6.25,-65.00,45.00,195.00,32:c5:99:9d:b8:94
1783342729.5,33.70,-6.25,-65.00,45.00,175.50,32:c5:99:9d:b8:94
1783342732.5,33.70,-6.25,-67.00,43.00,195.00,32:c5:99:9d:b8:94
1783342735.5,33.70,-6.25,-65.00,45.00,175.50,32:c5:99:9d:b8:94
1783342738.5,33.70,-6.25,-65.00,45.00,195.00,32:c5:99:9d:b8:94
1783342741.5,33.70,-6.25,-64.00,46.00,234.00,32:c5:99:9d:b8:94
1783342744.5,33.70,-6.25,-64.00,46.00,195.00,32:c5:99:9d:b8:94
1783342747.5,33.70,-6.25,-64.00,46.00,234.00,32:c5:99:9d:b8:94
1783342750.5,33.70,-6.25,-66.00,44.00,195.00,32:c5:99:9d:b8:94
1783342753.5,33.70,-6.25,-65.00,45.00,175.50,32:c5:99:9d:b8:94
1783342756.5,33.70,-6.25,-66.00,44.00,195.00,32:c5:99:9d:b8:94
1783342759.5,33.70,-6.25,-65.00,45.00,175.50,32:c5:99:9d:b8:94
1783342762.5,33.70,-6.25,-65.00,45.00,175.50,32:c5:99:9d:b8:94
1783342765.5,33.70,-6.25,-64.00,46.00,195.00,32:c5:99:9d:b8:94
1783342768.5,33.70,-6.25,-65.00,45.00,234.00,32:c5:99:9d:b8:94
1783342771.5,33.70,-6.25,-64.00,46.00,195.00,32:c5:99:9d:b8:94
1783342774.5,33.70,-6.25,-65.00,45.00,195.00,32:c5:99:9d:b8:94
1783342777.5,33.70,-6.25,-64.00,46.00,195.00,32:c5:99:9d:b8:94
1783342780.5,33.70,-6.25,-63.00,47.00,175.50,32:c5:99:9d:b8:94
1783342783.5,33.70,-6.25,-65.00,45.00,195.00,32:c5:99:9d:b8:94
1783342786.5,33.70,-6.25,-66.00,44.00,195.00,32:c5:99:9d:b8:94
1783342789.5,33.70,-6.25,-65.00,45.00,195.00,32:c5:99:9d:b8:94
1783342792.5,33.70,-6.25,-65.00,45.00,195.00,32:c5:99:9d:b8:94
1783342795.5,33.70,-6.25,-66.00,44.00,195.00,32:c5:99:9d:b8:94
1783342798.5,33.70,-6.25,-65.00,45.00,234.00,32:c5:99:9d:b8:94
1783342801.5,33.70,-6.25,-64.00,46.00,195.00,32:c5:99:9d:b8:94
1783342804.5,33.70,-6.25,-64.00,46.00,195.00,32:c5:99:9d:b8:94
1783342807.5,33.70,-6.25,-65.00,45.00,195.00,32:c5:99:9d:b8:94
1783342810.5,33.70,-6.25,-65.00,45.00,195.00,32:c5:99:9d:b8:94
1783342813.5,33.70,-6.25,-64.00,46.00,175.50,32:c5:99:9d:b8:94
1783342816.5,33.70,-6.25,-64.00,46.00,195.00,32:c5:99:9d:b8:94
1783342819.5,33.70,-6.25,-65.00,45.00,195.00,32:c5:99:9d:b8:94
1783342822.5,33.70,-6.25,-65.00,45.00,195.00,32:c5:99:9d:b8:94
1783342825.5,33.70,-6.25,-64.00,46.00,195.00,32:c5:99:9d:b8:94
1783342828.5,33.70,-6.25,-65.00,45.00,195.00,32:c5:99:9d:b8:94
1783342831.5,33.70,-6.25,-66.00,44.00,195.00,32:c5:99:9d:b8:94
1783342834.5,33.70,-6.25,-65.00,45.00,195.00,32:c5:99:9d:b8:94
1783342837.5,33.70,-6.25,-64.00,46.00,195.00,32:c5:99:9d:b8:94
1783342840.5,33.70,-6.25,-65.00,45.00,195.00,32:c5:99:9d:b8:94
1783342843.5,33.70,-6.25,-65.00,45.00,195.00,32:c5:99:9d:b8:94
1783342846.5,33.70,-6.25,-65.00,45.00,195.00,32:c5:99:9d:b8:94
1783342849.5,33.70,-6.25,-65.00,45.00,195.00,32:c5:99:9d:b8:94
1783342852.5,33.70,-6.25,-65.00,45.00,195.00,32:c5:99:9d:b8:94
1783342855.5,33.70,-6.25,-64.00,46.00,195.00,32:c5:99:9d:b8:94
1783342858.5,33.70,-6.25,-66.00,44.00,195.00,32:c5:99:9d:b8:94
1783342861.5,33.70,-6.25,-65.00,45.00,195.00,32:c5:99:9d:b8:94
1783342864.5,33.70,-6.25,-64.00,46.00,195.00,32:c5:99:9d:b8:94
1783342867.5,33.70,-6.25,-65.00,45.00,195.00,32:c5:99:9d:b8:94
1783342870.5,33.70,-6.25,-66.00,44.00,195.00,32:c5:99:9d:b8:94
1783342873.5,33.70,-6.25,-65.00,45.00,195.00,32:c5:99:9d:b8:94
1783342876.5,33.70,-6.25,-64.00,46.00,195.00,32:c5:99:9d:b8:94
1783342879.5,33.70,-6.25,-64.00,46.00,195.00,32:c5:99:9d:b8:94
1783342882.5,33.70,-6.25,-64.00,46.00,195.00,32:c5:99:9d:b8:94
1783342885.5,33.70,-6.25,-64.00,46.00,195.00,32:c5:99:9d:b8:94
1783342888.5,33.70,-6.25,-65.00,45.00,195.00,32:c5:99:9d:b8:94
1783342891.5,33.70,-6.25,-64.00,46.00,195.00,32:c5:99:9d:b8:94
1783342894.5,33.70,-6.25,-66.00,44.00,195.00,32:c5:99:9d:b8:94
1783342897.5,33.70,-6.25,-65.00,45.00,195.00,32:c5:99:9d:b8:94
1783342900.5,33.70,-6.25,-64.00,46.00,195.00,32:c5:99:9d:b8:94
1783342903.5,33.70,-6.25,-65.00,45.00,195.00,32:c5:99:9d:b8:94
1783342906.5,33.70,-6.25,-64.00,46.00,175.50,32:c5:99:9d:b8:94
1783342909.5,33.70,-6.25,-63.00,47.00,195.00,32:c5:99:9d:b8:94
1783342912.5,33.70,-6.25,-65.00,45.00,195.00,32:c5:99:9d:b8:94
1783342915.5,33.70,-6.25,-65.00,45.00,195.00,32:c5:99:9d:b8:94
1783342918.5,33.70,-6.25,-65.00,45.00,195.00,32:c5:99:9d:b8:94
1783342921.5,33.70,-6.25,-66.00,44.00,195.00,32:c5:99:9d:b8:94
1783342924.5,33.70,-6.25,-66.00,44.00,195.00,32:c5:99:9d:b8:94
1783342927.5,33.70,-6.25,-64.00,46.00,195.00,32:c5:99:9d:b8:94
1783342930.5,33.70,-6.25,-63.00,47.00,195.00,32:c5:99:9d:b8:94
1783342933.5,33.70,-6.25,-66.00,44.00,195.00,32:c5:99:9d:b8:94
1783342936.5,33.70,-6.25,-65.00,45.00,195.00,32:c5:99:9d:b8:94
1783342939.5,33.70,-6.25,-63.00,47.00,195.00,32:c5:99:9d:b8:94
1783342942.5,33.70,-6.25,-65.00,45.00,195.00,32:c5:99:9d:b8:94
1783342945.5,33.70,-6.25,-64.00,46.00,195.00,32:c5:99:9d:b8:94
1783342948.5,33.70,-6.25,-65.00,45.00,195.00,32:c5:99:9d:b8:94
1783342951.5,33.70,-6.25,-65.00,45.00,195.00,32:c5:99:9d:b8:94
1783342954.5,33.70,-6.25,-64.00,46.00,195.00,32:c5:99:9d:b8:94
1783342957.5,33.70,-6.25,-64.00,46.00,195.00,32:c5:99:9d:b8:94
1783342960.5,33.70,-6.25,-66.00,44.00,195.00,32:c5:99:9d:b8:94
1783342963.5,33.70,-6.25,-64.00,46.00,195.00,32:c5:99:9d:b8:94
1783342966.5,33.70,-6.25,-67.00,43.00,195.00,32:c5:99:9d:b8:94
1783342969.5,33.70,-6.25,-66.00,44.00,195.00,32:c5:99:9d:b8:94
1783342972.5,33.70,-6.25,-63.00,47.00,195.00,32:c5:99:9d:b8:94
1783342975.5,33.70,-6.25,-63.00,47.00,195.00,32:c5:99:9d:b8:94
1783342978.5,33.70,-6.25,-66.00,44.00,195.00,32:c5:99:9d:b8:94
1783342981.5,33.70,-6.25,-64.00,46.00,195.00,32:c5:99:9d:b8:94
1783342984.5,33.70,-6.25,-65.00,45.00,195.00,32:c5:99:9d:b8:94
1783342987.5,33.70,-6.25,-65.00,45.00,195.00,32:c5:99:9d:b8:94
1783342990.5,33.70,-6.25,-66.00,44.00,195.00,32:c5:99:9d:b8:94
1783342993.5,33.70,-6.25,-66.00,44.00,195.00,32:c5:99:9d:b8:94
1783342996.5,33.70,-6.25,-65.00,45.00,195.00,32:c5:99:9d:b8:94
1783342999.5,33.70,-6.25,-65.00,45.00,195.00,32:c5:99:9d:b8:94
1783343002.5,33.70,-6.25,-64.00,46.00,195.00,32:c5:99:9d:b8:94
1783343005.5,33.70,-6.25,-65.00,45.00,195.00,32:c5:99:9d:b8:94
1783343008.5,33.70,-6.25,-65.00,45.00,195.00,32:c5:99:9d:b8:94
1783343011.5,33.70,-6.25,-66.00,44.00,195.00,32:c5:99:9d:b8:94
1783343014.5,33.70,-6.25,-66.00,44.00,195.00,32:c5:99:9d:b8:94
1783343017.5,33.70,-6.25,-65.00,45.00,195.00,32:c5:99:9d:b8:94
1783343020.5,33.70,-6.25,-65.00,45.00,195.00,32:c5:99:9d:b8:94
1783343023.5,33.70,-6.25,-65.00,45.00,195.00,32:c5:99:9d:b8:94
1783343026.5,33.70,-6.25,-66.00,44.00,195.00,32:c5:99:9d:b8:94
1783343029.5,33.70,-6.25,-65.00,45.00,195.00,32:c5:99:9d:b8:94
1783343032.5,33.70,-6.25,-64.00,46.00,195.00,32:c5:99:9d:b8:94
1783343035.5,33.70,-6.25,-64.00,46.00,195.00,32:c5:99:9d:b8:94
1783343038.5,33.70,-6.25,-65.00,45.00,195.00,32:c5:99:9d:b8:94
1783343041.5,33.70,-6.25,-66.00,44.00,195.00,32:c5:99:9d:b8:94
1783343044.5,33.70,-6.25,-63.00,47.00,195.00,32:c5:99:9d:b8:94
1783343047.5,33.70,-6.25,-65.00,45.00,195.00,32:c5:99:9d:b8:94
1783343050.5,33.70,-6.25,-66.00,44.00,195.00,32:c5:99:9d:b8:94
1783343053.5,33.70,-6.25,-64.00,46.00,195.00,32:c5:99:9d:b8:94
1783343056.5,33.70,-6.25,-65.00,45.00,195.00,32:c5:99:9d:b8:94
1783343059.5,33.70,-6.25,-64.00,46.00,195.00,32:c5:99:9d:b8:94
1783343062.5,33.70,-6.25,-64.00,46.00,195.00,32:c5:99:9d:b8:94
1783343065.5,33.70,-6.25,-65.00,45.00,195.00,32:c5:99:9d:b8:94
1783343068.5,33.70,-6.25,-64.00,46.00,195.00,32:c5:99:9d:b8:94
1783343071.5,33.70,-6.25,-65.00,45.00,195.00,32:c5:99:9d:b8:94
1783343074.5,33.70,-6.25,-65.00,45.00,195.00,32:c5:99:9d:b8:94
1783343077.5,33.70,-6.25,-65.00,45.00,195.00,32:c5:99:9d:b8:94
1783343080.5,33.70,-6.25,-65.00,45.00,195.00,32:c5:99:9d:b8:94
1783343083.5,33.70,-6.25,-66.00,44.00,195.00,32:c5:99:9d:b8:94
1783343086.5,33.70,-6.25,-64.00,46.00,195.00,32:c5:99:9d:b8:94
1783343089.5,33.70,-6.25,-66.00,44.00,195.00,32:c5:99:9d:b8:94
1783343092.5,33.70,-6.25,-66.00,44.00,195.00,32:c5:99:9d:b8:94
1783343095.5,33.70,-6.25,-64.00,46.00,195.00,32:c5:99:9d:b8:94
1783343098.5,33.70,-6.25,-65.00,45.00,195.00,32:c5:99:9d:b8:94
1783343101.5,33.70,-6.25,-66.00,44.00,195.00,32:c5:99:9d:b8:94
1783343104.5,33.70,-6.25,-64.00,46.00,195.00,32:c5:99:9d:b8:94
1783343107.5,33.70,-6.25,-66.00,44.00,195.00,32:c5:99:9d:b8:94
1783343110.5,33.70,-6.25,-66.00,44.00,195.00,32:c5:99:9d:b8:94
1783343113.5,33.70,-6.25,-63.00,47.00,195.00,32:c5:99:9d:b8:94
1783343116.5,33.70,-6.25,-66.00,44.00,195.00,32:c5:99:9d:b8:94
1783343119.5,33.70,-6.25,-65.00,45.00,195.00,32:c5:99:9d:b8:94
1783343122.5,33.70,-6.25,-63.00,47.00,195.00,32:c5:99:9d:b8:94
1783343125.5,33.70,-6.25,-65.00,45.00,195.00,32:c5:99:9d:b8:94
1783343128.5,33.70,-6.25,-65.00,45.00,195.00,32:c5:99:9d:b8:94
1783343131.5,33.70,-6.25,-65.00,45.00,195.00,32:c5:99:9d:b8:94
1783343134.5,33.70,-6.25,-65.00,45.00,195.00,32:c5:99:9d:b8:94
1783343137.5,33.70,-6.25,-64.00,46.00,195.00,32:c5:99:9d:b8:94
1783343140.5,33.70,-6.25,-65.00,45.00,195.00,32:c5:99:9d:b8:94
1783343143.5,33.70,-6.25,-66.00,44.00,195.00,32:c5:99:9d:b8:94
1783343146.5,33.70,-6.25,-66.00,44.00,260.00,32:c5:99:9d:b8:94
1783343149.5,33.70,-6.25,-65.00,45.00,195.00,32:c5:99:9d:b8:94
1783343152.5,33.70,-6.25,-64.00,46.00,195.00,32:c5:99:9d:b8:94
1783343155.5,33.70,-6.25,-65.00,45.00,195.00,32:c5:99:9d:b8:94
1783343158.5,33.70,-6.25,-66.00,44.00,195.00,32:c5:99:9d:b8:94
1783343161.5,33.70,-6.25,-66.00,44.00,195.00,32:c5:99:9d:b8:94
1783343164.5,33.70,-6.25,-66.00,44.00,195.00,32:c5:99:9d:b8:94
1783343167.5,33.70,-6.25,-66.00,44.00,195.00,32:c5:99:9d:b8:94
1783343170.5,33.70,-6.25,-66.00,44.00,195.00,32:c5:99:9d:b8:94
1783343173.5,33.70,-6.25,-65.00,45.00,195.00,32:c5:99:9d:b8:94
1783343176.5,33.70,-6.25,-67.00,43.00,195.00,32:c5:99:9d:b8:94
1783343179.5,33.70,-6.25,-65.00,45.00,195.00,32:c5:99:9d:b8:94
1783343182.5,33.70,-6.25,-65.00,45.00,195.00,32:c5:99:9d:b8:94
1783343185.5,33.70,-6.25,-65.00,45.00,195.00,32:c5:99:9d:b8:94
1783343188.5,33.70,-6.25,-66.00,44.00,195.00,32:c5:99:9d:b8:94
1783343191.5,33.70,-6.25,-66.00,44.00,195.00,32:c5:99:9d:b8:94
1783343194.5,33.70,-6.25,-65.00,45.00,195.00,32:c5:99:9d:b8:94
1783343197.5,33.70,-6.25,-64.00,46.00,195.00,32:c5:99:9d:b8:94
1783343200.5,33.70,-6.25,-63.00,47.00,195.00,32:c5:99:9d:b8:94
1783343203.5,33.70,-6.25,-66.00,44.00,195.00,32:c5:99:9d:b8:94
1783343206.5,33.70,-6.25,-66.00,44.00,195.00,32:c5:99:9d:b8:94
1783343209.5,33.70,-6.25,-64.00,46.00,195.00,32:c5:99:9d:b8:94
1783343212.5,33.70,-6.25,-66.00,44.00,195.00,32:c5:99:9d:b8:94
1783343215.5,33.70,-6.25,-64.00,46.00,195.00,32:c5:99:9d:b8:94
1783343218.5,33.70,-6.25,-65.00,45.00,195.00,32:c5:99:9d:b8:94
1783343221.5,33.70,-6.25,-65.00,45.00,195.00,32:c5:99:9d:b8:94
1783343224.5,33.70,-6.25,-64.00,46.00,195.00,32:c5:99:9d:b8:94
1783343227.5,33.70,-6.25,-65.00,45.00,195.00,32:c5:99:9d:b8:94
1783343230.5,33.70,-6.25,-66.00,44.00,195.00,32:c5:99:9d:b8:94
1783343233.5,33.70,-6.25,-65.00,45.00,195.00,32:c5:99:9d:b8:94
1783343236.5,33.70,-6.25,-65.00,45.00,195.00,32:c5:99:9d:b8:94
1783343239.5,33.70,-6.25,-65.00,45.00,195.00,32:c5:99:9d:b8:94
1783343242.5,33.70,-6.25,-65.00,45.00,195.00,32:c5:99:9d:b8:94
1783343245.5,33.70,-6.25,-64.00,46.00,195.00,32:c5:99:9d:b8:94
1783343248.5,33.70,-6.25,-66.00,44.00,195.00,32:c5:99:9d:b8:94
1783343251.5,33.70,-6.25,-64.00,46.00,195.00,32:c5:99:9d:b8:94
1783343254.5,33.70,-6.25,-64.00,46.00,195.00,32:c5:99:9d:b8:94
1783343257.5,33.70,-6.25,-66.00,44.00,195.00,32:c5:99:9d:b8:94
1783343260.5,33.70,-6.25,-65.00,45.00,195.00,32:c5:99:9d:b8:94
1783343263.5,33.70,-6.25,-66.00,44.00,195.00,32:c5:99:9d:b8:94
1783343266.5,33.70,-6.25,-66.00,44.00,195.00,32:c5:99:9d:b8:94
1783343269.5,33.70,-6.25,-64.00,46.00,195.00,32:c5:99:9d:b8:94
1783343272.5,33.70,-6.25,-66.00,44.00,195.00,32:c5:99:9d:b8:94
1783343275.5,33.70,-6.25,-65.00,45.00,195.00,32:c5:99:9d:b8:94
1783343278.5,33.70,-6.25,-66.00,44.00,195.00,32:c5:99:9d:b8:94
1783343281.5,33.70,-6.25,-66.00,44.00,195.00,32:c5:99:9d:b8:94
1783343284.5,33.70,-6.25,-64.00,46.00,195.00,32:c5:99:9d:b8:94
1783343287.5,33.70,-6.25,-65.00,45.00,195.00,32:c5:99:9d:b8:94
1783343290.5,33.70,-6.25,-66.00,44.00,195.00,32:c5:99:9d:b8:94
1783343293.5,33.70,-6.25,-65.00,45.00,195.00,32:c5:99:9d:b8:94
1783343296.5,33.70,-6.25,-67.00,43.00,195.00,32:c5:99:9d:b8:94
1783343299.5,33.70,-6.25,-66.00,44.00,195.00,32:c5:99:9d:b8:94
1783343302.5,33.70,-6.25,-65.00,45.00,175.50,32:c5:99:9d:b8:94
1783343305.5,33.70,-6.25,-65.00,45.00,195.00,32:c5:99:9d:b8:94
1783343308.5,33.70,-6.25,-64.00,46.00,195.00,32:c5:99:9d:b8:94
1783343311.5,33.70,-6.25,-66.00,44.00,195.00,32:c5:99:9d:b8:94
1783343314.5,33.70,-6.25,-65.00,45.00,195.00,32:c5:99:9d:b8:94
1783343317.5,33.70,-6.25,-64.00,46.00,195.00,32:c5:99:9d:b8:94
1783343320.5,33.70,-6.25,-64.00,46.00,195.00,32:c5:99:9d:b8:94
1783343323.5,33.70,-6.25,-65.00,45.00,195.00,32:c5:99:9d:b8:94
1783343326.5,33.70,-6.25,-64.00,46.00,195.00,32:c5:99:9d:b8:94
1783343329.5,33.70,-6.25,-64.00,46.00,195.00,32:c5:99:9d:b8:94
1783343332.5,33.70,-6.25,-66.00,44.00,195.00,32:c5:99:9d:b8:94
1783343335.5,33.70,-6.25,-66.00,44.00,195.00,32:c5:99:9d:b8:94
1783343338.5,33.70,-6.25,-64.00,46.00,195.00,32:c5:99:9d:b8:94
1783343341.5,33.70,-6.25,-64.00,46.00,195.00,32:c5:99:9d:b8:94
1783343344.5,33.70,-6.25,-66.00,44.00,195.00,32:c5:99:9d:b8:94
1783343347.5,33.70,-6.25,-64.00,46.00,195.00,32:c5:99:9d:b8:94
1783343350.5,33.70,-6.25,-66.00,44.00,195.00,32:c5:99:9d:b8:94
1783343353.5,33.70,-6.25,-66.00,44.00,195.00,32:c5:99:9d:b8:94
1783343356.5,33.70,-6.25,-65.00,45.00,195.00,32:c5:99:9d:b8:94
1783343359.5,33.70,-6.25,-65.00,45.00,195.00,32:c5:99:9d:b8:94
1783343362.5,33.70,-6.25,-64.00,46.00,195.00,32:c5:99:9d:b8:94
1783343365.5,33.70,-6.25,-65.00,45.00,195.00,32:c5:99:9d:b8:94
1783343368.5,33.70,-6.25,-65.00,45.00,195.00,32:c5:99:9d:b8:94
1783343371.5,33.70,-6.25,-65.00,45.00,195.00,32:c5:99:9d:b8:94
1783343374.5,33.70,-6.25,-66.00,44.00,195.00,32:c5:99:9d:b8:94
1783343377.5,33.70,-6.25,-65.00,45.00,195.00,32:c5:99:9d:b8:94
1783343380.5,33.70,-6.25,-66.00,44.00,195.00,32:c5:99:9d:b8:94
1783343383.5,33.70,-6.25,-66.00,44.00,195.00,32:c5:99:9d:b8:94
1783343386.5,33.70,-6.25,-65.00,45.00,195.00,32:c5:99:9d:b8:94
1783343389.5,33.70,-6.25,-67.00,43.00,195.00,32:c5:99:9d:b8:94
1783343392.5,33.70,-6.25,-66.00,44.00,195.00,32:c5:99:9d:b8:94
1783343395.5,33.70,-6.25,-64.00,46.00,195.00,32:c5:99:9d:b8:94
1783343398.5,33.70,-6.25,-67.00,43.00,195.00,32:c5:99:9d:b8:94
1783343401.5,33.70,-6.25,-65.00,45.00,195.00,32:c5:99:9d:b8:94
1783343404.5,33.70,-6.25,-65.00,45.00,195.00,32:c5:99:9d:b8:94
1783343407.5,33.70,-6.25,-66.00,44.00,195.00,32:c5:99:9d:b8:94
1783343410.5,33.70,-6.25,-65.00,45.00,263.20,32:c5:99:9d:b8:94
1783343413.5,33.70,-6.25,-66.00,44.00,260.00,32:c5:99:9d:b8:94
1783343416.5,33.70,-6.25,-65.00,45.00,195.00,32:c5:99:9d:b8:94
1783343419.5,33.70,-6.25,-65.00,45.00,195.00,32:c5:99:9d:b8:94
1783343422.5,33.70,-6.25,-65.00,45.00,195.00,32:c5:99:9d:b8:94
1783343425.5,33.70,-6.25,-64.00,46.00,195.00,32:c5:99:9d:b8:94
1783343428.5,33.70,-6.25,-65.00,45.00,195.00,32:c5:99:9d:b8:94
1783343431.5,33.70,-6.25,-65.00,45.00,195.00,32:c5:99:9d:b8:94
1783343434.5,33.70,-6.25,-65.00,45.00,195.00,32:c5:99:9d:b8:94
1783343437.5,33.70,-6.25,-65.00,45.00,195.00,32:c5:99:9d:b8:94
1783343440.5,33.70,-6.25,-65.00,45.00,195.00,32:c5:99:9d:b8:94
1783343443.5,33.70,-6.25,-66.00,44.00,195.00,32:c5:99:9d:b8:94
1783343446.5,33.70,-6.25,-65.00,45.00,195.00,32:c5:99:9d:b8:94
1783343449.5,33.70,-6.25,-64.00,46.00,195.00,32:c5:99:9d:b8:94
1783343452.5,33.70,-6.25,-65.00,45.00,195.00,32:c5:99:9d:b8:94
1783343455.5,33.70,-6.25,-65.00,45.00,195.00,32:c5:99:9d:b8:94
1783343458.5,33.70,-6.25,-64.00,46.00,195.00,32:c5:99:9d:b8:94
1783343461.5,33.70,-6.25,-66.00,44.00,195.00,32:c5:99:9d:b8:94
1783343464.5,33.70,-6.25,-64.00,46.00,175.50,32:c5:99:9d:b8:94
1783343467.5,33.70,-6.25,-65.00,45.00,234.00,32:c5:99:9d:b8:94
1783343470.5,33.70,-6.25,-65.00,45.00,195.00,32:c5:99:9d:b8:94
1783343473.5,33.70,-6.25,-65.00,45.00,195.00,32:c5:99:9d:b8:94
1783343476.5,33.70,-6.25,-65.00,45.00,195.00,32:c5:99:9d:b8:94
1783343479.5,33.70,-6.25,-65.00,45.00,195.00,32:c5:99:9d:b8:94
1783343482.5,33.70,-6.25,-65.00,45.00,195.00,32:c5:99:9d:b8:94
1783343485.5,33.70,-6.25,-66.00,44.00,195.00,32:c5:99:9d:b8:94
1783343488.5,33.70,-6.25,-64.00,46.00,195.00,32:c5:99:9d:b8:94
1783343491.5,33.70,-6.25,-65.00,45.00,195.00,32:c5:99:9d:b8:94
1783343494.5,33.70,-6.25,-64.00,46.00,195.00,32:c5:99:9d:b8:94
1783343497.5,33.70,-6.25,-64.00,46.00,195.00,32:c5:99:9d:b8:94
1783343500.5,33.70,-6.25,-66.00,44.00,195.00,32:c5:99:9d:b8:94
1783343503.5,33.70,-6.25,-64.00,46.00,195.00,32:c5:99:9d:b8:94
1783343506.5,33.70,-6.25,-65.00,45.00,195.00,32:c5:99:9d:b8:94
1783343509.5,33.70,-6.25,-66.00,44.00,195.00,32:c5:99:9d:b8:94
1783343512.5,33.70,-6.25,-65.00,45.00,195.00,32:c5:99:9d:b8:94
1783343515.5,33.70,-6.25,-64.00,46.00,195.00,32:c5:99:9d:b8:94
1783343518.5,33.70,-6.25,-65.00,45.00,195.00,32:c5:99:9d:b8:94
1783343521.5,33.70,-6.25,-65.00,45.00,195.00,32:c5:99:9d:b8:94
1783343524.5,33.70,-6.25,-66.00,44.00,195.00,32:c5:99:9d:b8:94
1783343527.5,33.70,-6.25,-65.00,45.00,195.00,32:c5:99:9d:b8:94
1783343530.5,33.70,-6.25,-64.00,46.00,195.00,32:c5:99:9d:b8:94
1783343533.5,33.70,-6.25,-64.00,46.00,195.00,32:c5:99:9d:b8:94
1783343536.5,33.70,-6.25,-66.00,44.00,175.50,32:c5:99:9d:b8:94
1783343539.5,33.70,-6.25,-66.00,44.00,195.00,32:c5:99:9d:b8:94
1783343542.5,33.70,-6.25,-65.00,45.00,195.00,32:c5:99:9d:b8:94
1783343545.5,33.70,-6.25,-66.00,44.00,195.00,32:c5:99:9d:b8:94
1783343548.5,33.70,-6.25,-65.00,45.00,195.00,32:c5:99:9d:b8:94
1783343551.5,33.70,-6.25,-65.00,45.00,195.00,32:c5:99:9d:b8:94
1783343554.5,33.70,-6.25,-63.00,47.00,175.50,32:c5:99:9d:b8:94
1783343557.5,33.70,-6.25,-66.00,44.00,195.00,32:c5:99:9d:b8:94
1783343560.5,33.70,-6.25,-64.00,46.00,175.50,32:c5:99:9d:b8:94
1783343563.5,33.70,-6.25,-64.00,46.00,195.00,32:c5:99:9d:b8:94
1783343566.5,33.70,-6.25,-67.00,43.00,260.00,32:c5:99:9d:b8:94
1783343569.5,33.70,-6.25,-63.00,47.00,195.00,32:c5:99:9d:b8:94
1783343572.5,33.70,-6.25,-63.00,47.00,195.00,32:c5:99:9d:b8:94
1783343575.5,33.70,-6.25,-64.00,46.00,195.00,32:c5:99:9d:b8:94
1783343578.5,33.70,-6.25,-63.00,47.00,195.00,32:c5:99:9d:b8:94
1783343581.5,33.70,-6.25,-65.00,45.00,175.50,32:c5:99:9d:b8:94
1783343584.5,33.70,-6.25,-65.00,45.00,195.00,32:c5:99:9d:b8:94
1783343587.5,33.70,-6.25,-64.00,46.00,195.00,32:c5:99:9d:b8:94
1783343590.5,33.70,-6.25,-64.00,46.00,195.00,32:c5:99:9d:b8:94
1783343593.5,33.70,-6.25,-65.00,45.00,175.50,32:c5:99:9d:b8:94
1783343596.5,33.70,-6.25,-66.00,44.00,195.00,32:c5:99:9d:b8:94
1783343599.5,33.70,-6.25,-65.00,45.00,234.00,32:c5:99:9d:b8:94
1783343602.5,33.70,-6.25,-66.00,44.00,195.00,32:c5:99:9d:b8:94
1783343605.5,33.70,-6.25,-66.00,44.00,195.00,32:c5:99:9d:b8:94
1783343608.5,33.70,-6.25,-65.00,45.00,234.00,32:c5:99:9d:b8:94
1783343611.5,33.70,-6.25,-66.00,44.00,195.00,32:c5:99:9d:b8:94
1783343614.5,33.70,-6.25,-65.00,45.00,175.50,32:c5:99:9d:b8:94
1783343617.5,33.70,-6.25,-63.00,47.00,195.00,32:c5:99:9d:b8:94
1783343620.5,33.70,-6.25,-65.00,45.00,175.50,32:c5:99:9d:b8:94
1783343623.5,33.70,-6.25,-66.00,44.00,195.00,32:c5:99:9d:b8:94
1783343626.5,33.70,-6.25,-64.00,46.00,195.00,32:c5:99:9d:b8:94
1783343629.5,33.70,-6.25,-62.00,48.00,195.00,32:c5:99:9d:b8:94
1783343632.5,33.70,-6.25,-66.00,44.00,195.00,32:c5:99:9d:b8:94
1783343635.5,33.70,-6.25,-65.00,45.00,195.00,32:c5:99:9d:b8:94
1783343638.5,33.70,-6.25,-64.00,46.00,195.00,32:c5:99:9d:b8:94
1783343641.5,33.70,-6.25,-63.00,47.00,195.00,32:c5:99:9d:b8:94
1783343644.5,33.70,-6.25,-65.00,45.00,195.00,32:c5:99:9d:b8:94
1783343647.5,33.70,-6.25,-65.00,45.00,195.00,32:c5:99:9d:b8:94
1783343650.5,33.70,-6.25,-65.00,45.00,195.00,32:c5:99:9d:b8:94
1783343653.5,33.70,-6.25,-64.00,46.00,175.50,32:c5:99:9d:b8:94
1783343656.5,33.70,-6.25,-65.00,45.00,195.00,32:c5:99:9d:b8:94
1783343659.5,33.70,-6.25,-65.00,45.00,234.00,32:c5:99:9d:b8:94
1783343662.5,33.70,-6.25,-65.00,45.00,195.00,32:c5:99:9d:b8:94
1783343665.5,33.70,-6.25,-66.00,44.00,195.00,32:c5:99:9d:b8:94
1783343668.5,33.70,-6.25,-65.00,45.00,195.00,32:c5:99:9d:b8:94
1783343671.5,33.70,-6.25,-64.00,46.00,195.00,32:c5:99:9d:b8:94
1783343674.5,33.70,-6.25,-65.00,45.00,195.00,32:c5:99:9d:b8:94
1783343677.5,33.70,-6.25,-65.00,45.00,195.00,32:c5:99:9d:b8:94
1783343680.5,33.70,-6.25,-65.00,45.00,234.00,32:c5:99:9d:b8:94
1783343683.5,33.70,-6.25,-65.00,45.00,195.00,32:c5:99:9d:b8:94
1783343686.5,33.70,-6.25,-63.00,47.00,234.00,32:c5:99:9d:b8:94
1783343689.5,33.70,-6.25,-64.00,46.00,195.00,32:c5:99:9d:b8:94
1783343692.5,33.70,-6.25,-65.00,45.00,195.00,32:c5:99:9d:b8:94
1783343695.5,33.70,-6.25,-66.00,44.00,195.00,32:c5:99:9d:b8:94
1783343698.5,33.70,-6.25,-64.00,46.00,175.50,32:c5:99:9d:b8:94
1783343701.5,33.70,-6.25,-64.00,46.00,195.00,32:c5:99:9d:b8:94
1783343704.5,33.70,-6.25,-65.00,45.00,195.00,32:c5:99:9d:b8:94
1783343707.5,33.70,-6.25,-64.00,46.00,195.00,32:c5:99:9d:b8:94
1783343710.5,33.70,-6.25,-65.00,45.00,195.00,32:c5:99:9d:b8:94
1783343713.5,33.70,-6.25,-65.00,45.00,195.00,32:c5:99:9d:b8:94
1783343716.5,33.70,-6.25,-66.00,44.00,195.00,32:c5:99:9d:b8:94
1783343719.5,33.70,-6.25,-65.00,45.00,195.00,32:c5:99:9d:b8:94
1783343722.5,33.70,-6.25,-65.00,45.00,195.00,32:c5:99:9d:b8:94
1783343725.5,33.70,-6.25,-65.00,45.00,195.00,32:c5:99:9d:b8:94
1783343728.5,33.70,-6.25,-64.00,46.00,195.00,32:c5:99:9d:b8:94
1783343731.5,33.70,-6.25,-65.00,45.00,195.00,32:c5:99:9d:b8:94
1783343734.5,33.70,-6.25,-65.00,45.00,195.00,32:c5:99:9d:b8:94
1783343737.5,33.70,-6.25,-65.00,45.00,195.00,32:c5:99:9d:b8:94
1783343740.5,33.70,-6.25,-66.00,44.00,195.00,32:c5:99:9d:b8:94
1783343743.5,33.70,-6.25,-65.00,45.00,195.00,32:c5:99:9d:b8:94
1783343746.5,33.70,-6.25,-65.00,45.00,195.00,32:c5:99:9d:b8:94
1783343749.5,33.70,-6.25,-65.00,45.00,195.00,32:c5:99:9d:b8:94
1783343752.5,33.70,-6.25,-66.00,44.00,195.00,32:c5:99:9d:b8:94
1783343755.5,33.70,-6.25,-65.00,45.00,195.00,32:c5:99:9d:b8:94
1783343758.5,33.70,-6.25,-64.00,46.00,195.00,32:c5:99:9d:b8:94
1783343761.5,33.70,-6.25,-65.00,45.00,195.00,32:c5:99:9d:b8:94
1783343764.5,33.70,-6.25,-65.00,45.00,195.00,32:c5:99:9d:b8:94
1783343767.5,33.70,-6.25,-65.00,45.00,195.00,32:c5:99:9d:b8:94
1783343770.5,33.70,-6.25,-65.00,45.00,195.00,32:c5:99:9d:b8:94
1783343773.5,33.70,-6.25,-64.00,46.00,195.00,32:c5:99:9d:b8:94
1783343776.5,33.70,-6.25,-65.00,45.00,195.00,32:c5:99:9d:b8:94
1783343779.5,33.70,-6.25,-65.00,45.00,195.00,32:c5:99:9d:b8:94
1783343782.5,33.70,-6.25,-65.00,45.00,195.00,32:c5:99:9d:b8:94
1783343785.5,33.70,-6.25,-66.00,44.00,195.00,32:c5:99:9d:b8:94
1783343788.5,33.70,-6.25,-63.00,47.00,195.00,32:c5:99:9d:b8:94
1783343791.5,33.70,-6.25,-64.00,46.00,195.00,32:c5:99:9d:b8:94
1783343794.5,33.70,-6.25,-64.00,46.00,195.00,32:c5:99:9d:b8:94
1783343797.5,33.70,-6.25,-64.00,46.00,195.00,32:c5:99:9d:b8:94
1783343800.5,33.70,-6.25,-65.00,45.00,195.00,32:c5:99:9d:b8:94
1783343803.5,33.70,-6.25,-66.00,44.00,195.00,32:c5:99:9d:b8:94
1783343806.5,33.70,-6.25,-65.00,45.00,195.00,32:c5:99:9d:b8:94
1783343809.5,33.70,-6.25,-67.00,43.00,195.00,32:c5:99:9d:b8:94
1783343812.5,33.70,-6.25,-63.00,47.00,195.00,32:c5:99:9d:b8:94
1783343815.5,33.70,-6.25,-65.00,45.00,195.00,32:c5:99:9d:b8:94
1783343818.5,33.70,-6.25,-65.00,45.00,195.00,32:c5:99:9d:b8:94
1783343821.5,33.70,-6.25,-64.00,46.00,195.00,32:c5:99:9d:b8:94
1783343824.5,33.70,-6.25,-65.00,45.00,195.00,32:c5:99:9d:b8:94
1783343827.5,33.70,-6.25,-63.00,47.00,195.00,32:c5:99:9d:b8:94
1783343830.5,33.70,-6.25,-65.00,45.00,195.00,32:c5:99:9d:b8:94
1783343833.5,33.70,-6.25,-65.00,45.00,195.00,32:c5:99:9d:b8:94
1783343836.5,33.70,-6.25,-65.00,45.00,195.00,32:c5:99:9d:b8:94
1783343839.5,33.70,-6.25,-64.00,46.00,195.00,32:c5:99:9d:b8:94
1783343842.5,33.70,-6.25,-64.00,46.00,195.00,32:c5:99:9d:b8:94
1783343845.5,33.70,-6.25,-64.00,46.00,195.00,32:c5:99:9d:b8:94
1783343848.5,33.70,-6.25,-66.00,44.00,195.00,32:c5:99:9d:b8:94
1783343851.5,33.70,-6.25,-67.00,43.00,175.50,32:c5:99:9d:b8:94
1783343854.5,33.70,-6.25,-65.00,45.00,195.00,32:c5:99:9d:b8:94
1783343857.5,33.70,-6.25,-65.00,45.00,195.00,32:c5:99:9d:b8:94
1783343860.5,33.70,-6.25,-66.00,44.00,195.00,32:c5:99:9d:b8:94
1783343863.5,33.70,-6.25,-65.00,45.00,195.00,32:c5:99:9d:b8:94
1783343866.5,33.70,-6.25,-67.00,43.00,195.00,32:c5:99:9d:b8:94
1783343869.5,33.70,-6.25,-65.00,45.00,195.00,32:c5:99:9d:b8:94
1783343872.5,33.70,-6.25,-65.00,45.00,195.00,32:c5:99:9d:b8:94
1783343875.5,33.70,-6.25,-64.00,46.00,195.00,32:c5:99:9d:b8:94
1783343878.5,33.70,-6.25,-64.00,46.00,195.00,32:c5:99:9d:b8:94
1783343881.5,33.70,-6.25,-65.00,45.00,195.00,32:c5:99:9d:b8:94
1783343884.5,33.70,-6.25,-62.00,48.00,195.00,32:c5:99:9d:b8:94
1783343887.5,33.70,-6.25,-64.00,46.00,195.00,32:c5:99:9d:b8:94
1783343890.5,33.70,-6.25,-64.00,46.00,195.00,32:c5:99:9d:b8:94
1783343893.5,33.70,-6.25,-67.00,43.00,195.00,32:c5:99:9d:b8:94
1783343896.5,33.70,-6.25,-66.00,44.00,195.00,32:c5:99:9d:b8:94
1783343899.5,33.70,-6.25,-65.00,45.00,195.00,32:c5:99:9d:b8:94
1783343902.5,33.70,-6.25,-65.00,45.00,195.00,32:c5:99:9d:b8:94
1783343905.5,33.70,-6.25,-65.00,45.00,195.00,32:c5:99:9d:b8:94
1783343908.5,33.70,-6.25,-66.00,44.00,195.00,32:c5:99:9d:b8:94
1783343911.5,33.70,-6.25,-66.00,44.00,195.00,32:c5:99:9d:b8:94
1783343914.5,33.70,-6.25,-65.00,45.00,195.00,32:c5:99:9d:b8:94
1783343917.5,33.70,-6.25,-64.00,46.00,195.00,32:c5:99:9d:b8:94
1783343920.5,33.70,-6.25,-65.00,45.00,195.00,32:c5:99:9d:b8:94
1783343923.5,33.70,-6.25,-64.00,46.00,195.00,32:c5:99:9d:b8:94
1783343926.5,33.70,-6.25,-64.00,46.00,195.00,32:c5:99:9d:b8:94
1783343929.5,33.70,-6.25,-65.00,45.00,195.00,32:c5:99:9d:b8:94
1783343932.5,33.70,-6.25,-64.00,46.00,195.00,32:c5:99:9d:b8:94
1783343935.5,33.70,-6.25,-65.00,45.00,195.00,32:c5:99:9d:b8:94
1783343938.5,33.70,-6.25,-64.00,46.00,195.00,32:c5:99:9d:b8:94
1783343941.5,33.70,-6.25,-63.00,47.00,195.00,32:c5:99:9d:b8:94
1783343944.5,33.70,-6.25,-64.00,46.00,195.00,32:c5:99:9d:b8:94
1783343947.5,33.70,-6.25,-65.00,45.00,195.00,32:c5:99:9d:b8:94
1783343950.5,33.70,-6.25,-65.00,45.00,195.00,32:c5:99:9d:b8:94
1783343953.5,33.70,-6.25,-64.00,46.00,195.00,32:c5:99:9d:b8:94
1783343956.5,33.70,-6.25,-64.00,46.00,195.00,32:c5:99:9d:b8:94
1783343959.5,33.70,-6.25,-64.00,46.00,195.00,32:c5:99:9d:b8:94
1783343962.5,33.70,-6.25,-66.00,44.00,195.00,32:c5:99:9d:b8:94
1783343965.5,33.70,-6.25,-66.00,44.00,195.00,32:c5:99:9d:b8:94
1783343968.5,33.70,-6.25,-65.00,45.00,195.00,32:c5:99:9d:b8:94
1783343971.5,33.70,-6.25,-64.00,46.00,195.00,32:c5:99:9d:b8:94
1783343974.5,33.70,-6.25,-66.00,44.00,195.00,32:c5:99:9d:b8:94
1783343977.5,33.70,-6.25,-64.00,46.00,195.00,32:c5:99:9d:b8:94
1783343980.5,33.70,-6.25,-65.00,45.00,195.00,32:c5:99:9d:b8:94
1783343983.5,33.70,-6.25,-66.00,44.00,195.00,32:c5:99:9d:b8:94
1783343986.5,33.70,-6.25,-65.00,45.00,195.00,32:c5:99:9d:b8:94
1783343989.5,33.70,-6.25,-66.00,44.00,195.00,32:c5:99:9d:b8:94
1783343992.5,33.70,-6.25,-64.00,46.00,195.00,32:c5:99:9d:b8:94
1783343995.5,33.70,-6.25,-65.00,45.00,195.00,32:c5:99:9d:b8:94
1783343998.5,33.70,-6.25,-66.00,44.00,195.00,32:c5:99:9d:b8:94
1783344001.5,33.70,-6.25,-66.00,44.00,195.00,32:c5:99:9d:b8:94
1783344004.5,33.70,-6.25,-64.00,46.00,195.00,32:c5:99:9d:b8:94
1783344007.5,33.70,-6.25,-65.00,45.00,195.00,32:c5:99:9d:b8:94
1783344010.5,33.70,-6.25,-63.00,47.00,195.00,32:c5:99:9d:b8:94
1783344013.5,33.70,-6.25,-65.00,45.00,195.00,32:c5:99:9d:b8:94
1783344016.5,33.70,-6.25,-64.00,46.00,195.00,32:c5:99:9d:b8:94
1783344019.5,33.70,-6.25,-64.00,46.00,195.00,32:c5:99:9d:b8:94
1783344022.5,33.70,-6.25,-64.00,46.00,195.00,32:c5:99:9d:b8:94
1783344025.5,33.70,-6.25,-65.00,45.00,195.00,32:c5:99:9d:b8:94
1783344028.5,33.70,-6.25,-65.00,45.00,195.00,32:c5:99:9d:b8:94
1783344031.5,33.70,-6.25,-67.00,43.00,195.00,32:c5:99:9d:b8:94
1783344034.5,33.70,-6.25,-64.00,46.00,195.00,32:c5:99:9d:b8:94
1783344037.5,33.70,-6.25,-64.00,46.00,195.00,32:c5:99:9d:b8:94
1783344040.5,33.70,-6.25,-65.00,45.00,195.00,32:c5:99:9d:b8:94
1783344043.5,33.70,-6.25,-65.00,45.00,195.00,32:c5:99:9d:b8:94
1783344046.5,33.70,-6.25,-66.00,44.00,195.00,32:c5:99:9d:b8:94
1783344049.5,33.70,-6.25,-64.00,46.00,195.00,32:c5:99:9d:b8:94
1783344052.5,33.70,-6.25,-64.00,46.00,195.00,32:c5:99:9d:b8:94
1783344055.5,33.70,-6.25,-66.00,44.00,195.00,32:c5:99:9d:b8:94
1783344058.5,33.70,-6.25,-65.00,45.00,195.00,32:c5:99:9d:b8:94
1783344061.5,33.70,-6.25,-65.00,45.00,195.00,32:c5:99:9d:b8:94
1783344064.5,33.70,-6.25,-65.00,45.00,195.00,32:c5:99:9d:b8:94
1783344067.5,33.70,-6.25,-64.00,46.00,195.00,32:c5:99:9d:b8:94
1783344070.5,33.70,-6.25,-65.00,45.00,195.00,32:c5:99:9d:b8:94
1783344073.5,33.70,-6.25,-65.00,45.00,195.00,32:c5:99:9d:b8:94
1783344076.5,33.70,-6.25,-63.00,47.00,195.00,32:c5:99:9d:b8:94
1783344079.5,33.70,-6.25,-64.00,46.00,195.00,32:c5:99:9d:b8:94
1783344082.5,33.70,-6.25,-66.00,44.00,195.00,32:c5:99:9d:b8:94
1783344085.5,33.70,-6.25,-66.00,44.00,195.00,32:c5:99:9d:b8:94
1783344088.5,33.70,-6.25,-63.00,47.00,195.00,32:c5:99:9d:b8:94
1783344091.5,33.70,-6.25,-63.00,47.00,195.00,32:c5:99:9d:b8:94
1783344094.5,33.70,-6.25,-65.00,45.00,195.00,32:c5:99:9d:b8:94
1783344097.5,33.70,-6.25,-65.00,45.00,195.00,32:c5:99:9d:b8:94
1783344100.5,33.70,-6.25,-64.00,46.00,260.00,32:c5:99:9d:b8:94
1783344103.5,33.70,-6.25,-65.00,45.00,195.00,32:c5:99:9d:b8:94
1783344106.5,33.70,-6.25,-65.00,45.00,195.00,32:c5:99:9d:b8:94
1783344109.5,33.70,-6.25,-65.00,45.00,195.00,32:c5:99:9d:b8:94
1783344112.5,33.70,-6.25,-64.00,46.00,195.00,32:c5:99:9d:b8:94
1783344115.5,33.70,-6.25,-65.00,45.00,195.00,32:c5:99:9d:b8:94
1783344118.5,33.70,-6.25,-65.00,45.00,195.00,32:c5:99:9d:b8:94
1783344121.5,33.70,-6.25,-64.00,46.00,195.00,32:c5:99:9d:b8:94
1783344124.5,33.70,-6.25,-65.00,45.00,195.00,32:c5:99:9d:b8:94
1783344127.5,33.70,-6.25,-66.00,44.00,195.00,32:c5:99:9d:b8:94
1783344130.5,33.70,-6.25,-66.00,44.00,195.00,32:c5:99:9d:b8:94
1783344133.5,33.70,-6.25,-66.00,44.00,195.00,32:c5:99:9d:b8:94
1783344136.5,33.70,-6.25,-65.00,45.00,195.00,32:c5:99:9d:b8:94
1783344139.5,33.70,-6.25,-65.00,45.00,195.00,32:c5:99:9d:b8:94
1783344142.5,33.70,-6.25,-65.00,45.00,195.00,32:c5:99:9d:b8:94
1783344145.5,33.70,-6.25,-65.00,45.00,175.50,32:c5:99:9d:b8:94
1783344148.5,33.70,-6.25,-65.00,45.00,195.00,32:c5:99:9d:b8:94
1783344151.5,33.70,-6.25,-66.00,44.00,195.00,32:c5:99:9d:b8:94
1783344154.5,33.70,-6.25,-65.00,45.00,195.00,32:c5:99:9d:b8:94
1783344157.5,33.70,-6.25,-64.00,46.00,195.00,32:c5:99:9d:b8:94
1783344160.5,33.70,-6.25,-64.00,46.00,195.00,32:c5:99:9d:b8:94
1783344163.5,33.70,-6.25,-64.00,46.00,195.00,32:c5:99:9d:b8:94
1783344166.5,33.70,-6.25,-65.00,45.00,195.00,32:c5:99:9d:b8:94
1783344169.5,33.70,-6.25,-66.00,44.00,195.00,32:c5:99:9d:b8:94
1783344172.5,33.70,-6.25,-65.00,45.00,195.00,32:c5:99:9d:b8:94
1783344175.5,33.70,-6.25,-64.00,46.00,195.00,32:c5:99:9d:b8:94
1783344178.5,33.70,-6.25,-66.00,44.00,195.00,32:c5:99:9d:b8:94
1783344181.5,33.70,-6.25,-65.00,45.00,195.00,32:c5:99:9d:b8:94
1783344184.5,33.70,-6.25,-65.00,45.00,195.00,32:c5:99:9d:b8:94
1783344187.5,33.70,-6.25,-66.00,44.00,195.00,32:c5:99:9d:b8:94
1783344190.5,33.70,-6.25,-67.00,43.00,195.00,32:c5:99:9d:b8:94
1783344193.5,33.70,-6.25,-65.00,45.00,175.50,32:c5:99:9d:b8:94
1783344196.5,33.70,-6.25,-66.00,44.00,195.00,32:c5:99:9d:b8:94
1783344199.5,33.70,-6.25,-66.00,44.00,195.00,32:c5:99:9d:b8:94
1783344202.5,33.70,-6.25,-65.00,45.00,195.00,32:c5:99:9d:b8:94
1783344205.5,33.70,-6.25,-66.00,44.00,195.00,32:c5:99:9d:b8:94
1783344208.5,33.70,-6.25,-64.00,46.00,195.00,32:c5:99:9d:b8:94
1783344211.5,33.70,-6.25,-64.00,46.00,195.00,32:c5:99:9d:b8:94
1783344214.5,33.70,-6.25,-66.00,44.00,195.00,32:c5:99:9d:b8:94
1783344217.5,33.70,-6.25,-67.00,43.00,195.00,32:c5:99:9d:b8:94
1783344220.5,33.70,-6.25,-66.00,44.00,195.00,32:c5:99:9d:b8:94
1783344223.5,33.70,-6.25,-65.00,45.00,195.00,32:c5:99:9d:b8:94
1783344226.5,33.70,-6.25,-65.00,45.00,195.00,32:c5:99:9d:b8:94
1783344229.5,33.70,-6.25,-65.00,45.00,195.00,32:c5:99:9d:b8:94
1783344232.5,33.70,-6.25,-64.00,46.00,195.00,32:c5:99:9d:b8:94
1783344235.5,33.70,-6.25,-65.00,45.00,195.00,32:c5:99:9d:b8:94
1783344238.5,33.70,-6.25,-65.00,45.00,195.00,32:c5:99:9d:b8:94
1783344241.5,33.70,-6.25,-64.00,46.00,195.00,32:c5:99:9d:b8:94
1783344244.5,33.70,-6.25,-65.00,45.00,195.00,32:c5:99:9d:b8:94
1783344247.5,33.70,-6.25,-65.00,45.00,195.00,32:c5:99:9d:b8:94
1783344250.5,33.70,-6.25,-65.00,45.00,195.00,32:c5:99:9d:b8:94
1783344253.5,33.70,-6.25,-66.00,44.00,195.00,32:c5:99:9d:b8:94
1783344256.5,33.70,-6.25,-64.00,46.00,195.00,32:c5:99:9d:b8:94
1783344259.5,33.70,-6.25,-64.00,46.00,195.00,32:c5:99:9d:b8:94
1783344262.5,33.70,-6.25,-64.00,46.00,175.50,32:c5:99:9d:b8:94
1783344265.5,33.70,-6.25,-64.00,46.00,175.50,32:c5:99:9d:b8:94
1783344268.5,33.70,-6.25,-65.00,45.00,175.50,32:c5:99:9d:b8:94
1783344271.5,33.70,-6.25,-65.00,45.00,195.00,32:c5:99:9d:b8:94
1783344274.5,33.70,-6.25,-66.00,44.00,175.50,32:c5:99:9d:b8:94
1783344277.5,33.70,-6.25,-66.00,44.00,195.00,32:c5:99:9d:b8:94
1783344280.5,33.70,-6.25,-66.00,44.00,195.00,32:c5:99:9d:b8:94
1783344283.5,33.70,-6.25,-67.00,43.00,195.00,32:c5:99:9d:b8:94
1783344286.5,33.70,-6.25,-64.00,46.00,195.00,32:c5:99:9d:b8:94
1783344289.5,33.70,-6.25,-66.00,44.00,195.00,32:c5:99:9d:b8:94
1783344292.5,33.70,-6.25,-64.00,46.00,195.00,32:c5:99:9d:b8:94
1783344295.5,33.70,-6.25,-65.00,45.00,195.00,32:c5:99:9d:b8:94
1783344298.5,33.70,-6.25,-65.00,45.00,195.00,32:c5:99:9d:b8:94
1783344301.5,33.70,-6.25,-65.00,45.00,195.00,32:c5:99:9d:b8:94
1783344304.5,33.70,-6.25,-66.00,44.00,195.00,32:c5:99:9d:b8:94
1783344307.5,33.70,-6.25,-66.00,44.00,195.00,32:c5:99:9d:b8:94
1783344310.5,33.70,-6.25,-65.00,45.00,195.00,32:c5:99:9d:b8:94
1783344313.5,33.70,-6.25,-65.00,45.00,195.00,32:c5:99:9d:b8:94
1783344316.5,33.70,-6.25,-64.00,46.00,195.00,32:c5:99:9d:b8:94
1783344319.5,33.70,-6.25,-65.00,45.00,195.00,32:c5:99:9d:b8:94
1783344322.5,33.70,-6.25,-64.00,46.00,195.00,32:c5:99:9d:b8:94
1783344325.5,33.70,-6.25,-66.00,44.00,195.00,32:c5:99:9d:b8:94
1783344328.5,33.70,-6.25,-65.00,45.00,195.00,32:c5:99:9d:b8:94
1783344331.5,33.70,-6.25,-65.00,45.00,195.00,32:c5:99:9d:b8:94
1783344334.5,33.70,-6.25,-65.00,45.00,195.00,32:c5:99:9d:b8:94
1783344337.5,33.70,-6.25,-66.00,44.00,195.00,32:c5:99:9d:b8:94
1783344340.5,33.70,-6.25,-65.00,45.00,195.00,32:c5:99:9d:b8:94
1783344343.5,33.70,-6.25,-66.00,44.00,195.00,32:c5:99:9d:b8:94
1783344346.5,33.70,-6.25,-65.00,45.00,195.00,32:c5:99:9d:b8:94
1783344349.5,33.70,-6.25,-65.00,45.00,195.00,32:c5:99:9d:b8:94
1783344352.5,33.70,-6.25,-65.00,45.00,195.00,32:c5:99:9d:b8:94
1783344355.5,33.70,-6.25,-65.00,45.00,195.00,32:c5:99:9d:b8:94
1783344358.5,33.70,-6.25,-65.00,45.00,195.00,32:c5:99:9d:b8:94
1783344361.5,33.70,-6.25,-65.00,45.00,195.00,32:c5:99:9d:b8:94
1783344364.5,33.70,-6.25,-64.00,46.00,195.00,32:c5:99:9d:b8:94
1783344367.5,33.70,-6.25,-65.00,45.00,195.00,32:c5:99:9d:b8:94
1783344370.5,33.70,-6.25,-66.00,44.00,195.00,32:c5:99:9d:b8:94
1783344373.5,33.70,-6.25,-64.00,46.00,195.00,32:c5:99:9d:b8:94
1783344376.5,33.70,-6.25,-64.00,46.00,195.00,32:c5:99:9d:b8:94
1783344379.5,33.70,-6.25,-65.00,45.00,195.00,32:c5:99:9d:b8:94
1783344382.5,33.70,-6.25,-66.00,44.00,195.00,32:c5:99:9d:b8:94
1783344385.5,33.70,-6.25,-66.00,44.00,195.00,32:c5:99:9d:b8:94
1783344388.5,33.70,-6.25,-65.00,45.00,195.00,32:c5:99:9d:b8:94
1783344391.5,33.70,-6.25,-65.00,45.00,195.00,32:c5:99:9d:b8:94
1783344394.5,33.70,-6.25,-65.00,45.00,195.00,32:c5:99:9d:b8:94
1783344397.5,33.70,-6.25,-66.00,44.00,195.00,32:c5:99:9d:b8:94
1783344400.5,33.70,-6.25,-64.00,46.00,195.00,32:c5:99:9d:b8:94
1783344403.5,33.70,-6.25,-65.00,45.00,195.00,32:c5:99:9d:b8:94
1783344406.5,33.70,-6.25,-66.00,44.00,195.00,32:c5:99:9d:b8:94
1783344409.5,33.70,-6.25,-64.00,46.00,195.00,32:c5:99:9d:b8:94
1783344412.5,33.70,-6.25,-65.00,45.00,195.00,32:c5:99:9d:b8:94
1783344415.5,33.70,-6.25,-66.00,44.00,195.00,32:c5:99:9d:b8:94
1783344418.5,33.70,-6.25,-66.00,44.00,195.00,32:c5:99:9d:b8:94
1783344421.5,33.70,-6.25,-64.00,46.00,195.00,32:c5:99:9d:b8:94
1783344424.5,33.70,-6.25,-64.00,46.00,195.00,32:c5:99:9d:b8:94
1783344427.5,33.70,-6.25,-66.00,44.00,195.00,32:c5:99:9d:b8:94
1783344430.5,33.70,-6.25,-65.00,45.00,195.00,32:c5:99:9d:b8:94
1783344433.5,33.70,-6.25,-67.00,43.00,195.00,32:c5:99:9d:b8:94
1783344436.5,33.70,-6.25,-66.00,44.00,195.00,32:c5:99:9d:b8:94
1783344439.5,33.70,-6.25,-64.00,46.00,195.00,32:c5:99:9d:b8:94
1783344442.5,33.70,-6.25,-66.00,44.00,195.00,32:c5:99:9d:b8:94
1783344445.5,33.70,-6.25,-65.00,45.00,195.00,32:c5:99:9d:b8:94
1783344448.5,33.70,-6.25,-67.00,43.00,195.00,32:c5:99:9d:b8:94
1783344451.5,33.70,-6.25,-66.00,44.00,195.00,32:c5:99:9d:b8:94
1783344454.5,33.70,-6.25,-66.00,44.00,195.00,32:c5:99:9d:b8:94
1783344457.5,33.70,-6.25,-66.00,44.00,195.00,32:c5:99:9d:b8:94
1783344460.5,33.70,-6.25,-65.00,45.00,195.00,32:c5:99:9d:b8:94
1783344463.5,33.70,-6.25,-65.00,45.00,195.00,32:c5:99:9d:b8:94
1783344466.5,33.70,-6.25,-67.00,43.00,195.00,32:c5:99:9d:b8:94
1783344469.5,33.70,-6.25,-65.00,45.00,195.00,32:c5:99:9d:b8:94
1783344472.5,33.70,-6.25,-66.00,44.00,195.00,32:c5:99:9d:b8:94
1783344475.5,33.70,-6.25,-66.00,44.00,175.50,32:c5:99:9d:b8:94
1783344478.5,33.70,-6.25,-63.00,47.00,195.00,32:c5:99:9d:b8:94
1783344481.5,33.70,-6.25,-64.00,46.00,195.00,32:c5:99:9d:b8:94
1783344484.5,33.70,-6.25,-65.00,45.00,195.00,32:c5:99:9d:b8:94
1783344487.5,33.70,-6.25,-66.00,44.00,175.50,32:c5:99:9d:b8:94
1783344490.5,33.70,-6.25,-65.00,45.00,195.00,32:c5:99:9d:b8:94
1783344493.5,33.70,-6.25,-66.00,44.00,175.50,32:c5:99:9d:b8:94
1783344496.5,33.70,-6.25,-64.00,46.00,195.00,32:c5:99:9d:b8:94
1783344499.5,33.70,-6.25,-65.00,45.00,175.50,32:c5:99:9d:b8:94
1783344502.5,33.70,-6.25,-66.00,44.00,195.00,32:c5:99:9d:b8:94
1783344505.5,33.70,-6.25,-65.00,45.00,175.50,32:c5:99:9d:b8:94
1783344508.5,33.70,-6.25,-64.00,46.00,195.00,32:c5:99:9d:b8:94
1783344511.5,33.70,-6.25,-65.00,45.00,175.50,32:c5:99:9d:b8:94
1783344514.5,33.70,-6.25,-64.00,46.00,195.00,32:c5:99:9d:b8:94
1783344517.5,33.70,-6.25,-66.00,44.00,195.00,32:c5:99:9d:b8:94
1783344520.5,33.70,-6.25,-64.00,46.00,195.00,32:c5:99:9d:b8:94
1783344523.5,33.70,-6.25,-64.00,46.00,175.50,32:c5:99:9d:b8:94
1783344526.5,33.70,-6.25,-64.00,46.00,195.00,32:c5:99:9d:b8:94
1783344529.5,33.70,-6.25,-67.00,43.00,175.50,32:c5:99:9d:b8:94
1783344532.5,33.70,-6.25,-65.00,45.00,195.00,32:c5:99:9d:b8:94
1783344535.5,33.70,-6.25,-64.00,46.00,175.50,32:c5:99:9d:b8:94
1783344538.5,33.70,-6.25,-64.00,46.00,195.00,32:c5:99:9d:b8:94
1783344541.5,33.70,-6.25,-64.00,46.00,175.50,32:c5:99:9d:b8:94
1783344544.5,33.70,-6.25,-62.00,48.00,195.00,32:c5:99:9d:b8:94
1783344547.5,33.70,-6.25,-65.00,45.00,175.50,32:c5:99:9d:b8:94
1783344550.5,33.70,-6.25,-65.00,45.00,195.00,32:c5:99:9d:b8:94
1783344553.5,33.70,-6.25,-65.00,45.00,175.50,32:c5:99:9d:b8:94
1783344556.5,33.70,-6.25,-65.00,45.00,195.00,32:c5:99:9d:b8:94
1783344559.5,33.70,-6.25,-65.00,45.00,175.50,32:c5:99:9d:b8:94
1783344562.5,33.70,-6.25,-66.00,44.00,195.00,32:c5:99:9d:b8:94
1783344565.5,33.70,-6.25,-66.00,44.00,175.50,32:c5:99:9d:b8:94
1783344568.5,33.70,-6.25,-65.00,45.00,195.00,32:c5:99:9d:b8:94
1783344571.5,33.70,-6.25,-64.00,46.00,175.50,32:c5:99:9d:b8:94
1783344574.5,33.70,-6.25,-66.00,44.00,195.00,32:c5:99:9d:b8:94
1783344577.5,33.70,-6.25,-65.00,45.00,195.00,32:c5:99:9d:b8:94
1783344580.5,33.70,-6.25,-65.00,45.00,195.00,32:c5:99:9d:b8:94
1783344583.5,33.70,-6.25,-67.00,43.00,175.50,32:c5:99:9d:b8:94
1783344586.5,33.70,-6.25,-65.00,45.00,195.00,32:c5:99:9d:b8:94
1783344589.5,33.70,-6.25,-63.00,47.00,234.00,32:c5:99:9d:b8:94
1783344592.5,33.70,-6.25,-65.00,45.00,195.00,32:c5:99:9d:b8:94
1783344595.5,33.70,-6.25,-65.00,45.00,195.00,32:c5:99:9d:b8:94
1783344598.5,33.70,-6.25,-66.00,44.00,195.00,32:c5:99:9d:b8:94
1783344601.5,33.70,-6.25,-65.00,45.00,175.50,32:c5:99:9d:b8:94
1783344604.5,33.70,-6.25,-66.00,44.00,195.00,32:c5:99:9d:b8:94
1783344607.5,33.70,-6.25,-65.00,45.00,234.00,32:c5:99:9d:b8:94
1783344610.5,33.70,-6.25,-64.00,46.00,195.00,32:c5:99:9d:b8:94
1783344613.5,33.70,-6.25,-63.00,47.00,195.00,32:c5:99:9d:b8:94
1783344616.5,33.70,-6.25,-65.00,45.00,195.00,32:c5:99:9d:b8:94
1783344619.5,33.70,-6.25,-64.00,46.00,175.50,32:c5:99:9d:b8:94
1783344622.5,33.70,-6.25,-65.00,45.00,195.00,32:c5:99:9d:b8:94
1783344625.5,33.70,-6.25,-64.00,46.00,195.00,32:c5:99:9d:b8:94
1783344628.5,33.70,-6.25,-64.00,46.00,195.00,32:c5:99:9d:b8:94
1783344631.5,33.70,-6.25,-66.00,44.00,195.00,32:c5:99:9d:b8:94
1783344634.5,33.70,-6.25,-64.00,46.00,195.00,32:c5:99:9d:b8:94
1783344637.5,33.70,-6.25,-66.00,44.00,195.00,32:c5:99:9d:b8:94
1783344640.5,33.70,-6.25,-65.00,45.00,195.00,32:c5:99:9d:b8:94
1783344643.5,33.70,-6.25,-65.00,45.00,195.00,32:c5:99:9d:b8:94
1783344646.5,33.70,-6.25,-66.00,44.00,195.00,32:c5:99:9d:b8:94
1783344649.5,33.70,-6.25,-65.00,45.00,195.00,32:c5:99:9d:b8:94
1783344652.5,33.70,-6.25,-63.00,47.00,195.00,32:c5:99:9d:b8:94
1783344655.5,33.70,-6.25,-65.00,45.00,195.00,32:c5:99:9d:b8:94
1783344658.5,33.70,-6.25,-66.00,44.00,195.00,32:c5:99:9d:b8:94
1783344661.5,33.70,-6.25,-65.00,45.00,195.00,32:c5:99:9d:b8:94
1783344664.5,33.70,-6.25,-65.00,45.00,195.00,32:c5:99:9d:b8:94
1783344667.5,33.70,-6.25,-66.00,44.00,195.00,32:c5:99:9d:b8:94
1783344670.5,33.70,-6.25,-64.00,46.00,195.00,32:c5:99:9d:b8:94
1783344673.5,33.70,-6.25,-65.00,45.00,195.00,32:c5:99:9d:b8:94
1783344676.5,33.70,-6.25,-65.00,45.00,195.00,32:c5:99:9d:b8:94
1783344679.5,33.70,-6.25,-64.00,46.00,195.00,32:c5:99:9d:b8:94
1783344682.5,33.70,-6.25,-65.00,45.00,195.00,32:c5:99:9d:b8:94
1783344685.5,33.70,-6.25,-66.00,44.00,195.00,32:c5:99:9d:b8:94
1783344688.5,33.70,-6.25,-64.00,46.00,195.00,32:c5:99:9d:b8:94
1783344691.5,33.70,-6.25,-66.00,44.00,195.00,32:c5:99:9d:b8:94
1783344694.5,33.70,-6.25,-65.00,45.00,175.50,32:c5:99:9d:b8:94
1783344697.5,33.70,-6.25,-64.00,46.00,195.00,32:c5:99:9d:b8:94
1783344700.5,33.70,-6.25,-66.00,44.00,195.00,32:c5:99:9d:b8:94
1783344703.5,33.70,-6.25,-65.00,45.00,195.00,32:c5:99:9d:b8:94
1783344706.5,33.70,-6.25,-65.00,45.00,195.00,32:c5:99:9d:b8:94
1783344709.5,33.70,-6.25,-64.00,46.00,195.00,32:c5:99:9d:b8:94
1783344712.5,33.70,-6.25,-65.00,45.00,175.50,32:c5:99:9d:b8:94
1783344715.5,33.70,-6.25,-64.00,46.00,195.00,32:c5:99:9d:b8:94
1783344718.5,33.70,-6.25,-64.00,46.00,195.00,32:c5:99:9d:b8:94
1783344721.5,33.70,-6.25,-66.00,44.00,195.00,32:c5:99:9d:b8:94
1783344724.5,33.70,-6.25,-66.00,44.00,195.00,32:c5:99:9d:b8:94
1783344727.5,33.70,-6.25,-65.00,45.00,195.00,32:c5:99:9d:b8:94
1783344730.5,33.70,-6.25,-65.00,45.00,195.00,32:c5:99:9d:b8:94
1783344733.5,33.70,-6.25,-65.00,45.00,175.50,32:c5:99:9d:b8:94
1783344736.5,33.70,-6.25,-64.00,46.00,195.00,32:c5:99:9d:b8:94
1783344739.5,33.70,-6.25,-64.00,46.00,195.00,32:c5:99:9d:b8:94
1783344742.5,33.70,-6.25,-66.00,44.00,195.00,32:c5:99:9d:b8:94
1783344745.5,33.70,-6.25,-65.00,45.00,195.00,32:c5:99:9d:b8:94
1783344748.5,33.70,-6.25,-66.00,44.00,195.00,32:c5:99:9d:b8:94
1783344751.5,33.70,-6.25,-66.00,44.00,195.00,32:c5:99:9d:b8:94
1783344754.5,33.70,-6.25,-65.00,45.00,195.00,32:c5:99:9d:b8:94
1783344757.5,33.70,-6.25,-65.00,45.00,175.50,32:c5:99:9d:b8:94
1783344760.5,33.70,-6.25,-64.00,46.00,195.00,32:c5:99:9d:b8:94
1783344763.5,33.70,-6.25,-64.00,46.00,195.00,32:c5:99:9d:b8:94
1783344766.5,33.70,-6.25,-65.00,45.00,195.00,32:c5:99:9d:b8:94
1783344769.5,33.70,-6.25,-64.00,46.00,195.00,32:c5:99:9d:b8:94
1783344772.5,33.70,-6.25,-65.00,45.00,175.50,32:c5:99:9d:b8:94
1783344775.5,33.70,-6.25,-65.00,45.00,175.50,32:c5:99:9d:b8:94
1783344778.5,33.70,-6.25,-66.00,44.00,195.00,32:c5:99:9d:b8:94
1783344781.5,33.70,-6.25,-64.00,46.00,195.00,32:c5:99:9d:b8:94
1783344784.5,33.70,-6.25,-65.00,45.00,195.00,32:c5:99:9d:b8:94
1783344787.5,33.70,-6.25,-66.00,44.00,195.00,32:c5:99:9d:b8:94
1783344790.5,33.70,-6.25,-65.00,45.00,195.00,32:c5:99:9d:b8:94
1783344793.5,33.70,-6.25,-64.00,46.00,195.00,32:c5:99:9d:b8:94
1783344796.5,33.70,-6.25,-64.00,46.00,195.00,32:c5:99:9d:b8:94
1783344799.5,33.70,-6.25,-66.00,44.00,195.00,32:c5:99:9d:b8:94
1783344802.5,33.70,-6.25,-63.00,47.00,195.00,32:c5:99:9d:b8:94
1783344805.5,33.70,-6.25,-66.00,44.00,195.00,32:c5:99:9d:b8:94
1783344808.5,33.70,-6.25,-66.00,44.00,175.50,32:c5:99:9d:b8:94
1783344811.5,33.70,-6.25,-64.00,46.00,195.00,32:c5:99:9d:b8:94
1783344814.5,33.70,-6.25,-65.00,45.00,195.00,32:c5:99:9d:b8:94
1783344817.5,33.70,-6.25,-66.00,44.00,195.00,32:c5:99:9d:b8:94
1783344820.5,33.70,-6.25,-66.00,44.00,195.00,32:c5:99:9d:b8:94
1783344823.5,33.70,-6.25,-64.00,46.00,195.00,32:c5:99:9d:b8:94
1783344826.5,33.70,-6.25,-65.00,45.00,195.00,32:c5:99:9d:b8:94
1783344829.5,33.70,-6.25,-67.00,43.00,195.00,32:c5:99:9d:b8:94
1783344832.5,33.70,-6.25,-64.00,46.00,195.00,32:c5:99:9d:b8:94
1783344835.5,33.70,-6.25,-65.00,45.00,195.00,32:c5:99:9d:b8:94
1783344838.5,33.70,-6.25,-66.00,44.00,195.00,32:c5:99:9d:b8:94
1783344841.5,33.70,-6.25,-66.00,44.00,195.00,32:c5:99:9d:b8:94
1783344844.5,33.70,-6.25,-66.00,44.00,195.00,32:c5:99:9d:b8:94
1783344847.5,33.70,-6.25,-66.00,44.00,195.00,32:c5:99:9d:b8:94
1783344850.5,33.70,-6.25,-67.00,43.00,195.00,32:c5:99:9d:b8:94
1783344853.5,33.70,-6.25,-64.00,46.00,195.00,32:c5:99:9d:b8:94
1783344856.5,33.70,-6.25,-63.00,47.00,195.00,32:c5:99:9d:b8:94
1783344859.5,33.70,-6.25,-65.00,45.00,195.00,32:c5:99:9d:b8:94
1783344862.5,33.70,-6.25,-64.00,46.00,195.00,32:c5:99:9d:b8:94
1783344865.5,33.70,-6.25,-64.00,46.00,195.00,32:c5:99:9d:b8:94
1783344868.5,33.70,-6.25,-65.00,45.00,195.00,32:c5:99:9d:b8:94
1783344871.5,33.70,-6.25,-65.00,45.00,195.00,32:c5:99:9d:b8:94
1783344874.5,33.70,-6.25,-64.00,46.00,195.00,32:c5:99:9d:b8:94
1783344877.5,33.70,-6.25,-66.00,44.00,195.00,32:c5:99:9d:b8:94
1783344880.5,33.70,-6.25,-64.00,46.00,195.00,32:c5:99:9d:b8:94
1783344883.5,33.70,-6.25,-64.00,46.00,195.00,32:c5:99:9d:b8:94
1783344886.5,33.70,-6.25,-65.00,45.00,195.00,32:c5:99:9d:b8:94
1783344889.5,33.70,-6.25,-66.00,44.00,195.00,32:c5:99:9d:b8:94
1783344892.5,33.70,-6.25,-64.00,46.00,195.00,32:c5:99:9d:b8:94
1783344895.5,33.70,-6.25,-65.00,45.00,195.00,32:c5:99:9d:b8:94
1783344898.5,33.70,-6.25,-66.00,44.00,195.00,32:c5:99:9d:b8:94
1783344901.5,33.70,-6.25,-65.00,45.00,195.00,32:c5:99:9d:b8:94
1783344904.5,33.70,-6.25,-65.00,45.00,195.00,32:c5:99:9d:b8:94
1783344907.5,33.70,-6.25,-65.00,45.00,195.00,32:c5:99:9d:b8:94
1783344910.5,33.70,-6.25,-64.00,46.00,195.00,32:c5:99:9d:b8:94
1783344913.5,33.70,-6.25,-65.00,45.00,195.00,32:c5:99:9d:b8:94
1783344916.5,33.70,-6.25,-64.00,46.00,195.00,32:c5:99:9d:b8:94
1783344919.5,33.70,-6.25,-65.00,45.00,195.00,32:c5:99:9d:b8:94
1783344922.5,33.70,-6.25,-64.00,46.00,195.00,32:c5:99:9d:b8:94
1783344925.5,33.70,-6.25,-65.00,45.00,195.00,32:c5:99:9d:b8:94
1783344928.5,33.70,-6.25,-66.00,44.00,195.00,32:c5:99:9d:b8:94
1783344931.5,33.70,-6.25,-65.00,45.00,195.00,32:c5:99:9d:b8:94
1783344934.5,33.70,-6.25,-66.00,44.00,195.00,32:c5:99:9d:b8:94
1783344937.5,33.70,-6.25,-63.00,47.00,195.00,32:c5:99:9d:b8:94
1783344940.5,33.70,-6.25,-66.00,44.00,195.00,32:c5:99:9d:b8:94
1783344943.5,33.70,-6.25,-65.00,45.00,195.00,32:c5:99:9d:b8:94
1783344946.5,33.70,-6.25,-66.00,44.00,195.00,32:c5:99:9d:b8:94
1783344949.5,33.70,-6.25,-63.00,47.00,195.00,32:c5:99:9d:b8:94
1783344952.5,33.70,-6.25,-66.00,44.00,195.00,32:c5:99:9d:b8:94
1783344955.5,33.70,-6.25,-66.00,44.00,195.00,32:c5:99:9d:b8:94
1783344958.5,33.70,-6.25,-66.00,44.00,195.00,32:c5:99:9d:b8:94
1783344961.5,33.70,-6.25,-64.00,46.00,195.00,32:c5:99:9d:b8:94
1783344964.5,33.70,-6.25,-65.00,45.00,195.00,32:c5:99:9d:b8:94
1783344967.5,33.70,-6.25,-64.00,46.00,195.00,32:c5:99:9d:b8:94
1783344970.5,33.70,-6.25,-67.00,43.00,195.00,32:c5:99:9d:b8:94
1783344973.5,33.70,-6.25,-64.00,46.00,195.00,32:c5:99:9d:b8:94
1783344976.5,33.70,-6.25,-64.00,46.00,195.00,32:c5:99:9d:b8:94
1783344979.5,33.70,-6.25,-65.00,45.00,195.00,32:c5:99:9d:b8:94
1783344982.5,33.70,-6.25,-65.00,45.00,195.00,32:c5:99:9d:b8:94
1783344985.5,33.70,-6.25,-66.00,44.00,195.00,32:c5:99:9d:b8:94
1783344988.5,33.70,-6.25,-64.00,46.00,195.00,32:c5:99:9d:b8:94
1783344991.5,33.70,-6.25,-66.00,44.00,195.00,32:c5:99:9d:b8:94
1783344994.5,33.70,-6.25,-64.00,46.00,195.00,32:c5:99:9d:b8:94
1783344997.5,33.70,-6.25,-65.00,45.00,195.00,32:c5:99:9d:b8:94
1783345000.5,33.70,-6.25,-65.00,45.00,195.00,32:c5:99:9d:b8:94
1783345003.5,33.70,-6.25,-65.00,45.00,195.00,32:c5:99:9d:b8:94
1783345006.5,33.70,-6.25,-64.00,46.00,195.00,32:c5:99:9d:b8:94
1783345009.5,33.70,-6.25,-65.00,45.00,195.00,32:c5:99:9d:b8:94
1783345012.5,33.70,-6.25,-65.00,45.00,175.50,32:c5:99:9d:b8:94
1783345015.5,33.70,-6.25,-65.00,45.00,195.00,32:c5:99:9d:b8:94
1783345018.5,33.70,-6.25,-64.00,46.00,195.00,32:c5:99:9d:b8:94
1783345021.5,33.70,-6.25,-65.00,45.00,195.00,32:c5:99:9d:b8:94
1783345024.5,33.70,-6.25,-65.00,45.00,195.00,32:c5:99:9d:b8:94
1783345027.5,33.70,-6.25,-65.00,45.00,195.00,32:c5:99:9d:b8:94
1783345030.5,33.70,-6.25,-66.00,44.00,195.00,32:c5:99:9d:b8:94
1783345033.5,33.70,-6.25,-66.00,44.00,195.00,32:c5:99:9d:b8:94
1783345036.5,33.70,-6.25,-64.00,46.00,195.00,32:c5:99:9d:b8:94
1783345039.5,33.70,-6.25,-65.00,45.00,195.00,32:c5:99:9d:b8:94
1783345042.5,33.70,-6.25,-66.00,44.00,195.00,32:c5:99:9d:b8:94
1783345045.5,33.70,-6.25,-64.00,46.00,195.00,32:c5:99:9d:b8:94
1783345048.5,33.70,-6.25,-64.00,46.00,195.00,32:c5:99:9d:b8:94
1783345051.5,33.70,-6.25,-64.00,46.00,195.00,32:c5:99:9d:b8:94
1783345054.5,33.70,-6.25,-66.00,44.00,195.00,32:c5:99:9d:b8:94
1783345057.5,33.70,-6.25,-65.00,45.00,195.00,32:c5:99:9d:b8:94
1783345060.5,33.70,-6.25,-66.00,44.00,195.00,32:c5:99:9d:b8:94
1783345063.5,33.70,-6.25,-66.00,44.00,195.00,32:c5:99:9d:b8:94
1783345066.5,33.70,-6.25,-64.00,46.00,195.00,32:c5:99:9d:b8:94
1783345069.5,33.70,-6.25,-66.00,44.00,195.00,32:c5:99:9d:b8:94
1783345072.5,33.70,-6.25,-66.00,44.00,195.00,32:c5:99:9d:b8:94
1783345075.5,33.70,-6.25,-65.00,45.00,195.00,32:c5:99:9d:b8:94
1783345078.5,33.70,-6.25,-66.00,44.00,195.00,32:c5:99:9d:b8:94
1783345081.5,33.70,-6.25,-64.00,46.00,195.00,32:c5:99:9d:b8:94
1783345084.5,33.70,-6.25,-65.00,45.00,195.00,32:c5:99:9d:b8:94
1783345087.5,33.70,-6.25,-66.00,44.00,195.00,32:c5:99:9d:b8:94
1783345090.5,33.70,-6.25,-65.00,45.00,175.50,32:c5:99:9d:b8:94
1783345093.5,33.70,-6.25,-66.00,44.00,195.00,32:c5:99:9d:b8:94
1783345096.5,33.70,-6.25,-65.00,45.00,195.00,32:c5:99:9d:b8:94
1783345099.5,33.70,-6.25,-66.00,44.00,195.00,32:c5:99:9d:b8:94
1783345102.5,33.70,-6.25,-66.00,44.00,195.00,32:c5:99:9d:b8:94
1783345105.5,33.70,-6.25,-65.00,45.00,195.00,32:c5:99:9d:b8:94
1783345108.5,33.70,-6.25,-64.00,46.00,195.00,32:c5:99:9d:b8:94
1783345111.5,33.70,-6.25,-65.00,45.00,195.00,32:c5:99:9d:b8:94
1783345114.5,33.70,-6.25,-64.00,46.00,195.00,32:c5:99:9d:b8:94
1783345117.5,33.70,-6.25,-65.00,45.00,195.00,32:c5:99:9d:b8:94
1783345120.5,33.70,-6.25,-64.00,46.00,195.00,32:c5:99:9d:b8:94
1783345123.5,33.70,-6.25,-64.00,46.00,195.00,32:c5:99:9d:b8:94
1783345126.5,33.70,-6.25,-64.00,46.00,195.00,32:c5:99:9d:b8:94
1783345129.5,33.70,-6.25,-66.00,44.00,195.00,32:c5:99:9d:b8:94
1783345132.5,33.70,-6.25,-66.00,44.00,195.00,32:c5:99:9d:b8:94
1783345135.5,33.70,-6.25,-66.00,44.00,195.00,32:c5:99:9d:b8:94
1783345138.5,33.70,-6.25,-65.00,45.00,195.00,32:c5:99:9d:b8:94
1783345141.5,33.70,-6.25,-65.00,45.00,195.00,32:c5:99:9d:b8:94
1783345144.5,33.70,-6.25,-65.00,45.00,195.00,32:c5:99:9d:b8:94
1783345147.5,33.70,-6.25,-64.00,46.00,195.00,32:c5:99:9d:b8:94
1783345150.5,33.70,-6.25,-65.00,45.00,195.00,32:c5:99:9d:b8:94
1783345153.5,33.70,-6.25,-65.00,45.00,195.00,32:c5:99:9d:b8:94
1783345156.5,33.70,-6.25,-66.00,44.00,195.00,32:c5:99:9d:b8:94
1783345159.5,33.70,-6.25,-65.00,45.00,195.00,32:c5:99:9d:b8:94
1783345162.5,33.70,-6.25,-65.00,45.00,195.00,32:c5:99:9d:b8:94
1783345165.5,33.70,-6.25,-65.00,45.00,195.00,32:c5:99:9d:b8:94
1783345168.5,33.70,-6.25,-65.00,45.00,195.00,32:c5:99:9d:b8:94
1783345171.5,33.70,-6.25,-66.00,44.00,195.00,32:c5:99:9d:b8:94
1783345174.5,33.70,-6.25,-66.00,44.00,195.00,32:c5:99:9d:b8:94
1783345177.5,33.70,-6.25,-64.00,46.00,195.00,32:c5:99:9d:b8:94
1783345180.5,33.70,-6.25,-66.00,44.00,175.50,32:c5:99:9d:b8:94
1783345183.5,33.70,-6.25,-66.00,44.00,195.00,32:c5:99:9d:b8:94
1783345186.5,33.70,-6.25,-66.00,44.00,195.00,32:c5:99:9d:b8:94
1783345189.5,33.70,-6.25,-64.00,46.00,260.00,32:c5:99:9d:b8:94
1783345192.5,33.70,-6.25,-64.00,46.00,195.00,32:c5:99:9d:b8:94
1783345195.5,33.70,-6.25,-63.00,47.00,195.00,32:c5:99:9d:b8:94
1783345198.5,33.70,-6.25,-67.00,43.00,195.00,32:c5:99:9d:b8:94
1783345201.5,33.70,-6.25,-65.00,45.00,195.00,32:c5:99:9d:b8:94
1783345204.5,33.70,-6.25,-64.00,46.00,195.00,32:c5:99:9d:b8:94
1783345207.5,33.70,-6.25,-65.00,45.00,195.00,32:c5:99:9d:b8:94
1783345210.5,33.70,-6.25,-65.00,45.00,195.00,32:c5:99:9d:b8:94
1783345213.5,33.70,-6.25,-67.00,43.00,195.00,32:c5:99:9d:b8:94
1783345216.5,33.70,-6.25,-65.00,45.00,195.00,32:c5:99:9d:b8:94
1783345219.5,33.70,-6.25,-66.00,44.00,195.00,32:c5:99:9d:b8:94
1783345222.5,33.70,-6.25,-65.00,45.00,195.00,32:c5:99:9d:b8:94
1783345225.5,33.70,-6.25,-65.00,45.00,195.00,32:c5:99:9d:b8:94
1783345228.5,33.70,-6.25,-64.00,46.00,195.00,32:c5:99:9d:b8:94
1783345231.5,33.70,-6.25,-64.00,46.00,195.00,32:c5:99:9d:b8:94
1783345234.5,33.70,-6.25,-66.00,44.00,195.00,32:c5:99:9d:b8:94
1783345237.5,33.70,-6.25,-63.00,47.00,195.00,32:c5:99:9d:b8:94
1783345240.5,33.70,-6.25,-65.00,45.00,195.00,32:c5:99:9d:b8:94
1783345243.5,33.70,-6.25,-65.00,45.00,195.00,32:c5:99:9d:b8:94
1783345246.5,33.70,-6.25,-65.00,45.00,175.50,32:c5:99:9d:b8:94
1783345249.5,33.70,-6.25,-64.00,46.00,195.00,32:c5:99:9d:b8:94
1783345252.5,33.70,-6.25,-65.00,45.00,195.00,32:c5:99:9d:b8:94
1783345255.5,33.70,-6.25,-65.00,45.00,195.00,32:c5:99:9d:b8:94
1783345258.5,33.70,-6.25,-65.00,45.00,195.00,32:c5:99:9d:b8:94
1783345261.5,33.70,-6.25,-64.00,46.00,195.00,32:c5:99:9d:b8:94
1783345264.5,33.70,-6.25,-65.00,45.00,195.00,32:c5:99:9d:b8:94
1783345267.5,33.70,-6.25,-64.00,46.00,195.00,32:c5:99:9d:b8:94
1783345270.5,33.70,-6.25,-66.00,44.00,195.00,32:c5:99:9d:b8:94
1783345273.5,33.70,-6.25,-65.00,45.00,195.00,32:c5:99:9d:b8:94
1783345276.5,33.70,-6.25,-66.00,44.00,195.00,32:c5:99:9d:b8:94
1783345279.5,33.70,-6.25,-67.00,43.00,195.00,32:c5:99:9d:b8:94
1783345282.5,33.70,-6.25,-66.00,44.00,195.00,32:c5:99:9d:b8:94
1783345285.5,33.70,-6.25,-65.00,45.00,195.00,32:c5:99:9d:b8:94
1783345288.5,33.70,-6.25,-65.00,45.00,195.00,32:c5:99:9d:b8:94
1783345291.5,33.70,-6.25,-65.00,45.00,195.00,32:c5:99:9d:b8:94
1783345294.5,33.70,-6.25,-64.00,46.00,195.00,32:c5:99:9d:b8:94
1783345297.5,33.70,-6.25,-65.00,45.00,195.00,32:c5:99:9d:b8:94
1783345300.5,33.70,-6.25,-65.00,45.00,195.00,32:c5:99:9d:b8:94
1783345303.5,33.70,-6.25,-66.00,44.00,195.00,32:c5:99:9d:b8:94
1783345306.5,33.70,-6.25,-65.00,45.00,195.00,32:c5:99:9d:b8:94
1783345309.5,33.70,-6.25,-64.00,46.00,195.00,32:c5:99:9d:b8:94
1783345312.5,33.70,-6.25,-66.00,44.00,195.00,32:c5:99:9d:b8:94
1783345315.5,33.70,-6.25,-66.00,44.00,195.00,32:c5:99:9d:b8:94
1783345318.5,33.70,-6.25,-66.00,44.00,195.00,32:c5:99:9d:b8:94
1783345321.5,33.70,-6.25,-66.00,44.00,195.00,32:c5:99:9d:b8:94
1783345324.5,33.70,-6.25,-66.00,44.00,195.00,32:c5:99:9d:b8:94
1783345327.5,33.70,-6.25,-67.00,43.00,195.00,32:c5:99:9d:b8:94
1783345330.5,33.70,-6.25,-65.00,45.00,195.00,32:c5:99:9d:b8:94
1783345333.5,33.70,-6.25,-65.00,45.00,195.00,32:c5:99:9d:b8:94
1783345336.5,33.70,-6.25,-65.00,45.00,195.00,32:c5:99:9d:b8:94
1783345339.5,33.70,-6.25,-65.00,45.00,195.00,32:c5:99:9d:b8:94
1783345342.5,33.70,-6.25,-66.00,44.00,195.00,32:c5:99:9d:b8:94
1783345345.5,33.70,-6.25,-64.00,46.00,195.00,32:c5:99:9d:b8:94
1783345348.5,33.70,-6.25,-64.00,46.00,195.00,32:c5:99:9d:b8:94
1783345351.5,33.70,-6.25,-65.00,45.00,195.00,32:c5:99:9d:b8:94
1783345354.5,33.70,-6.25,-65.00,45.00,195.00,32:c5:99:9d:b8:94
1783345357.5,33.70,-6.25,-66.00,44.00,195.00,32:c5:99:9d:b8:94
1783345360.5,33.70,-6.25,-64.00,46.00,195.00,32:c5:99:9d:b8:94
1783345363.5,33.70,-6.25,-65.00,45.00,195.00,32:c5:99:9d:b8:94
1783345366.5,33.70,-6.25,-64.00,46.00,195.00,32:c5:99:9d:b8:94
1783345369.5,33.70,-6.25,-65.00,45.00,260.00,32:c5:99:9d:b8:94
1783345372.5,33.70,-6.25,-65.00,45.00,195.00,32:c5:99:9d:b8:94
1783345375.5,33.70,-6.25,-65.00,45.00,195.00,32:c5:99:9d:b8:94
1783345378.5,33.70,-6.25,-64.00,46.00,195.00,32:c5:99:9d:b8:94
1783345381.5,33.70,-6.25,-64.00,46.00,195.00,32:c5:99:9d:b8:94
1783345384.5,33.70,-6.25,-66.00,44.00,195.00,32:c5:99:9d:b8:94
1783345387.5,33.70,-6.25,-65.00,45.00,195.00,32:c5:99:9d:b8:94
1783345390.5,33.70,-6.25,-65.00,45.00,195.00,32:c5:99:9d:b8:94
1783345393.5,33.70,-6.25,-65.00,45.00,195.00,32:c5:99:9d:b8:94
1783345396.5,33.70,-6.25,-64.00,46.00,195.00,32:c5:99:9d:b8:94
1783345399.5,33.70,-6.25,-64.00,46.00,195.00,32:c5:99:9d:b8:94
1783345402.5,33.70,-6.25,-66.00,44.00,195.00,32:c5:99:9d:b8:94
1783345405.5,33.70,-6.25,-63.00,47.00,195.00,32:c5:99:9d:b8:94
1783345408.5,33.70,-6.25,-65.00,45.00,195.00,32:c5:99:9d:b8:94
1783345411.5,33.70,-6.25,-66.00,44.00,260.00,32:c5:99:9d:b8:94
1783345414.5,33.70,-6.25,-66.00,44.00,195.00,32:c5:99:9d:b8:94
1783345417.5,33.70,-6.25,-66.00,44.00,195.00,32:c5:99:9d:b8:94
1783345420.5,33.70,-6.25,-63.00,47.00,260.00,32:c5:99:9d:b8:94
1783345423.5,33.70,-6.25,-64.00,46.00,195.00,32:c5:99:9d:b8:94
1783345426.5,33.70,-6.25,-66.00,44.00,195.00,32:c5:99:9d:b8:94
1783345429.5,33.70,-6.25,-67.00,43.00,260.00,32:c5:99:9d:b8:94
1783345432.5,33.70,-6.25,-65.00,45.00,195.00,32:c5:99:9d:b8:94
1783345435.5,33.70,-6.25,-66.00,44.00,175.50,32:c5:99:9d:b8:94
1783345438.5,33.70,-6.25,-64.00,46.00,195.00,32:c5:99:9d:b8:94
1783345441.5,33.70,-6.25,-66.00,44.00,195.00,32:c5:99:9d:b8:94
1783345444.5,33.70,-6.25,-63.00,47.00,195.00,32:c5:99:9d:b8:94
1783345447.5,33.70,-6.25,-63.00,47.00,195.00,32:c5:99:9d:b8:94
1783345450.5,33.70,-6.25,-65.00,45.00,195.00,32:c5:99:9d:b8:94
1783345453.5,33.70,-6.25,-64.00,46.00,175.50,32:c5:99:9d:b8:94
1783345456.5,33.70,-6.25,-64.00,46.00,195.00,32:c5:99:9d:b8:94
1783345459.5,33.70,-6.25,-66.00,44.00,195.00,32:c5:99:9d:b8:94
1783345462.5,33.70,-6.25,-65.00,45.00,195.00,32:c5:99:9d:b8:94
1783345465.5,33.70,-6.25,-64.00,46.00,260.00,32:c5:99:9d:b8:94
1783345468.5,33.70,-6.25,-66.00,44.00,195.00,32:c5:99:9d:b8:94
1783345471.5,33.70,-6.25,-64.00,46.00,175.50,32:c5:99:9d:b8:94
1783345474.5,33.70,-6.25,-64.00,46.00,195.00,32:c5:99:9d:b8:94
1783345477.5,33.70,-6.25,-65.00,45.00,195.00,32:c5:99:9d:b8:94
1783345480.5,33.70,-6.25,-65.00,45.00,195.00,32:c5:99:9d:b8:94
1783345483.5,33.70,-6.25,-66.00,44.00,175.50,32:c5:99:9d:b8:94
1783345486.5,33.70,-6.25,-65.00,45.00,195.00,32:c5:99:9d:b8:94
1783345489.5,33.70,-6.25,-65.00,45.00,175.50,32:c5:99:9d:b8:94
1783345492.5,33.70,-6.25,-65.00,45.00,195.00,32:c5:99:9d:b8:94
1783345495.5,33.70,-6.25,-65.00,45.00,175.50,32:c5:99:9d:b8:94
1783345498.5,33.70,-6.25,-64.00,46.00,195.00,32:c5:99:9d:b8:94
1783345501.5,33.70,-6.25,-65.00,45.00,175.50,32:c5:99:9d:b8:94
1783345504.5,33.70,-6.25,-65.00,45.00,195.00,32:c5:99:9d:b8:94
1783345507.5,33.70,-6.25,-66.00,44.00,234.00,32:c5:99:9d:b8:94
1783345510.5,33.70,-6.25,-65.00,45.00,195.00,32:c5:99:9d:b8:94
1783345513.5,33.70,-6.25,-65.00,45.00,175.50,32:c5:99:9d:b8:94
1783345516.5,33.70,-6.25,-65.00,45.00,195.00,32:c5:99:9d:b8:94
1783345519.5,33.70,-6.25,-66.00,44.00,234.00,32:c5:99:9d:b8:94
1783345522.5,33.70,-6.25,-66.00,44.00,175.50,32:c5:99:9d:b8:94
1783345525.5,33.70,-6.25,-64.00,46.00,195.00,32:c5:99:9d:b8:94
1783345528.5,33.70,-6.25,-66.00,44.00,260.00,32:c5:99:9d:b8:94
1783345531.5,33.70,-6.25,-65.00,45.00,234.00,32:c5:99:9d:b8:94
1783345534.5,33.70,-6.25,-66.00,44.00,195.00,32:c5:99:9d:b8:94
1783345537.5,33.70,-6.25,-65.00,45.00,195.00,32:c5:99:9d:b8:94
1783345540.5,33.70,-6.25,-66.00,44.00,175.50,32:c5:99:9d:b8:94
1783345543.5,33.70,-6.25,-64.00,46.00,195.00,32:c5:99:9d:b8:94
1783345546.5,33.70,-6.25,-64.00,46.00,234.00,32:c5:99:9d:b8:94
1783345549.5,33.70,-6.25,-66.00,44.00,195.00,32:c5:99:9d:b8:94
1783345552.5,33.70,-6.25,-64.00,46.00,195.00,32:c5:99:9d:b8:94
1783345555.5,33.70,-6.25,-65.00,45.00,195.00,32:c5:99:9d:b8:94
1783345558.5,33.70,-6.25,-66.00,44.00,195.00,32:c5:99:9d:b8:94
1783345561.5,33.70,-6.25,-65.00,45.00,195.00,32:c5:99:9d:b8:94
1783345564.5,33.70,-6.25,-65.00,45.00,195.00,32:c5:99:9d:b8:94
1783345567.5,33.70,-6.25,-65.00,45.00,234.00,32:c5:99:9d:b8:94
1783345570.5,33.70,-6.25,-65.00,45.00,195.00,32:c5:99:9d:b8:94
1783345573.5,33.70,-6.25,-65.00,45.00,195.00,32:c5:99:9d:b8:94
1783345576.5,33.70,-6.25,-66.00,44.00,234.00,32:c5:99:9d:b8:94
1783345579.5,33.70,-6.25,-65.00,45.00,195.00,32:c5:99:9d:b8:94
1783345582.5,33.70,-6.25,-66.00,44.00,195.00,32:c5:99:9d:b8:94
1783345585.5,33.70,-6.25,-65.00,45.00,195.00,32:c5:99:9d:b8:94
1783345588.5,33.70,-6.25,-66.00,44.00,195.00,32:c5:99:9d:b8:94
1783345591.5,33.70,-6.25,-65.00,45.00,195.00,32:c5:99:9d:b8:94
1783345594.5,33.70,-6.25,-69.00,41.00,130.00,32:c5:99:9d:b8:94
1783345597.5,33.70,-6.25,-65.00,45.00,234.00,32:c5:99:9d:b8:94
1783345600.5,33.67,-6.25,-66.00,44.00,195.00,32:c5:99:9d:b8:94
1783345603.5,33.67,-6.25,-65.00,45.00,260.00,32:c5:99:9d:b8:94
1783345606.5,33.75,-6.25,-65.00,45.00,234.00,32:c5:99:9d:b8:94
1783345609.5,33.75,-6.25,-65.00,45.00,175.50,32:c5:99:9d:b8:94
1783345612.5,34.16,-6.01,-67.00,43.00,195.00,32:c5:99:9d:b8:94
1783345615.5,34.44,-5.47,-66.00,44.00,175.50,32:c5:99:9d:b8:94
1783345618.5,34.88,-4.89,-66.00,44.00,175.50,32:c5:99:9d:b8:94
1783345621.5,35.33,-4.33,-66.00,44.00,195.00,32:c5:99:9d:b8:94
1783345624.5,36.04,-3.47,-66.00,44.00,195.00,32:c5:99:9d:b8:94
1783345627.5,36.50,-2.96,-66.00,44.00,195.00,32:c5:99:9d:b8:94
1783345630.5,36.92,-2.47,-67.00,43.00,195.00,32:c5:99:9d:b8:94
1783345633.5,36.66,-2.45,-66.00,44.00,175.50,32:c5:99:9d:b8:94
1783345636.5,35.95,-2.48,-68.00,42.00,195.00,32:c5:99:9d:b8:94
1783345639.5,35.16,-2.43,-66.00,44.00,195.00,32:c5:99:9d:b8:94
1783345642.5,34.38,-2.39,-67.00,43.00,195.00,32:c5:99:9d:b8:94
1783345645.5,33.59,-2.49,-66.00,44.00,195.00,32:c5:99:9d:b8:94
1783345648.5,32.82,-2.75,-68.00,42.00,195.00,32:c5:99:9d:b8:94
1783345651.5,32.10,-3.09,-73.00,37.00,195.00,32:c5:99:9d:b8:94
1783345654.5,31.37,-3.17,-72.00,38.00,130.00,32:c5:99:9d:b8:94
1783345657.5,30.62,-3.15,-72.00,38.00,97.50,32:c5:99:9d:b8:94
1783345660.5,29.84,-3.15,-73.00,37.00,97.50,32:c5:99:9d:b8:94
1783345663.5,29.02,-3.15,-71.00,39.00,130.00,32:c5:99:9d:b8:94
1783345666.5,27.97,-3.18,-72.00,38.00,130.00,32:c5:99:9d:b8:94
1783345669.5,27.15,-3.20,-75.00,35.00,58.50,32:c5:99:9d:b8:94
1783345672.5,26.56,-3.23,-76.00,34.00,12.00,32:c5:99:9d:b8:94
1783345675.5,25.69,-3.21,-49.00,61.00,72.20,f0:2f:74:40:a0:c0
1783345678.5,24.87,-3.17,-48.00,62.00,72.20,f0:2f:74:40:a0:c0
1783345681.5,24.06,-3.13,-49.00,61.00,72.20,f0:2f:74:40:a0:c0
1783345684.5,23.27,-3.14,-51.00,59.00,72.20,f0:2f:74:40:a0:c0
1783345687.5,22.41,-3.12,-48.00,62.00,72.20,f0:2f:74:40:a0:c0
1783345690.5,21.59,-3.10,-47.00,63.00,72.20,f0:2f:74:40:a0:c0
1783345693.5,20.75,-3.14,-47.00,63.00,72.20,f0:2f:74:40:a0:c0
1783345696.5,19.63,-3.14,-49.00,61.00,72.20,f0:2f:74:40:a0:c0
1783345699.5,18.86,-3.14,-45.00,65.00,72.20,f0:2f:74:40:a0:c0
1783345702.5,18.12,-3.15,-47.00,63.00,72.20,f0:2f:74:40:a0:c0
1783345705.5,17.30,-3.26,-45.00,65.00,72.20,f0:2f:74:40:a0:c0
1783345708.5,16.50,-3.40,-45.00,65.00,72.20,f0:2f:74:40:a0:c0
1783345711.5,15.74,-3.64,-46.00,64.00,72.20,f0:2f:74:40:a0:c0
1783345714.5,15.23,-3.85,-44.00,66.00,72.20,f0:2f:74:40:a0:c0
1783345717.5,14.59,-4.01,-45.00,65.00,72.20,f0:2f:74:40:a0:c0
1783345720.5,13.82,-4.02,-44.00,66.00,72.20,f0:2f:74:40:a0:c0
1783345723.5,13.00,-3.99,-44.00,66.00,72.20,f0:2f:74:40:a0:c0
1783345726.5,12.21,-4.12,-41.00,69.00,72.20,f0:2f:74:40:a0:c0
1783345729.5,11.69,-4.31,-42.00,68.00,72.20,f0:2f:74:40:a0:c0
1783345732.5,10.91,-4.44,-41.00,69.00,72.20,f0:2f:74:40:a0:c0
1783345735.5,10.29,-4.39,-38.00,70.00,72.20,f0:2f:74:40:a0:c0
1783345738.5,9.44,-4.28,-40.00,70.00,72.20,f0:2f:74:40:a0:c0
1783345741.5,8.56,-4.18,-39.00,70.00,72.20,f0:2f:74:40:a0:c0
1783345744.5,7.76,-4.08,-35.00,70.00,72.20,f0:2f:74:40:a0:c0
1783345747.5,6.88,-4.05,-35.00,70.00,72.20,f0:2f:74:40:a0:c0
1783345750.5,5.95,-4.03,-36.00,70.00,72.20,f0:2f:74:40:a0:c0
1783345753.5,5.11,-3.90,-32.00,70.00,72.20,f0:2f:74:40:a0:c0
1783345756.5,4.31,-3.86,-35.00,70.00,72.20,f0:2f:74:40:a0:c0
1783345759.5,3.48,-3.87,-33.00,70.00,72.20,f0:2f:74:40:a0:c0
1783345762.5,2.66,-3.88,-36.00,70.00,72.20,f0:2f:74:40:a0:c0
1783345765.5,1.79,-3.90,-33.00,70.00,72.20,f0:2f:74:40:a0:c0
1783345768.5,0.98,-3.83,-39.00,70.00,72.20,f0:2f:74:40:a0:c0
1783345771.5,0.21,-3.55,-32.00,70.00,72.20,f0:2f:74:40:a0:c0
1783345774.5,-0.16,-2.99,-31.00,70.00,72.20,f0:2f:74:40:a0:c0
1783345777.5,-0.36,-2.26,-34.00,70.00,72.20,f0:2f:74:40:a0:c0
1783345780.5,-0.52,-1.28,-33.00,70.00,72.20,f0:2f:74:40:a0:c0
1783345783.5,-0.64,-1.10,-35.00,70.00,72.20,f0:2f:74:40:a0:c0
1783345786.5,-1.08,-1.27,-35.00,70.00,72.20,f0:2f:74:40:a0:c0
1783345789.5,-1.55,-1.57,-32.00,70.00,72.20,f0:2f:74:40:a0:c0
1783345792.5,-2.27,-2.12,-38.00,70.00,72.20,f0:2f:74:40:a0:c0
1783345795.5,-2.77,-2.53,-34.00,70.00,72.20,f0:2f:74:40:a0:c0
1783345798.5,-3.54,-3.15,-35.00,70.00,72.20,f0:2f:74:40:a0:c0
1783345801.5,-4.33,-3.76,-40.00,70.00,72.20,f0:2f:74:40:a0:c0
1783345804.5,-5.13,-4.11,-37.00,70.00,72.20,f0:2f:74:40:a0:c0
1783345807.5,-5.93,-4.33,-42.00,68.00,72.20,f0:2f:74:40:a0:c0
1783345810.5,-6.72,-4.47,-41.00,69.00,72.20,f0:2f:74:40:a0:c0
1783345813.5,-7.51,-4.69,-42.00,68.00,72.20,f0:2f:74:40:a0:c0
1783345816.5,-8.25,-4.89,-45.00,65.00,72.20,f0:2f:74:40:a0:c0
1783345819.5,-9.06,-5.11,-45.00,65.00,72.20,f0:2f:74:40:a0:c0
1783345822.5,-9.81,-5.20,-49.00,61.00,72.20,f0:2f:74:40:a0:c0
1783345825.5,-10.58,-5.33,-43.00,67.00,72.20,f0:2f:74:40:a0:c0
1783345828.5,-11.33,-5.51,-45.00,65.00,72.20,f0:2f:74:40:a0:c0
1783345831.5,-12.10,-5.78,-46.00,64.00,72.20,f0:2f:74:40:a0:c0
1783345834.5,-12.65,-6.07,-47.00,63.00,72.20,f0:2f:74:40:a0:c0
1783345837.5,-12.64,-5.99,-49.00,61.00,72.20,f0:2f:74:40:a0:c0
1783345840.5,-12.14,-5.79,-47.00,63.00,72.20,f0:2f:74:40:a0:c0
1783345843.5,-11.45,-5.52,-47.00,63.00,72.20,f0:2f:74:40:a0:c0
1783345846.5,-10.73,-5.32,-47.00,63.00,72.20,f0:2f:74:40:a0:c0
1783345849.5,-10.00,-5.12,-45.00,65.00,72.20,f0:2f:74:40:a0:c0
1783345852.5,-9.26,-4.89,-45.00,65.00,72.20,f0:2f:74:40:a0:c0
1783345855.5,-8.47,-4.76,-44.00,66.00,72.20,f0:2f:74:40:a0:c0
1783345858.5,-7.70,-4.61,-43.00,67.00,72.20,f0:2f:74:40:a0:c0
1783345861.5,-6.93,-4.57,-42.00,68.00,72.20,f0:2f:74:40:a0:c0
1783345864.5,-6.14,-4.37,-35.00,70.00,72.20,f0:2f:74:40:a0:c0
1783345867.5,-5.36,-4.23,-37.00,70.00,72.20,f0:2f:74:40:a0:c0
1783345870.5,-4.59,-3.93,-40.00,70.00,72.20,f0:2f:74:40:a0:c0
1783345873.5,-3.79,-3.42,-35.00,70.00,72.20,f0:2f:74:40:a0:c0
1783345876.5,-3.27,-3.07,-39.00,70.00,72.20,f0:2f:74:40:a0:c0
1783345879.5,-2.41,-2.39,-34.00,70.00,72.20,f0:2f:74:40:a0:c0
1783345882.5,-1.89,-2.01,-34.00,70.00,72.20,f0:2f:74:40:a0:c0
1783345885.5,-1.00,-1.49,-32.00,70.00,72.20,f0:2f:74:40:a0:c0
1783345888.5,-0.33,-1.02,-32.00,70.00,72.20,f0:2f:74:40:a0:c0
1783345891.5,-0.30,-1.03,-36.00,70.00,72.20,f0:2f:74:40:a0:c0
1783345894.5,-0.47,-0.93,-33.00,70.00,72.20,f0:2f:74:40:a0:c0
1783345897.5,-0.92,-0.34,-36.00,70.00,72.20,f0:2f:74:40:a0:c0
1783345900.5,-1.35,0.19,-34.00,70.00,72.20,f0:2f:74:40:a0:c0
1783345903.5,-2.01,0.97,-40.00,70.00,72.20,f0:2f:74:40:a0:c0
1783345906.5,-2.37,1.44,-40.00,70.00,72.20,f0:2f:74:40:a0:c0
1783345909.5,-3.04,2.23,-36.00,70.00,72.20,f0:2f:74:40:a0:c0
1783345912.5,-3.63,2.98,-38.00,70.00,72.20,f0:2f:74:40:a0:c0
1783345915.5,-4.15,3.44,-40.00,70.00,72.20,f0:2f:74:40:a0:c0
1783345918.5,-4.66,4.16,-43.00,67.00,72.20,f0:2f:74:40:a0:c0
1783345921.5,-4.70,4.72,-40.00,70.00,72.20,f0:2f:74:40:a0:c0
1783345924.5,-4.71,5.58,-43.00,67.00,72.20,f0:2f:74:40:a0:c0
1783345927.5,-4.64,6.43,-46.00,64.00,72.20,f0:2f:74:40:a0:c0
1783345930.5,-4.69,7.21,-45.00,65.00,72.20,f0:2f:74:40:a0:c0
1783345933.5,-4.89,8.02,-46.00,64.00,72.20,f0:2f:74:40:a0:c0
1783345936.5,-5.54,8.15,-47.00,63.00,72.20,f0:2f:74:40:a0:c0
1783345939.5,-6.29,8.09,-48.00,62.00,72.20,f0:2f:74:40:a0:c0
1783345942.5,-7.05,8.07,-49.00,61.00,72.20,f0:2f:74:40:a0:c0
1783345945.5,-7.80,8.11,-51.00,59.00,72.20,f0:2f:74:40:a0:c0
1783345948.5,-8.29,8.06,-52.00,58.00,72.20,f0:2f:74:40:a0:c0
1783345951.5,-9.08,8.04,-50.00,60.00,72.20,f0:2f:74:40:a0:c0
1783345954.5,-9.84,8.00,-53.00,57.00,72.20,f0:2f:74:40:a0:c0
1783345957.5,-10.63,7.95,-56.00,54.00,72.20,f0:2f:74:40:a0:c0
1783345960.5,-11.45,7.92,-53.00,57.00,72.20,f0:2f:74:40:a0:c0
1783345963.5,-12.23,7.93,-52.00,58.00,72.20,f0:2f:74:40:a0:c0
1783345966.5,-13.00,7.88,-54.00,56.00,72.20,f0:2f:74:40:a0:c0
1783345969.5,-13.76,7.80,-52.00,58.00,72.20,f0:2f:74:40:a0:c0
1783345972.5,-13.96,7.73,-52.00,58.00,72.20,f0:2f:74:40:a0:c0
1783345975.5,-13.78,7.72,-53.00,57.00,72.20,f0:2f:74:40:a0:c0
1783345978.5,-13.03,7.94,-54.00,56.00,65.00,f0:2f:74:40:a0:c0
1783345981.5,-12.24,7.96,-52.00,58.00,65.00,f0:2f:74:40:a0:c0
1783345984.5,-11.40,7.92,-53.00,57.00,72.20,f0:2f:74:40:a0:c0
1783345987.5,-10.49,7.98,-54.00,56.00,72.20,f0:2f:74:40:a0:c0
1783345990.5,-9.66,8.03,-52.00,58.00,72.20,f0:2f:74:40:a0:c0
1783345993.5,-8.85,8.08,-53.00,57.00,72.20,f0:2f:74:40:a0:c0
1783345996.5,-8.49,8.06,-52.00,58.00,57.70,f0:2f:74:40:a0:c0
1783345999.5,-7.73,8.08,-53.00,57.00,72.20,f0:2f:74:40:a0:c0
1783346002.5,-6.98,8.11,-53.00,57.00,72.20,f0:2f:74:40:a0:c0
1783346005.5,-5.81,8.16,-48.00,62.00,72.20,f0:2f:74:40:a0:c0
1783346008.5,-5.57,8.00,-49.00,61.00,72.20,f0:2f:74:40:a0:c0
1783346011.5,-5.03,7.60,-45.00,65.00,72.20,f0:2f:74:40:a0:c0
1783346014.5,-4.54,7.11,-44.00,66.00,65.00,f0:2f:74:40:a0:c0
1783346017.5,-4.62,6.30,-41.00,69.00,57.70,f0:2f:74:40:a0:c0
1783346020.5,-4.68,5.56,-40.00,70.00,72.20,f0:2f:74:40:a0:c0
1783346023.5,-4.39,4.83,-42.00,68.00,72.20,f0:2f:74:40:a0:c0
1783346026.5,-4.50,4.77,-39.00,70.00,72.20,f0:2f:74:40:a0:c0
1783346029.5,-4.48,4.75,-42.00,68.00,72.20,f0:2f:74:40:a0:c0
1783346032.5,-4.48,4.75,-42.00,68.00,72.20,f0:2f:74:40:a0:c0
1783346035.5,-4.48,4.75,-42.00,68.00,72.20,f0:2f:74:40:a0:c0
1783346038.5,-4.48,4.75,-43.00,67.00,72.20,f0:2f:74:40:a0:c0
1783346041.5,-4.48,4.75,-42.00,68.00,72.20,f0:2f:74:40:a0:c0
1783346044.5,-4.48,4.75,-42.00,68.00,72.20,f0:2f:74:40:a0:c0
1783346047.5,-4.48,4.75,-42.00,68.00,72.20,f0:2f:74:40:a0:c0
1783346050.5,-4.48,4.75,-43.00,67.00,72.20,f0:2f:74:40:a0:c0
1783346053.5,-4.48,4.75,-42.00,68.00,72.20,f0:2f:74:40:a0:c0
1783346056.5,-4.48,4.75,-43.00,67.00,72.20,f0:2f:74:40:a0:c0
1783346059.5,-4.48,4.75,-42.00,68.00,72.20,f0:2f:74:40:a0:c0
1783346062.5,-4.48,4.75,-42.00,68.00,72.20,f0:2f:74:40:a0:c0
1783346065.5,-4.48,4.75,-42.00,68.00,72.20,f0:2f:74:40:a0:c0
1783346068.5,-4.48,4.75,-43.00,67.00,72.20,f0:2f:74:40:a0:c0
1783346071.5,-4.51,4.75,-40.00,70.00,72.20,f0:2f:74:40:a0:c0
1783346074.5,-4.61,4.49,-39.00,70.00,72.20,f0:2f:74:40:a0:c0
1783346077.5,-4.37,3.92,-36.00,70.00,72.20,f0:2f:74:40:a0:c0
1783346080.5,-3.82,3.22,-41.00,69.00,72.20,f0:2f:74:40:a0:c0
1783346083.5,-3.43,2.78,-33.00,70.00,72.20,f0:2f:74:40:a0:c0
1783346086.5,-2.88,1.99,-36.00,70.00,72.20,f0:2f:74:40:a0:c0
1783346089.5,-2.51,1.50,-35.00,70.00,72.20,f0:2f:74:40:a0:c0
1783346092.5,-1.98,0.73,-38.00,70.00,72.20,f0:2f:74:40:a0:c0
1783346095.5,-1.37,-0.04,-36.00,70.00,72.20,f0:2f:74:40:a0:c0
1783346098.5,-0.92,-0.54,-39.00,70.00,72.20,f0:2f:74:40:a0:c0
1783346101.5,-0.49,-1.42,-31.00,70.00,72.20,f0:2f:74:40:a0:c0
1783346104.5,-0.44,-1.41,-35.00,70.00,72.20,f0:2f:74:40:a0:c0
1783346107.5,-0.44,-1.41,-35.00,70.00,72.20,f0:2f:74:40:a0:c0
1783346110.5,-0.44,-1.41,-34.00,70.00,72.20,f0:2f:74:40:a0:c0
1783346113.5,-0.44,-1.41,-35.00,70.00,72.20,f0:2f:74:40:a0:c0
1783346116.5,-0.44,-1.41,-34.00,70.00,72.20,f0:2f:74:40:a0:c0
1783346119.5,-0.44,-1.41,-35.00,70.00,72.20,f0:2f:74:40:a0:c0
1783346122.5,-0.44,-1.41,-34.00,70.00,72.20,f0:2f:74:40:a0:c0
1783346125.5,-0.44,-1.41,-35.00,70.00,72.20,f0:2f:74:40:a0:c0
1783346128.5,-0.44,-1.41,-35.00,70.00,72.20,f0:2f:74:40:a0:c0
1783346131.5,-0.44,-1.41,-35.00,70.00,72.20,f0:2f:74:40:a0:c0
1783346134.5,-0.44,-1.41,-35.00,70.00,72.20,f0:2f:74:40:a0:c0
1783346137.5,-0.44,-1.41,-33.00,70.00,72.20,f0:2f:74:40:a0:c0
1783346140.5,-0.44,-1.41,-33.00,70.00,72.20,f0:2f:74:40:a0:c0
1783346143.5,-0.44,-1.41,-35.00,70.00,72.20,f0:2f:74:40:a0:c0
1783346146.5,-0.44,-1.41,-35.00,70.00,72.20,f0:2f:74:40:a0:c0
1783346149.5,-0.44,-1.41,-34.00,70.00,72.20,f0:2f:74:40:a0:c0
1783346152.5,-0.44,-1.41,-35.00,70.00,72.20,f0:2f:74:40:a0:c0
1783346155.5,-0.44,-1.41,-35.00,70.00,72.20,f0:2f:74:40:a0:c0
1783346158.5,-0.44,-1.41,-35.00,70.00,72.20,f0:2f:74:40:a0:c0
1783346161.5,-0.44,-1.41,-35.00,70.00,72.20,f0:2f:74:40:a0:c0
1783346164.5,-0.44,-1.41,-35.00,70.00,72.20,f0:2f:74:40:a0:c0
1783346167.5,-0.44,-1.41,-34.00,70.00,72.20,f0:2f:74:40:a0:c0
1783346170.5,-0.44,-1.41,-35.00,70.00,72.20,f0:2f:74:40:a0:c0
1783346173.5,-0.44,-1.41,-34.00,70.00,72.20,f0:2f:74:40:a0:c0
1783346176.5,-0.44,-1.41,-34.00,70.00,72.20,f0:2f:74:40:a0:c0
1783346179.5,-0.45,-1.57,-31.00,70.00,72.20,f0:2f:74:40:a0:c0
1783346182.5,-0.45,-1.57,-31.00,70.00,72.20,f0:2f:74:40:a0:c0
1783346185.5,-0.45,-1.57,-32.00,70.00,72.20,f0:2f:74:40:a0:c0
1783346188.5,-0.45,-1.57,-32.00,70.00,72.20,f0:2f:74:40:a0:c0
1783346191.5,-0.45,-1.57,-31.00,70.00,72.20,f0:2f:74:40:a0:c0
1783346194.5,-0.45,-1.57,-32.00,70.00,72.20,f0:2f:74:40:a0:c0
1783346197.5,-0.45,-1.57,-31.00,70.00,72.20,f0:2f:74:40:a0:c0
1783346200.5,-0.45,-1.57,-32.00,70.00,72.20,f0:2f:74:40:a0:c0
1783346203.5,-0.45,-1.57,-31.00,70.00,72.20,f0:2f:74:40:a0:c0
1783346206.5,-0.45,-1.57,-31.00,70.00,72.20,f0:2f:74:40:a0:c0
1783346209.5,-0.45,-1.57,-32.00,70.00,72.20,f0:2f:74:40:a0:c0
1783346212.5,-0.45,-1.57,-32.00,70.00,72.20,f0:2f:74:40:a0:c0
1783346215.5,-0.45,-1.57,-31.00,70.00,72.20,f0:2f:74:40:a0:c0
1783346218.5,-0.45,-1.57,-32.00,70.00,72.20,f0:2f:74:40:a0:c0
1783346221.5,-0.45,-1.57,-32.00,70.00,72.20,f0:2f:74:40:a0:c0
1783346224.5,-0.45,-1.57,-31.00,70.00,72.20,f0:2f:74:40:a0:c0
1783346227.5,-0.45,-1.57,-32.00,70.00,72.20,f0:2f:74:40:a0:c0
1783346230.5,-0.45,-1.57,-33.00,70.00,72.20,f0:2f:74:40:a0:c0
1783346233.5,-0.28,-2.18,-31.00,70.00,72.20,f0:2f:74:40:a0:c0
1783346236.5,-0.17,-2.98,-32.00,70.00,72.20,f0:2f:74:40:a0:c0
1783346239.5,0.41,-3.65,-34.00,70.00,72.20,f0:2f:74:40:a0:c0
1783346242.5,1.18,-3.68,-34.00,70.00,72.20,f0:2f:74:40:a0:c0
1783346245.5,2.01,-3.67,-34.00,70.00,72.20,f0:2f:74:40:a0:c0
1783346248.5,2.75,-3.65,-30.00,70.00,72.20,f0:2f:74:40:a0:c0
1783346251.5,3.55,-3.70,-37.00,70.00,72.20,f0:2f:74:40:a0:c0
1783346254.5,4.38,-3.82,-34.00,70.00,72.20,f0:2f:74:40:a0:c0
1783346257.5,5.25,-3.88,-34.00,70.00,72.20,f0:2f:74:40:a0:c0
1783346260.5,6.05,-3.77,-38.00,70.00,72.20,f0:2f:74:40:a0:c0
1783346263.5,6.83,-3.74,-36.00,70.00,72.20,f0:2f:74:40:a0:c0
1783346266.5,7.63,-3.82,-35.00,70.00,72.20,f0:2f:74:40:a0:c0
1783346269.5,8.42,-3.81,-36.00,70.00,72.20,f0:2f:74:40:a0:c0
1783346272.5,9.20,-3.87,-36.00,70.00,72.20,f0:2f:74:40:a0:c0
1783346275.5,10.00,-3.92,-40.00,70.00,72.20,f0:2f:74:40:a0:c0
1783346278.5,10.96,-4.10,-39.00,70.00,57.70,f0:2f:74:40:a0:c0
1783346281.5,11.60,-4.42,-43.00,67.00,57.70,f0:2f:74:40:a0:c0
1783346284.5,11.79,-4.34,-39.00,70.00,65.00,f0:2f:74:40:a0:c0
1783346287.5,11.79,-4.34,-38.00,70.00,72.20,f0:2f:74:40:a0:c0
1783346290.5,11.79,-4.34,-38.00,70.00,72.20,f0:2f:74:40:a0:c0
1783346293.5,11.79,-4.34,-38.00,70.00,72.20,f0:2f:74:40:a0:c0
1783346296.5,11.79,-4.34,-37.00,70.00,72.20,f0:2f:74:40:a0:c0
1783346299.5,11.79,-4.34,-39.00,70.00,72.20,f0:2f:74:40:a0:c0
1783346302.5,11.79,-4.34,-38.00,70.00,72.20,f0:2f:74:40:a0:c0
1783346305.5,11.79,-4.34,-38.00,70.00,65.00,f0:2f:74:40:a0:c0
1783346308.5,11.79,-4.34,-39.00,70.00,65.00,f0:2f:74:40:a0:c0
1783346311.5,11.79,-4.34,-39.00,70.00,72.20,f0:2f:74:40:a0:c0
1783346314.5,11.79,-4.34,-38.00,70.00,72.20,f0:2f:74:40:a0:c0
1783346317.5,11.79,-4.34,-39.00,70.00,72.20,f0:2f:74:40:a0:c0
1783346320.5,11.79,-4.34,-37.00,70.00,72.20,f0:2f:74:40:a0:c0
1783346323.5,11.79,-4.34,-39.00,70.00,72.20,f0:2f:74:40:a0:c0
1783346326.5,11.87,-4.36,-40.00,70.00,72.20,f0:2f:74:40:a0:c0
1783346329.5,12.04,-4.46,-42.00,68.00,72.20,f0:2f:74:40:a0:c0
1783346332.5,12.62,-4.23,-37.00,70.00,72.20,f0:2f:74:40:a0:c0
1783346335.5,13.39,-4.17,-42.00,68.00,72.20,f0:2f:74:40:a0:c0
1783346338.5,14.32,-4.15,-41.00,69.00,72.20,f0:2f:74:40:a0:c0
1783346341.5,15.00,-3.92,-43.00,67.00,72.20,f0:2f:74:40:a0:c0
1783346344.5,15.22,-3.66,-46.00,64.00,72.20,f0:2f:74:40:a0:c0
1783346347.5,15.27,-3.68,-46.00,64.00,72.20,f0:2f:74:40:a0:c0
1783346350.5,15.27,-3.68,-45.00,65.00,72.20,f0:2f:74:40:a0:c0
1783346353.5,15.27,-3.68,-45.00,65.00,72.20,f0:2f:74:40:a0:c0
1783346356.5,15.27,-3.68,-46.00,64.00,65.00,f0:2f:74:40:a0:c0
1783346359.5,15.27,-3.68,-46.00,64.00,72.20,f0:2f:74:40:a0:c0
1783346362.5,15.27,-3.68,-45.00,65.00,72.20,f0:2f:74:40:a0:c0
1783346365.5,15.27,-3.68,-45.00,65.00,72.20,f0:2f:74:40:a0:c0
1783346368.5,15.27,-3.68,-46.00,64.00,72.20,f0:2f:74:40:a0:c0
1783346371.5,15.27,-3.68,-46.00,64.00,72.20,f0:2f:74:40:a0:c0
1783346374.5,15.27,-3.68,-45.00,65.00,72.20,f0:2f:74:40:a0:c0
1783346377.5,15.27,-3.68,-45.00,65.00,72.20,f0:2f:74:40:a0:c0
1783346380.5,15.27,-3.68,-45.00,65.00,72.20,f0:2f:74:40:a0:c0
1783346383.5,15.27,-3.68,-45.00,65.00,72.20,f0:2f:74:40:a0:c0
1783346386.5,15.27,-3.68,-44.00,66.00,72.20,f0:2f:74:40:a0:c0
1783346389.5,15.27,-3.74,-42.00,68.00,72.20,f0:2f:74:40:a0:c0
1783346392.5,15.31,-3.77,-46.00,64.00,72.20,f0:2f:74:40:a0:c0
1783346395.5,15.74,-3.77,-46.00,64.00,72.20,f0:2f:74:40:a0:c0
1783346398.5,16.25,-3.69,-43.00,67.00,72.20,f0:2f:74:40:a0:c0
1783346401.5,17.05,-3.65,-45.00,65.00,72.20,f0:2f:74:40:a0:c0
1783346404.5,17.84,-3.55,-46.00,64.00,65.00,f0:2f:74:40:a0:c0
1783346407.5,18.66,-3.40,-43.00,67.00,72.20,f0:2f:74:40:a0:c0
1783346410.5,19.48,-3.24,-48.00,62.00,72.20,f0:2f:74:40:a0:c0
1783346413.5,20.31,-3.21,-48.00,62.00,72.20,f0:2f:74:40:a0:c0
1783346416.5,21.12,-3.25,-48.00,62.00,72.20,f0:2f:74:40:a0:c0
1783346419.5,21.94,-3.28,-46.00,64.00,72.20,f0:2f:74:40:a0:c0
1783346422.5,22.82,-3.28,-49.00,61.00,65.00,f0:2f:74:40:a0:c0
1783346425.5,23.65,-3.20,-48.00,62.00,65.00,f0:2f:74:40:a0:c0
1783346428.5,24.47,-3.18,-48.00,62.00,65.00,f0:2f:74:40:a0:c0
1783346431.5,25.41,-3.20,-48.00,62.00,72.20,f0:2f:74:40:a0:c0
1783346434.5,26.22,-3.13,-48.00,62.00,72.20,f0:2f:74:40:a0:c0
1783346437.5,26.78,-3.11,-52.00,58.00,72.20,f0:2f:74:40:a0:c0
1783346440.5,27.60,-3.09,-52.00,58.00,72.20,f0:2f:74:40:a0:c0
1783346443.5,28.46,-3.05,-51.00,59.00,72.20,f0:2f:74:40:a0:c0
1783346446.5,29.28,-3.03,-52.00,58.00,72.20,f0:2f:74:40:a0:c0
1783346449.5,30.11,-2.98,-52.00,58.00,72.20,f0:2f:74:40:a0:c0
1783346452.5,31.01,-3.06,-52.00,58.00,72.20,f0:2f:74:40:a0:c0
1783346455.5,31.92,-3.18,-56.00,54.00,72.20,f0:2f:74:40:a0:c0
1783346458.5,32.68,-2.77,-57.00,53.00,72.20,f0:2f:74:40:a0:c0
1783346461.5,33.29,-2.64,-59.00,51.00,72.20,f0:2f:74:40:a0:c0
1783346464.5,34.14,-2.61,-58.00,52.00,72.20,f0:2f:74:40:a0:c0
1783346467.5,34.97,-2.62,-61.00,49.00,72.20,f0:2f:74:40:a0:c0
1783346470.5,35.81,-2.59,-61.00,49.00,72.20,f0:2f:74:40:a0:c0
1783346473.5,36.83,-2.67,-62.00,48.00,72.20,f0:2f:74:40:a0:c0
1783346476.5,36.96,-2.65,-62.00,48.00,65.00,f0:2f:74:40:a0:c0
1783346479.5,36.61,-2.61,-61.00,49.00,57.70,f0:2f:74:40:a0:c0
1783346482.5,35.86,-2.58,-60.00,50.00,43.30,f0:2f:74:40:a0:c0
1783346485.5,35.07,-2.58,-60.00,50.00,72.20,f0:2f:74:40:a0:c0
1783346488.5,34.28,-2.55,-57.00,53.00,72.20,f0:2f:74:40:a0:c0
1783346491.5,33.51,-2.61,-57.00,53.00,72.20,f0:2f:74:40:a0:c0
1783346494.5,32.70,-2.81,-59.00,51.00,72.20,f0:2f:74:40:a0:c0
1783346497.5,31.90,-3.13,-56.00,54.00,72.20,f0:2f:74:40:a0:c0
1783346500.5,31.14,-3.16,-53.00,57.00,72.20,f0:2f:74:40:a0:c0
1783346503.5,30.35,-3.13,-57.00,53.00,72.20,f0:2f:74:40:a0:c0
1783346506.5,29.54,-3.16,-54.00,56.00,72.20,f0:2f:74:40:a0:c0
1783346509.5,28.70,-3.16,-51.00,59.00,72.20,f0:2f:74:40:a0:c0
1783346512.5,27.92,-3.15,-50.00,60.00,72.20,f0:2f:74:40:a0:c0
1783346515.5,27.05,-3.18,-52.00,58.00,72.20,f0:2f:74:40:a0:c0
1783346518.5,26.21,-3.17,-48.00,62.00,72.20,f0:2f:74:40:a0:c0
1783346521.5,25.37,-3.12,-49.00,61.00,72.20,f0:2f:74:40:a0:c0
1783346524.5,24.60,-3.10,-49.00,61.00,72.20,f0:2f:74:40:a0:c0
1783346527.5,23.79,-3.10,-49.00,61.00,72.20,f0:2f:74:40:a0:c0
1783346530.5,23.04,-3.13,-49.00,61.00,72.20,f0:2f:74:40:a0:c0
1783346533.5,21.92,-3.13,-47.00,63.00,72.20,f0:2f:74:40:a0:c0
1783346536.5,21.33,-3.12,-52.00,58.00,72.20,f0:2f:74:40:a0:c0
1783346539.5,20.25,-3.15,-48.00,62.00,72.20,f0:2f:74:40:a0:c0
1783346542.5,19.40,-3.17,-47.00,63.00,72.20,f0:2f:74:40:a0:c0
1783346545.5,18.63,-3.13,-47.00,63.00,72.20,f0:2f:74:40:a0:c0
1783346548.5,17.85,-3.21,-45.00,65.00,72.20,f0:2f:74:40:a0:c0
1783346551.5,17.01,-3.29,-47.00,63.00,72.20,f0:2f:74:40:a0:c0
1783346554.5,16.22,-3.46,-43.00,67.00,72.20,f0:2f:74:40:a0:c0
1783346557.5,15.45,-3.71,-45.00,65.00,72.20,f0:2f:74:40:a0:c0
1783346560.5,15.00,-3.95,-46.00,64.00,72.20,f0:2f:74:40:a0:c0
1783346563.5,14.33,-3.93,-45.00,65.00,72.20,f0:2f:74:40:a0:c0
1783346566.5,13.49,-3.96,-41.00,69.00,72.20,f0:2f:74:40:a0:c0
1783346569.5,12.68,-3.99,-39.00,70.00,72.20,f0:2f:74:40:a0:c0
1783346572.5,11.92,-4.20,-40.00,70.00,72.20,f0:2f:74:40:a0:c0
1783346575.5,11.45,-4.46,-41.00,69.00,72.20,f0:2f:74:40:a0:c0
1783346578.5,10.90,-4.46,-41.00,69.00,72.20,f0:2f:74:40:a0:c0
1783346581.5,10.12,-4.38,-37.00,70.00,72.20,f0:2f:74:40:a0:c0
1783346584.5,9.28,-4.26,-36.00,70.00,72.20,f0:2f:74:40:a0:c0
1783346587.5,8.50,-4.17,-33.00,70.00,72.20,f0:2f:74:40:a0:c0
1783346590.5,7.68,-4.09,-35.00,70.00,72.20,f0:2f:74:40:a0:c0
1783346593.5,6.79,-4.08,-35.00,70.00,72.20,f0:2f:74:40:a0:c0
1783346596.5,5.89,-4.04,-36.00,70.00,72.20,f0:2f:74:40:a0:c0
1783346599.5,5.05,-3.94,-35.00,70.00,65.00,f0:2f:74:40:a0:c0
1783346602.5,4.20,-3.82,-33.00,70.00,72.20,f0:2f:74:40:a0:c0
1783346605.5,3.40,-3.88,-33.00,70.00,72.20,f0:2f:74:40:a0:c0
1783346608.5,2.56,-3.89,-33.00,70.00,72.20,f0:2f:74:40:a0:c0
1783346611.5,1.75,-3.89,-37.00,70.00,72.20,f0:2f:74:40:a0:c0
1783346614.5,0.91,-3.84,-36.00,70.00,72.20,f0:2f:74:40:a0:c0
1783346617.5,0.15,-3.50,-35.00,70.00,65.00,f0:2f:74:40:a0:c0
1783346620.5,-0.25,-2.93,-32.00,70.00,72.20,f0:2f:74:40:a0:c0
1783346623.5,-0.38,-2.17,-34.00,70.00,72.20,f0:2f:74:40:a0:c0
1783346626.5,-0.47,-1.38,-34.00,70.00,72.20,f0:2f:74:40:a0:c0
1783346629.5,-0.59,-1.10,-33.00,70.00,72.20,f0:2f:74:40:a0:c0
1783346632.5,-1.14,-1.36,-37.00,70.00,72.20,f0:2f:74:40:a0:c0
1783346635.5,-1.64,-1.66,-34.00,70.00,72.20,f0:2f:74:40:a0:c0
1783346638.5,-2.43,-2.21,-33.00,70.00,72.20,f0:2f:74:40:a0:c0
1783346641.5,-2.97,-2.63,-36.00,70.00,72.20,f0:2f:74:40:a0:c0
1783346644.5,-3.78,-3.28,-36.00,70.00,72.20,f0:2f:74:40:a0:c0
1783346647.5,-4.29,-3.73,-38.00,70.00,72.20,f0:2f:74:40:a0:c0
1783346650.5,-5.06,-4.11,-39.00,70.00,72.20,f0:2f:74:40:a0:c0
1783346653.5,-5.87,-4.34,-44.00,66.00,72.20,f0:2f:74:40:a0:c0
1783346656.5,-6.65,-4.49,-42.00,68.00,72.20,f0:2f:74:40:a0:c0
1783346659.5,-7.42,-4.67,-42.00,68.00,72.20,f0:2f:74:40:a0:c0
1783346662.5,-8.18,-4.79,-44.00,66.00,72.20,f0:2f:74:40:a0:c0
1783346665.5,-8.92,-5.06,-44.00,66.00,72.20,f0:2f:74:40:a0:c0
1783346668.5,-9.71,-5.23,-48.00,62.00,72.20,f0:2f:74:40:a0:c0
1783346671.5,-10.48,-5.33,-46.00,64.00,72.20,f0:2f:74:40:a0:c0
1783346674.5,-11.25,-5.53,-45.00,65.00,72.20,f0:2f:74:40:a0:c0
1783346677.5,-11.98,-5.78,-46.00,64.00,72.20,f0:2f:74:40:a0:c0
1783346680.5,-12.68,-6.03,-45.00,65.00,72.20,f0:2f:74:40:a0:c0
1783346683.5,-12.55,-6.03,-48.00,62.00,72.20,f0:2f:74:40:a0:c0
1783346686.5,-11.83,-5.71,-48.00,62.00,72.20,f0:2f:74:40:a0:c0
1783346689.5,-11.09,-5.40,-45.00,65.00,65.00,f0:2f:74:40:a0:c0
1783346692.5,-10.35,-5.15,-48.00,62.00,72.20,f0:2f:74:40:a0:c0
1783346695.5,-9.57,-5.02,-44.00,66.00,72.20,f0:2f:74:40:a0:c0
1783346698.5,-8.80,-4.79,-44.00,66.00,72.20,f0:2f:74:40:a0:c0
1783346701.5,-8.08,-4.60,-41.00,69.00,72.20,f0:2f:74:40:a0:c0
1783346704.5,-7.33,-4.56,-40.00,70.00,72.20,f0:2f:74:40:a0:c0
1783346707.5,-6.65,-4.50,-42.00,68.00,72.20,f0:2f:74:40:a0:c0
1783346710.5,-5.61,-4.34,-38.00,70.00,72.20,f0:2f:74:40:a0:c0
1783346713.5,-5.03,-4.10,-38.00,70.00,72.20,f0:2f:74:40:a0:c0
1783346716.5,-4.20,-3.75,-34.00,70.00,72.20,f0:2f:74:40:a0:c0
1783346719.5,-3.67,-3.38,-38.00,70.00,72.20,f0:2f:74:40:a0:c0
1783346722.5,-2.89,-2.78,-35.00,70.00,72.20,f0:2f:74:40:a0:c0
1783346725.5,-2.08,-2.14,-39.00,70.00,72.20,f0:2f:74:40:a0:c0
1783346728.5,-1.51,-1.78,-33.00,70.00,72.20,f0:2f:74:40:a0:c0
1783346731.5,-0.68,-1.28,-32.00,70.00,72.20,f0:2f:74:40:a0:c0
1783346734.5,-0.30,-1.00,-35.00,70.00,72.20,f0:2f:74:40:a0:c0
1783346737.5,-0.30,-1.00,-35.00,70.00,72.20,f0:2f:74:40:a0:c0
1783346740.5,-0.30,-1.00,-36.00,70.00,72.20,f0:2f:74:40:a0:c0
1783346743.5,-0.32,-0.95,-37.00,70.00,72.20,f0:2f:74:40:a0:c0
1783346746.5,-0.45,-0.85,-36.00,70.00,72.20,f0:2f:74:40:a0:c0
1783346749.5,-0.78,-0.47,-36.00,70.00,72.20,f0:2f:74:40:a0:c0
1783346752.5,-1.38,0.30,-36.00,70.00,72.20,f0:2f:74:40:a0:c0
1783346755.5,-1.83,0.80,-35.00,70.00,72.20,f0:2f:74:40:a0:c0
1783346758.5,-2.51,1.56,-39.00,70.00,72.20,f0:2f:74:40:a0:c0
1783346761.5,-2.92,2.05,-35.00,70.00,72.20,f0:2f:74:40:a0:c0
1783346764.5,-3.58,2.79,-39.00,70.00,72.20,f0:2f:74:40:a0:c0
1783346767.5,-3.99,3.26,-39.00,70.00,72.20,f0:2f:74:40:a0:c0
1783346770.5,-4.57,4.00,-39.00,70.00,72.20,f0:2f:74:40:a0:c0
1783346773.5,-4.76,4.70,-40.00,70.00,72.20,f0:2f:74:40:a0:c0
1783346776.5,-4.59,5.56,-46.00,64.00,72.20,f0:2f:74:40:a0:c0
1783346779.5,-4.67,6.31,-46.00,64.00,72.20,f0:2f:74:40:a0:c0
1783346782.5,-4.70,7.14,-45.00,65.00,72.20,f0:2f:74:40:a0:c0
1783346785.5,-5.00,7.99,-45.00,65.00,72.20,f0:2f:74:40:a0:c0
1783346788.5,-5.79,8.12,-48.00,62.00,72.20,f0:2f:74:40:a0:c0
1783346791.5,-6.57,8.10,-48.00,62.00,72.20,f0:2f:74:40:a0:c0
1783346794.5,-7.31,8.07,-48.00,62.00,72.20,f0:2f:74:40:a0:c0
1783346797.5,-8.04,8.10,-50.00,60.00,72.20,f0:2f:74:40:a0:c0
1783346800.5,-8.77,8.05,-51.00,59.00,72.20,f0:2f:74:40:a0:c0
1783346803.5,-9.55,7.98,-51.00,59.00,72.20,f0:2f:74:40:a0:c0
1783346806.5,-10.30,7.98,-49.00,61.00,72.20,f0:2f:74:40:a0:c0
1783346809.5,-11.05,7.92,-54.00,56.00,72.20,f0:2f:74:40:a0:c0
1783346812.5,-11.81,7.88,-52.00,58.00,72.20,f0:2f:74:40:a0:c0
1783346815.5,-12.52,7.93,-52.00,58.00,72.20,f0:2f:74:40:a0:c0
1783346818.5,-13.15,7.90,-54.00,56.00,72.20,f0:2f:74:40:a0:c0
1783346821.5,-14.01,7.67,-51.00,59.00,72.20,f0:2f:74:40:a0:c0
1783346824.5,-13.97,7.75,-54.00,56.00,72.20,f0:2f:74:40:a0:c0
1783346827.5,-13.33,7.92,-55.00,55.00,72.20,f0:2f:74:40:a0:c0
1783346830.5,-12.55,7.95,-53.00,57.00,72.20,f0:2f:74:40:a0:c0
1783346833.5,-11.78,7.95,-52.00,58.00,72.20,f0:2f:74:40:a0:c0
1783346836.5,-11.07,7.93,-52.00,58.00,72.20,f0:2f:74:40:a0:c0
1783346839.5,-10.32,7.96,-54.00,56.00,72.20,f0:2f:74:40:a0:c0
1783346842.5,-9.64,8.01,-53.00,57.00,72.20,f0:2f:74:40:a0:c0
1783346845.5,-8.89,8.08,-51.00,59.00,72.20,f0:2f:74:40:a0:c0
1783346848.5,-8.14,8.08,-53.00,57.00,72.20,f0:2f:74:40:a0:c0
1783346851.5,-7.39,8.09,-50.00,60.00,72.20,f0:2f:74:40:a0:c0
1783346854.5,-6.69,8.09,-50.00,60.00,72.20,f0:2f:74:40:a0:c0
1783346857.5,-5.92,8.10,-44.00,66.00,72.20,f0:2f:74:40:a0:c0
1783346860.5,-5.17,8.06,-47.00,63.00,72.20,f0:2f:74:40:a0:c0
1783346863.5,-4.67,7.66,-47.00,63.00,72.20,f0:2f:74:40:a0:c0
1783346866.5,-4.75,6.86,-43.00,67.00,72.20,f0:2f:74:40:a0:c0
1783346869.5,-4.68,6.08,-44.00,66.00,72.20,f0:2f:74:40:a0:c0
1783346872.5,-4.61,5.29,-42.00,68.00,72.20,f0:2f:74:40:a0:c0
1783346875.5,-4.41,4.90,-40.00,70.00,72.20,f0:2f:74:40:a0:c0
1783346878.5,-4.48,4.82,-37.00,70.00,72.20,f0:2f:74:40:a0:c0
1783346881.5,-4.49,4.81,-41.00,69.00,72.20,f0:2f:74:40:a0:c0
1783346884.5,-4.49,4.81,-41.00,69.00,72.20,f0:2f:74:40:a0:c0
1783346887.5,-4.49,4.81,-41.00,69.00,72.20,f0:2f:74:40:a0:c0
1783346890.5,-4.49,4.81,-41.00,69.00,72.20,f0:2f:74:40:a0:c0
1783346893.5,-4.49,4.81,-41.00,69.00,72.20,f0:2f:74:40:a0:c0
1783346896.5,-4.49,4.81,-41.00,69.00,72.20,f0:2f:74:40:a0:c0
1783346899.5,-4.49,4.81,-41.00,69.00,72.20,f0:2f:74:40:a0:c0
1783346902.5,-4.49,4.81,-41.00,69.00,72.20,f0:2f:74:40:a0:c0
1783346905.5,-4.49,4.81,-40.00,70.00,72.20,f0:2f:74:40:a0:c0
1783346908.5,-4.49,4.81,-41.00,69.00,72.20,f0:2f:74:40:a0:c0
1783346911.5,-4.49,4.81,-41.00,69.00,72.20,f0:2f:74:40:a0:c0
1783346914.5,-4.49,4.81,-41.00,69.00,72.20,f0:2f:74:40:a0:c0
1783346917.5,-4.49,4.81,-40.00,70.00,72.20,f0:2f:74:40:a0:c0
1783346920.5,-4.49,4.81,-41.00,69.00,72.20,f0:2f:74:40:a0:c0
1783346923.5,-4.46,4.86,-43.00,67.00,72.20,f0:2f:74:40:a0:c0
1783346926.5,-4.58,4.74,-41.00,69.00,72.20,f0:2f:74:40:a0:c0
1783346929.5,-4.44,4.03,-40.00,70.00,72.20,f0:2f:74:40:a0:c0
1783346932.5,-4.14,3.54,-39.00,70.00,72.20,f0:2f:74:40:a0:c0
1783346935.5,-3.56,2.81,-36.00,70.00,72.20,f0:2f:74:40:a0:c0
1783346938.5,-3.14,2.32,-38.00,70.00,72.20,f0:2f:74:40:a0:c0
1783346941.5,-2.57,1.50,-36.00,70.00,72.20,f0:2f:74:40:a0:c0
1783346944.5,-2.16,0.95,-35.00,70.00,72.20,f0:2f:74:40:a0:c0
1783346947.5,-1.49,0.23,-34.00,70.00,72.20,f0:2f:74:40:a0:c0
1783346950.5,-0.94,-0.58,-34.00,70.00,72.20,f0:2f:74:40:a0:c0
1783346953.5,-0.49,-1.08,-34.00,70.00,72.20,f0:2f:74:40:a0:c0
1783346956.5,-0.32,-1.33,-32.00,70.00,72.20,f0:2f:74:40:a0:c0
1783346959.5,-0.32,-1.33,-32.00,70.00,72.20,f0:2f:74:40:a0:c0
1783346962.5,-0.32,-1.33,-32.00,70.00,72.20,f0:2f:74:40:a0:c0
1783346965.5,-0.32,-1.33,-32.00,70.00,72.20,f0:2f:74:40:a0:c0
1783346968.5,-0.32,-1.33,-31.00,70.00,72.20,f0:2f:74:40:a0:c0
1783346971.5,-0.32,-1.33,-32.00,70.00,72.20,f0:2f:74:40:a0:c0
1783346974.5,-0.32,-1.33,-32.00,70.00,72.20,f0:2f:74:40:a0:c0
1783346977.5,-0.32,-1.33,-32.00,70.00,72.20,f0:2f:74:40:a0:c0
1783346980.5,-0.32,-1.33,-32.00,70.00,72.20,f0:2f:74:40:a0:c0
1783346983.5,-0.32,-1.33,-32.00,70.00,65.00,f0:2f:74:40:a0:c0
1783346986.5,-0.32,-1.33,-32.00,70.00,72.20,f0:2f:74:40:a0:c0
1783346989.5,-0.32,-1.33,-32.00,70.00,72.20,f0:2f:74:40:a0:c0
1783346992.5,-0.32,-1.33,-32.00,70.00,72.20,f0:2f:74:40:a0:c0
1783346995.5,-0.32,-1.33,-32.00,70.00,72.20,f0:2f:74:40:a0:c0
1783346998.5,-0.32,-1.33,-32.00,70.00,72.20,f0:2f:74:40:a0:c0
1783347001.5,-0.32,-1.33,-32.00,70.00,72.20,f0:2f:74:40:a0:c0
1783347004.5,-0.32,-1.33,-32.00,70.00,72.20,f0:2f:74:40:a0:c0
1783347007.5,-0.32,-1.33,-32.00,70.00,72.20,f0:2f:74:40:a0:c0
1783347010.5,-0.32,-1.33,-32.00,70.00,72.20,f0:2f:74:40:a0:c0
1783347013.5,-0.32,-1.33,-32.00,70.00,72.20,f0:2f:74:40:a0:c0
1783347016.5,-0.32,-1.33,-32.00,70.00,72.20,f0:2f:74:40:a0:c0
1783347019.5,-0.32,-1.33,-32.00,70.00,72.20,f0:2f:74:40:a0:c0
1783347022.5,-0.32,-1.33,-32.00,70.00,72.20,f0:2f:74:40:a0:c0
1783347025.5,-0.32,-1.33,-32.00,70.00,72.20,f0:2f:74:40:a0:c0
1783347028.5,-0.32,-1.33,-32.00,70.00,72.20,f0:2f:74:40:a0:c0
1783347031.5,-0.36,-1.43,-34.00,70.00,72.20,f0:2f:74:40:a0:c0
1783347034.5,-0.38,-1.48,-34.00,70.00,65.00,f0:2f:74:40:a0:c0
1783347037.5,-0.38,-1.48,-33.00,70.00,65.00,f0:2f:74:40:a0:c0
1783347040.5,-0.38,-1.48,-34.00,70.00,57.70,f0:2f:74:40:a0:c0
1783347043.5,-0.38,-1.48,-33.00,70.00,72.20,f0:2f:74:40:a0:c0
1783347046.5,-0.38,-1.48,-34.00,70.00,72.20,f0:2f:74:40:a0:c0
1783347049.5,-0.38,-1.48,-34.00,70.00,72.20,f0:2f:74:40:a0:c0
1783347052.5,-0.38,-1.48,-34.00,70.00,72.20,f0:2f:74:40:a0:c0
1783347055.5,-0.38,-1.48,-33.00,70.00,72.20,f0:2f:74:40:a0:c0
1783347058.5,-0.38,-1.48,-34.00,70.00,72.20,f0:2f:74:40:a0:c0
1783347061.5,-0.38,-1.48,-34.00,70.00,72.20,f0:2f:74:40:a0:c0
1783347064.5,-0.38,-1.48,-33.00,70.00,72.20,f0:2f:74:40:a0:c0
1783347067.5,-0.38,-1.48,-33.00,70.00,72.20,f0:2f:74:40:a0:c0
1783347070.5,-0.38,-1.48,-33.00,70.00,72.20,f0:2f:74:40:a0:c0
1783347073.5,-0.38,-1.48,-33.00,70.00,72.20,f0:2f:74:40:a0:c0
1783347076.5,-0.38,-1.48,-34.00,70.00,72.20,f0:2f:74:40:a0:c0
1783347079.5,-0.38,-1.48,-33.00,70.00,72.20,f0:2f:74:40:a0:c0
1783347082.5,-0.38,-1.48,-33.00,70.00,72.20,f0:2f:74:40:a0:c0
1783347085.5,-0.27,-1.93,-33.00,70.00,72.20,f0:2f:74:40:a0:c0
1783347088.5,-0.22,-2.72,-37.00,70.00,72.20,f0:2f:74:40:a0:c0
1783347091.5,0.15,-3.51,-34.00,70.00,72.20,f0:2f:74:40:a0:c0
1783347094.5,0.76,-3.74,-31.00,70.00,72.20,f0:2f:74:40:a0:c0
1783347097.5,1.52,-3.76,-33.00,70.00,72.20,f0:2f:74:40:a0:c0
1783347100.5,2.30,-3.78,-29.00,70.00,72.20,f0:2f:74:40:a0:c0
1783347103.5,3.10,-3.83,-35.00,70.00,72.20,f0:2f:74:40:a0:c0
1783347106.5,3.90,-3.84,-32.00,70.00,72.20,f0:2f:74:40:a0:c0
1783347109.5,4.77,-3.85,-32.00,70.00,72.20,f0:2f:74:40:a0:c0
1783347112.5,5.63,-3.84,-32.00,70.00,72.20,f0:2f:74:40:a0:c0
1783347115.5,6.48,-3.87,-36.00,70.00,72.20,f0:2f:74:40:a0:c0
1783347118.5,7.25,-3.86,-36.00,70.00,72.20,f0:2f:74:40:a0:c0
1783347121.5,8.04,-3.89,-39.00,70.00,72.20,f0:2f:74:40:a0:c0
1783347124.5,8.90,-3.92,-37.00,70.00,72.20,f0:2f:74:40:a0:c0
1783347127.5,9.45,-3.94,-37.00,70.00,72.20,f0:2f:74:40:a0:c0
1783347130.5,10.27,-4.00,-41.00,69.00,72.20,f0:2f:74:40:a0:c0
1783347133.5,11.27,-4.17,-37.00,70.00,72.20,f0:2f:74:40:a0:c0
1783347136.5,11.81,-4.35,-39.00,70.00,72.20,f0:2f:74:40:a0:c0
1783347139.5,11.85,-4.35,-40.00,70.00,72.20,f0:2f:74:40:a0:c0
1783347142.5,11.85,-4.35,-40.00,70.00,72.20,f0:2f:74:40:a0:c0
1783347145.5,11.85,-4.35,-40.00,70.00,72.20,f0:2f:74:40:a0:c0
1783347148.5,11.85,-4.35,-40.00,70.00,72.20,f0:2f:74:40:a0:c0
1783347151.5,11.85,-4.35,-40.00,70.00,72.20,f0:2f:74:40:a0:c0
1783347154.5,11.85,-4.35,-40.00,70.00,72.20,f0:2f:74:40:a0:c0
1783347157.5,11.85,-4.35,-41.00,69.00,72.20,f0:2f:74:40:a0:c0
1783347160.5,11.85,-4.35,-40.00,70.00,72.20,f0:2f:74:40:a0:c0
1783347163.5,11.85,-4.35,-40.00,70.00,72.20,f0:2f:74:40:a0:c0
1783347166.5,11.85,-4.35,-40.00,70.00,72.20,f0:2f:74:40:a0:c0
1783347169.5,11.85,-4.35,-40.00,70.00,72.20,f0:2f:74:40:a0:c0
1783347172.5,11.85,-4.35,-40.00,70.00,72.20,f0:2f:74:40:a0:c0
1783347175.5,11.85,-4.35,-40.00,70.00,72.20,f0:2f:74:40:a0:c0
1783347178.5,11.85,-4.35,-40.00,70.00,24.00,f0:2f:74:40:a0:c0
1783347181.5,12.05,-4.39,-37.00,70.00,72.20,f0:2f:74:40:a0:c0
1783347184.5,12.59,-4.34,-40.00,70.00,72.20,f0:2f:74:40:a0:c0
1783347187.5,13.41,-4.22,-42.00,68.00,72.20,f0:2f:74:40:a0:c0
1783347190.5,14.25,-4.15,-42.00,68.00,72.20,f0:2f:74:40:a0:c0
1783347193.5,14.80,-3.98,-44.00,66.00,72.20,f0:2f:74:40:a0:c0
1783347196.5,15.24,-3.73,-48.00,62.00,72.20,f0:2f:74:40:a0:c0
1783347199.5,15.37,-3.67,-45.00,65.00,72.20,f0:2f:74:40:a0:c0
1783347202.5,15.37,-3.67,-45.00,65.00,72.20,f0:2f:74:40:a0:c0
1783347205.5,15.37,-3.67,-45.00,65.00,72.20,f0:2f:74:40:a0:c0
1783347208.5,15.37,-3.67,-45.00,65.00,72.20,f0:2f:74:40:a0:c0
1783347211.5,15.37,-3.67,-46.00,64.00,72.20,f0:2f:74:40:a0:c0
1783347214.5,15.37,-3.67,-46.00,64.00,72.20,f0:2f:74:40:a0:c0
1783347217.5,15.37,-3.67,-46.00,64.00,72.20,f0:2f:74:40:a0:c0
1783347220.5,15.37,-3.67,-45.00,65.00,72.20,f0:2f:74:40:a0:c0
1783347223.5,15.37,-3.67,-46.00,64.00,72.20,f0:2f:74:40:a0:c0
1783347226.5,15.37,-3.67,-46.00,64.00,72.20,f0:2f:74:40:a0:c0
1783347229.5,15.37,-3.67,-46.00,64.00,72.20,f0:2f:74:40:a0:c0
1783347232.5,15.37,-3.67,-46.00,64.00,72.20,f0:2f:74:40:a0:c0
1783347235.5,15.37,-3.67,-45.00,65.00,72.20,f0:2f:74:40:a0:c0
1783347238.5,15.37,-3.67,-44.00,66.00,72.20,f0:2f:74:40:a0:c0
1783347241.5,15.33,-3.69,-43.00,67.00,72.20,f0:2f:74:40:a0:c0
1783347244.5,15.38,-3.75,-45.00,65.00,72.20,f0:2f:74:40:a0:c0
1783347247.5,15.87,-3.72,-44.00,66.00,72.20,f0:2f:74:40:a0:c0
1783347250.5,16.67,-3.61,-48.00,62.00,72.20,f0:2f:74:40:a0:c0
1783347253.5,17.22,-3.53,-45.00,65.00,72.20,f0:2f:74:40:a0:c0
1783347256.5,18.05,-3.46,-47.00,63.00,72.20,f0:2f:74:40:a0:c0
1783347259.5,18.88,-3.31,-45.00,65.00,72.20,f0:2f:74:40:a0:c0
1783347262.5,19.70,-3.25,-46.00,64.00,72.20,f0:2f:74:40:a0:c0
1783347265.5,20.51,-3.19,-46.00,64.00,72.20,f0:2f:74:40:a0:c0
1783347268.5,21.31,-3.19,-44.00,66.00,72.20,f0:2f:74:40:a0:c0
1783347271.5,22.10,-3.21,-46.00,64.00,72.20,f0:2f:74:40:a0:c0
1783347274.5,22.93,-3.24,-51.00,59.00,72.20,f0:2f:74:40:a0:c0
1783347277.5,23.80,-3.21,-46.00,64.00,72.20,f0:2f:74:40:a0:c0
1783347280.5,24.68,-3.19,-48.00,62.00,72.20,f0:2f:74:40:a0:c0
1783347283.5,25.56,-3.19,-49.00,61.00,65.00,f0:2f:74:40:a0:c0
1783347286.5,26.35,-3.10,-48.00,62.00,72.20,f0:2f:74:40:a0:c0
1783347289.5,27.24,-3.12,-50.00,60.00,72.20,f0:2f:74:40:a0:c0
1783347292.5,27.78,-3.12,-49.00,61.00,65.00,f0:2f:74:40:a0:c0
1783347295.5,28.64,-3.15,-52.00,58.00,52.00,f0:2f:74:40:a0:c0
1783347298.5,29.46,-3.10,-52.00,58.00,72.20,f0:2f:74:40:a0:c0
1783347301.5,30.47,-3.08,-52.00,58.00,72.20,f0:2f:74:40:a0:c0
1783347304.5,31.34,-3.14,-54.00,56.00,72.20,f0:2f:74:40:a0:c0
1783347307.5,32.13,-3.01,-54.00,56.00,72.20,f0:2f:74:40:a0:c0
1783347310.5,32.85,-2.69,-58.00,52.00,72.20,f0:2f:74:40:a0:c0
1783347313.5,33.65,-2.64,-59.00,51.00,58.50,f0:2f:74:40:a0:c0
1783347316.5,34.46,-2.68,-60.00,50.00,57.70,f0:2f:74:40:a0:c0
1783347319.5,35.27,-2.67,-59.00,51.00,72.20,f0:2f:74:40:a0:c0
1783347322.5,36.27,-2.65,-60.00,50.00,72.20,f0:2f:74:40:a0:c0
1783347325.5,36.97,-2.66,-60.00,50.00,72.20,f0:2f:74:40:a0:c0
1783347328.5,36.96,-2.64,-61.00,49.00,72.20,f0:2f:74:40:a0:c0
1783347331.5,36.47,-2.80,-62.00,48.00,72.20,f0:2f:74:40:a0:c0
1783347334.5,35.67,-2.78,-61.00,49.00,72.20,f0:2f:74:40:a0:c0
1783347337.5,34.88,-2.80,-59.00,51.00,72.20,f0:2f:74:40:a0:c0
1783347340.5,34.04,-2.82,-58.00,52.00,72.20,f0:2f:74:40:a0:c0
1783347343.5,33.25,-2.81,-55.00,55.00,72.20,f0:2f:74:40:a0:c0
1783347346.5,32.42,-2.94,-59.00,51.00,72.20,f0:2f:74:40:a0:c0
1783347349.5,31.91,-3.11,-55.00,55.00,65.00,f0:2f:74:40:a0:c0
1783347352.5,31.14,-3.23,-54.00,56.00,72.20,f0:2f:74:40:a0:c0
1783347355.5,30.36,-3.22,-55.00,55.00,72.20,f0:2f:74:40:a0:c0
1783347358.5,29.57,-3.20,-51.00,59.00,72.20,f0:2f:74:40:a0:c0
1783347361.5,28.74,-3.19,-49.00,61.00,72.20,f0:2f:74:40:a0:c0
1783347364.5,27.99,-3.18,-49.00,61.00,72.20,f0:2f:74:40:a0:c0
1783347367.5,27.18,-3.15,-49.00,61.00,65.00,f0:2f:74:40:a0:c0
1783347370.5,26.17,-3.16,-52.00,58.00,57.70,f0:2f:74:40:a0:c0
1783347373.5,25.54,-3.11,-47.00,63.00,72.20,f0:2f:74:40:a0:c0
1783347376.5,24.92,-3.09,-49.00,61.00,72.20,f0:2f:74:40:a0:c0
1783347379.5,24.04,-3.03,-51.00,59.00,72.20,f0:2f:74:40:a0:c0
1783347382.5,23.17,-3.03,-49.00,61.00,72.20,f0:2f:74:40:a0:c0
1783347385.5,22.36,-3.01,-48.00,62.00,72.20,f0:2f:74:40:a0:c0
1783347388.5,21.48,-3.14,-48.00,62.00,72.20,f0:2f:74:40:a0:c0
1783347391.5,20.55,-3.13,-50.00,60.00,72.20,f0:2f:74:40:a0:c0
1783347394.5,19.64,-3.18,-47.00,63.00,72.20,f0:2f:74:40:a0:c0
1783347397.5,18.82,-3.23,-45.00,65.00,72.20,f0:2f:74:40:a0:c0
1783347400.5,17.97,-3.30,-45.00,65.00,72.20,f0:2f:74:40:a0:c0
1783347403.5,17.18,-3.37,-48.00,62.00,72.20,f0:2f:74:40:a0:c0
1783347406.5,16.36,-3.47,-44.00,66.00,72.20,f0:2f:74:40:a0:c0
1783347409.5,15.58,-3.60,-43.00,67.00,72.20,f0:2f:74:40:a0:c0
1783347412.5,15.16,-3.77,-45.00,65.00,72.20,f0:2f:74:40:a0:c0
1783347415.5,14.41,-3.89,-44.00,66.00,65.00,f0:2f:74:40:a0:c0
1783347418.5,13.52,-3.90,-38.00,70.00,65.00,f0:2f:74:40:a0:c0
1783347421.5,12.90,-3.92,-42.00,68.00,72.20,f0:2f:74:40:a0:c0
1783347424.5,12.18,-4.12,-41.00,69.00,72.20,f0:2f:74:40:a0:c0
1783347427.5,11.71,-4.29,-38.00,70.00,72.20,f0:2f:74:40:a0:c0
1783347430.5,10.83,-4.48,-41.00,69.00,72.20,f0:2f:74:40:a0:c0
1783347433.5,10.22,-4.40,-38.00,70.00,72.20,f0:2f:74:40:a0:c0
1783347436.5,9.30,-4.31,-36.00,70.00,72.20,f0:2f:74:40:a0:c0
1783347439.5,8.52,-4.14,-34.00,70.00,65.00,f0:2f:74:40:a0:c0
1783347442.5,7.46,-4.01,-34.00,70.00,72.20,f0:2f:74:40:a0:c0
1783347445.5,6.63,-4.11,-35.00,70.00,72.20,f0:2f:74:40:a0:c0
1783347448.5,5.93,-4.07,-34.00,70.00,72.20,f0:2f:74:40:a0:c0
1783347451.5,5.02,-3.99,-33.00,70.00,72.20,f0:2f:74:40:a0:c0
1783347454.5,4.18,-3.87,-31.00,70.00,72.20,f0:2f:74:40:a0:c0
1783347457.5,3.29,-3.89,-34.00,70.00,65.00,f0:2f:74:40:a0:c0
1783347460.5,2.38,-3.88,-32.00,70.00,65.00,f0:2f:74:40:a0:c0
1783347463.5,1.76,-3.93,-35.00,70.00,72.20,f0:2f:74:40:a0:c0
1783347466.5,0.92,-3.83,-38.00,70.00,72.20,f0:2f:74:40:a0:c0
1783347469.5,0.10,-3.51,-36.00,70.00,72.20,f0:2f:74:40:a0:c0
1783347472.5,-0.29,-2.84,-31.00,70.00,72.20,f0:2f:74:40:a0:c0
1783347475.5,-0.31,-2.03,-35.00,70.00,72.20,f0:2f:74:40:a0:c0
1783347478.5,-0.44,-1.30,-36.00,70.00,72.20,f0:2f:74:40:a0:c0
1783347481.5,-0.68,-1.11,-37.00,70.00,72.20,f0:2f:74:40:a0:c0
1783347484.5,-1.14,-1.43,-35.00,70.00,72.20,f0:2f:74:40:a0:c0
1783347487.5,-1.91,-1.92,-35.00,70.00,72.20,f0:2f:74:40:a0:c0
1783347490.5,-2.45,-2.27,-38.00,70.00,72.20,f0:2f:74:40:a0:c0
1783347493.5,-3.23,-2.93,-36.00,70.00,72.20,f0:2f:74:40:a0:c0
1783347496.5,-3.78,-3.36,-37.00,70.00,72.20,f0:2f:74:40:a0:c0
1783347499.5,-4.62,-3.91,-40.00,70.00,72.20,f0:2f:74:40:a0:c0
1783347502.5,-5.16,-4.16,-39.00,70.00,72.20,f0:2f:74:40:a0:c0
1783347505.5,-6.03,-4.38,-41.00,69.00,72.20,f0:2f:74:40:a0:c0
1783347508.5,-6.84,-4.51,-43.00,67.00,72.20,f0:2f:74:40:a0:c0
1783347511.5,-7.67,-4.72,-42.00,68.00,72.20,f0:2f:74:40:a0:c0
1783347514.5,-8.50,-4.92,-42.00,68.00,72.20,f0:2f:74:40:a0:c0
1783347517.5,-9.26,-5.18,-48.00,62.00,72.20,f0:2f:74:40:a0:c0
1783347520.5,-10.08,-5.31,-45.00,65.00,72.20,f0:2f:74:40:a0:c0
1783347523.5,-10.87,-5.44,-46.00,64.00,72.20,f0:2f:74:40:a0:c0
1783347526.5,-11.62,-5.61,-46.00,64.00,72.20,f0:2f:74:40:a0:c0
1783347529.5,-12.13,-5.79,-46.00,64.00,72.20,f0:2f:74:40:a0:c0
1783347532.5,-12.65,-6.01,-49.00,61.00,72.20,f0:2f:74:40:a0:c0
1783347535.5,-12.38,-5.83,-47.00,63.00,72.20,f0:2f:74:40:a0:c0
1783347538.5,-11.64,-5.56,-49.00,61.00,72.20,f0:2f:74:40:a0:c0
1783347541.5,-11.12,-5.42,-47.00,63.00,72.20,f0:2f:74:40:a0:c0
1783347544.5,-10.30,-5.21,-46.00,64.00,72.20,f0:2f:74:40:a0:c0
1783347547.5,-9.47,-4.97,-47.00,63.00,72.20,f0:2f:74:40:a0:c0
1783347550.5,-8.58,-4.85,-44.00,66.00,72.20,f0:2f:74:40:a0:c0
1783347553.5,-7.89,-4.64,-44.00,66.00,72.20,f0:2f:74:40:a0:c0
1783347556.5,-7.13,-4.51,-41.00,69.00,72.20,f0:2f:74:40:a0:c0
1783347559.5,-6.39,-4.48,-40.00,70.00,72.20,f0:2f:74:40:a0:c0
1783347562.5,-5.86,-4.35,-41.00,69.00,72.20,f0:2f:74:40:a0:c0
1783347565.5,-5.02,-4.09,-36.00,70.00,72.20,f0:2f:74:40:a0:c0
1783347568.5,-4.18,-3.73,-37.00,70.00,72.20,f0:2f:74:40:a0:c0
1783347571.5,-3.61,-3.36,-38.00,70.00,72.20,f0:2f:74:40:a0:c0
1783347574.5,-3.06,-2.95,-34.00,70.00,65.00,f0:2f:74:40:a0:c0
1783347577.5,-2.24,-2.28,-34.00,70.00,65.00,f0:2f:74:40:a0:c0
1783347580.5,-1.65,-1.89,-34.00,70.00,72.20,f0:2f:74:40:a0:c0
1783347583.5,-0.80,-1.36,-35.00,70.00,72.20,f0:2f:74:40:a0:c0
1783347586.5,-0.26,-0.97,-32.00,70.00,72.20,f0:2f:74:40:a0:c0
1783347589.5,-0.27,-0.93,-34.00,70.00,72.20,f0:2f:74:40:a0:c0
1783347592.5,-0.81,-0.37,-35.00,70.00,72.20,f0:2f:74:40:a0:c0
1783347595.5,-1.23,0.15,-37.00,70.00,72.20,f0:2f:74:40:a0:c0
1783347598.5,-1.66,0.68,-35.00,70.00,72.20,f0:2f:74:40:a0:c0
1783347601.5,-2.13,1.20,-38.00,70.00,72.20,f0:2f:74:40:a0:c0
1783347604.5,-2.80,2.00,-37.00,70.00,72.20,f0:2f:74:40:a0:c0
1783347607.5,-3.21,2.49,-41.00,69.00,72.20,f0:2f:74:40:a0:c0
1783347610.5,-3.92,3.28,-36.00,70.00,72.20,f0:2f:74:40:a0:c0
1783347613.5,-4.56,3.76,-39.00,70.00,72.20,f0:2f:74:40:a0:c0
1783347616.5,-4.95,4.43,-42.00,68.00,72.20,f0:2f:74:40:a0:c0
1783347619.5,-4.56,4.99,-44.00,66.00,72.20,f0:2f:74:40:a0:c0
1783347622.5,-4.57,5.60,-45.00,65.00,72.20,f0:2f:74:40:a0:c0
1783347625.5,-4.69,6.35,-43.00,67.00,72.20,f0:2f:74:40:a0:c0
1783347628.5,-4.74,7.19,-46.00,64.00,65.00,f0:2f:74:40:a0:c0
1783347631.5,-4.90,7.96,-46.00,64.00,72.20,f0:2f:74:40:a0:c0
1783347634.5,-5.51,8.19,-45.00,65.00,72.20,f0:2f:74:40:a0:c0
1783347637.5,-6.30,8.11,-50.00,60.00,72.20,f0:2f:74:40:a0:c0
1783347640.5,-7.11,8.07,-47.00,63.00,72.20,f0:2f:74:40:a0:c0
1783347643.5,-7.91,8.07,-48.00,62.00,72.20,f0:2f:74:40:a0:c0
1783347646.5,-8.68,8.04,-50.00,60.00,72.20,f0:2f:74:40:a0:c0
1783347649.5,-9.42,8.00,-52.00,58.00,72.20,f0:2f:74:40:a0:c0
1783347652.5,-10.15,7.97,-52.00,58.00,72.20,f0:2f:74:40:a0:c0
1783347655.5,-10.92,7.93,-51.00,59.00,72.20,f0:2f:74:40:a0:c0
1783347658.5,-11.45,7.92,-57.00,53.00,72.20,f0:2f:74:40:a0:c0
1783347661.5,-12.21,7.90,-52.00,58.00,72.20,f0:2f:74:40:a0:c0
1783347664.5,-12.95,7.89,-55.00,55.00,72.20,f0:2f:74:40:a0:c0
1783347667.5,-13.74,7.83,-53.00,57.00,72.20,f0:2f:74:40:a0:c0
1783347670.5,-14.05,7.76,-53.00,57.00,72.20,f0:2f:74:40:a0:c0
1783347673.5,-13.83,7.76,-55.00,55.00,72.20,f0:2f:74:40:a0:c0
1783347676.5,-13.27,7.89,-54.00,56.00,72.20,f0:2f:74:40:a0:c0
1783347679.5,-12.44,7.96,-52.00,58.00,72.20,f0:2f:74:40:a0:c0
1783347682.5,-11.70,7.96,-52.00,58.00,72.20,f0:2f:74:40:a0:c0
1783347685.5,-10.98,7.92,-53.00,57.00,72.20,f0:2f:74:40:a0:c0
1783347688.5,-10.26,7.99,-52.00,58.00,72.20,f0:2f:74:40:a0:c0
1783347691.5,-9.58,8.05,-54.00,56.00,72.20,f0:2f:74:40:a0:c0
1783347694.5,-8.89,8.06,-51.00,59.00,72.20,f0:2f:74:40:a0:c0
1783347697.5,-8.14,8.07,-49.00,61.00,72.20,f0:2f:74:40:a0:c0
1783347700.5,-7.39,8.07,-53.00,57.00,72.20,f0:2f:74:40:a0:c0
1783347703.5,-6.63,8.06,-46.00,64.00,72.20,f0:2f:74:40:a0:c0
1783347706.5,-5.92,8.11,-43.00,67.00,72.20,f0:2f:74:40:a0:c0
1783347709.5,-4.99,8.02,-49.00,61.00,72.20,f0:2f:74:40:a0:c0
1783347712.5,-4.62,7.53,-45.00,65.00,72.20,f0:2f:74:40:a0:c0
1783347715.5,-4.75,6.72,-46.00,64.00,72.20,f0:2f:74:40:a0:c0
1783347718.5,-4.66,5.98,-42.00,68.00,72.20,f0:2f:74:40:a0:c0
1783347721.5,-4.61,5.23,-40.00,70.00,72.20,f0:2f:74:40:a0:c0
1783347724.5,-4.47,4.78,-41.00,69.00,72.20,f0:2f:74:40:a0:c0
1783347727.5,-4.45,4.78,-41.00,69.00,72.20,f0:2f:74:40:a0:c0
1783347730.5,-4.45,4.78,-42.00,68.00,72.20,f0:2f:74:40:a0:c0
1783347733.5,-4.45,4.78,-42.00,68.00,72.20,f0:2f:74:40:a0:c0
1783347736.5,-4.45,4.78,-43.00,67.00,72.20,f0:2f:74:40:a0:c0
1783347739.5,-4.45,4.78,-42.00,68.00,72.20,f0:2f:74:40:a0:c0
1783347742.5,-4.45,4.78,-42.00,68.00,72.20,f0:2f:74:40:a0:c0
1783347745.5,-4.45,4.78,-42.00,68.00,72.20,f0:2f:74:40:a0:c0
1783347748.5,-4.45,4.78,-42.00,68.00,72.20,f0:2f:74:40:a0:c0
1783347751.5,-4.45,4.78,-43.00,67.00,72.20,f0:2f:74:40:a0:c0
1783347754.5,-4.45,4.78,-43.00,67.00,72.20,f0:2f:74:40:a0:c0
1783347757.5,-4.45,4.78,-43.00,67.00,72.20,f0:2f:74:40:a0:c0
1783347760.5,-4.45,4.78,-43.00,67.00,72.20,f0:2f:74:40:a0:c0
1783347763.5,-4.45,4.78,-43.00,67.00,72.20,f0:2f:74:40:a0:c0
1783347766.5,-4.45,4.78,-43.00,67.00,72.20,f0:2f:74:40:a0:c0
1783347769.5,-4.43,4.80,-44.00,66.00,72.20,f0:2f:74:40:a0:c0
1783347772.5,-4.53,4.83,-44.00,66.00,72.20,f0:2f:74:40:a0:c0
1783347775.5,-4.54,4.24,-43.00,67.00,72.20,f0:2f:74:40:a0:c0
1783347778.5,-4.30,3.72,-41.00,69.00,72.20,f0:2f:74:40:a0:c0
1783347781.5,-3.66,3.01,-39.00,70.00,72.20,f0:2f:74:40:a0:c0
1783347784.5,-3.27,2.54,-34.00,70.00,72.20,f0:2f:74:40:a0:c0
1783347787.5,-2.68,1.79,-38.00,70.00,72.20,f0:2f:74:40:a0:c0
1783347790.5,-2.17,0.97,-37.00,70.00,72.20,f0:2f:74:40:a0:c0
1783347793.5,-1.80,0.47,-33.00,70.00,72.20,f0:2f:74:40:a0:c0
1783347796.5,-1.10,-0.34,-36.00,70.00,72.20,f0:2f:74:40:a0:c0
1783347799.5,-0.69,-0.89,-33.00,70.00,72.20,f0:2f:74:40:a0:c0
1783347802.5,-0.36,-1.43,-29.00,70.00,72.20,f0:2f:74:40:a0:c0
1783347805.5,-0.34,-1.47,-32.00,70.00,72.20,f0:2f:74:40:a0:c0
1783347808.5,-0.34,-1.47,-33.00,70.00,65.00,f0:2f:74:40:a0:c0
1783347811.5,-0.34,-1.47,-32.00,70.00,72.20,f0:2f:74:40:a0:c0
1783347814.5,-0.34,-1.47,-32.00,70.00,72.20,f0:2f:74:40:a0:c0
1783347817.5,-0.34,-1.47,-32.00,70.00,72.20,f0:2f:74:40:a0:c0
1783347820.5,-0.34,-1.47,-32.00,70.00,72.20,f0:2f:74:40:a0:c0
1783347823.5,-0.34,-1.47,-32.00,70.00,72.20,f0:2f:74:40:a0:c0
1783347826.5,-0.34,-1.47,-32.00,70.00,72.20,f0:2f:74:40:a0:c0
1783347829.5,-0.34,-1.47,-32.00,70.00,72.20,f0:2f:74:40:a0:c0
1783347832.5,-0.34,-1.47,-32.00,70.00,72.20,f0:2f:74:40:a0:c0
1783347835.5,-0.34,-1.47,-32.00,70.00,72.20,f0:2f:74:40:a0:c0
1783347838.5,-0.34,-1.47,-32.00,70.00,72.20,f0:2f:74:40:a0:c0
1783347841.5,-0.34,-1.47,-32.00,70.00,72.20,f0:2f:74:40:a0:c0
1783347844.5,-0.34,-1.47,-32.00,70.00,72.20,f0:2f:74:40:a0:c0
1783347847.5,-0.34,-1.47,-32.00,70.00,72.20,f0:2f:74:40:a0:c0
1783347850.5,-0.34,-1.47,-32.00,70.00,72.20,f0:2f:74:40:a0:c0
1783347853.5,-0.34,-1.47,-32.00,70.00,72.20,f0:2f:74:40:a0:c0
1783347856.5,-0.34,-1.47,-32.00,70.00,72.20,f0:2f:74:40:a0:c0
1783347859.5,-0.34,-1.47,-32.00,70.00,72.20,f0:2f:74:40:a0:c0
1783347862.5,-0.34,-1.47,-32.00,70.00,72.20,f0:2f:74:40:a0:c0
1783347865.5,-0.34,-1.47,-32.00,70.00,72.20,f0:2f:74:40:a0:c0
1783347868.5,-0.34,-1.47,-32.00,70.00,72.20,f0:2f:74:40:a0:c0
1783347871.5,-0.34,-1.47,-32.00,70.00,72.20,f0:2f:74:40:a0:c0
1783347874.5,-0.34,-1.47,-32.00,70.00,72.20,f0:2f:74:40:a0:c0
1783347877.5,-0.33,-1.48,-33.00,70.00,72.20,f0:2f:74:40:a0:c0
1783347880.5,-0.39,-1.64,-36.00,70.00,72.20,f0:2f:74:40:a0:c0
1783347883.5,-0.39,-1.64,-36.00,70.00,72.20,f0:2f:74:40:a0:c0
1783347886.5,-0.39,-1.64,-36.00,70.00,72.20,f0:2f:74:40:a0:c0
1783347889.5,-0.39,-1.64,-36.00,70.00,72.20,f0:2f:74:40:a0:c0
1783347892.5,-0.39,-1.64,-36.00,70.00,72.20,f0:2f:74:40:a0:c0
1783347895.5,-0.39,-1.64,-36.00,70.00,72.20,f0:2f:74:40:a0:c0
1783347898.5,-0.39,-1.64,-36.00,70.00,72.20,f0:2f:74:40:a0:c0
1783347901.5,-0.39,-1.64,-36.00,70.00,72.20,f0:2f:74:40:a0:c0
1783347904.5,-0.39,-1.64,-36.00,70.00,72.20,f0:2f:74:40:a0:c0
1783347907.5,-0.39,-1.64,-36.00,70.00,72.20,f0:2f:74:40:a0:c0
1783347910.5,-0.39,-1.64,-36.00,70.00,72.20,f0:2f:74:40:a0:c0
1783347913.5,-0.39,-1.64,-35.00,70.00,72.20,f0:2f:74:40:a0:c0
1783347916.5,-0.39,-1.64,-35.00,70.00,72.20,f0:2f:74:40:a0:c0
1783347919.5,-0.39,-1.64,-36.00,70.00,72.20,f0:2f:74:40:a0:c0
1783347922.5,-0.39,-1.64,-36.00,70.00,72.20,f0:2f:74:40:a0:c0
1783347925.5,-0.39,-1.64,-36.00,70.00,72.20,f0:2f:74:40:a0:c0
1783347928.5,-0.39,-1.64,-35.00,70.00,72.20,f0:2f:74:40:a0:c0
1783347931.5,-0.29,-1.89,-34.00,70.00,72.20,f0:2f:74:40:a0:c0
1783347934.5,-0.21,-2.65,-33.00,70.00,72.20,f0:2f:74:40:a0:c0
1783347937.5,0.05,-3.36,-33.00,70.00,72.20,f0:2f:74:40:a0:c0
1783347940.5,0.67,-3.78,-35.00,70.00,72.20,f0:2f:74:40:a0:c0
1783347943.5,1.42,-3.79,-33.00,70.00,72.20,f0:2f:74:40:a0:c0
1783347946.5,2.23,-3.80,-30.00,70.00,72.20,f0:2f:74:40:a0:c0
1783347949.5,3.07,-3.84,-35.00,70.00,72.20,f0:2f:74:40:a0:c0
1783347952.5,3.93,-3.84,-29.00,70.00,72.20,f0:2f:74:40:a0:c0
1783347955.5,4.76,-3.85,-33.00,70.00,72.20,f0:2f:74:40:a0:c0
1783347958.5,5.59,-3.89,-31.00,70.00,72.20,f0:2f:74:40:a0:c0
1783347961.5,6.37,-3.92,-36.00,70.00,72.20,f0:2f:74:40:a0:c0
1783347964.5,7.13,-3.88,-34.00,70.00,72.20,f0:2f:74:40:a0:c0
1783347967.5,7.96,-3.84,-37.00,70.00,72.20,f0:2f:74:40:a0:c0
1783347970.5,8.57,-3.87,-38.00,70.00,72.20,f0:2f:74:40:a0:c0
1783347973.5,9.48,-3.91,-37.00,70.00,72.20,f0:2f:74:40:a0:c0
1783347976.5,10.37,-3.99,-40.00,70.00,72.20,f0:2f:74:40:a0:c0
1783347979.5,11.23,-4.16,-39.00,70.00,72.20,f0:2f:74:40:a0:c0
1783347982.5,11.82,-4.38,-39.00,70.00,72.20,f0:2f:74:40:a0:c0
1783347985.5,11.97,-4.33,-37.00,70.00,72.20,f0:2f:74:40:a0:c0
1783347988.5,11.97,-4.33,-36.00,70.00,72.20,f0:2f:74:40:a0:c0
1783347991.5,11.97,-4.33,-36.00,70.00,72.20,f0:2f:74:40:a0:c0
1783347994.5,11.97,-4.33,-36.00,70.00,72.20,f0:2f:74:40:a0:c0
1783347997.5,11.97,-4.33,-37.00,70.00,72.20,f0:2f:74:40:a0:c0
1783348000.5,11.97,-4.33,-36.00,70.00,72.20,f0:2f:74:40:a0:c0
1783348003.5,11.97,-4.33,-37.00,70.00,72.20,f0:2f:74:40:a0:c0
1783348006.5,11.97,-4.33,-37.00,70.00,72.20,f0:2f:74:40:a0:c0
1783348009.5,11.97,-4.33,-36.00,70.00,72.20,f0:2f:74:40:a0:c0
1783348012.5,11.97,-4.33,-36.00,70.00,72.20,f0:2f:74:40:a0:c0
1783348015.5,11.97,-4.33,-36.00,70.00,72.20,f0:2f:74:40:a0:c0
1783348018.5,11.97,-4.33,-36.00,70.00,72.20,f0:2f:74:40:a0:c0
1783348021.5,11.97,-4.33,-36.00,70.00,72.20,f0:2f:74:40:a0:c0
1783348024.5,11.97,-4.33,-37.00,70.00,72.20,f0:2f:74:40:a0:c0
1783348027.5,12.10,-4.36,-39.00,70.00,72.20,f0:2f:74:40:a0:c0
1783348030.5,12.55,-4.37,-38.00,70.00,72.20,f0:2f:74:40:a0:c0
1783348033.5,13.26,-4.23,-38.00,70.00,72.20,f0:2f:74:40:a0:c0
1783348036.5,14.03,-4.14,-43.00,67.00,72.20,f0:2f:74:40:a0:c0
1783348039.5,14.62,-4.03,-44.00,66.00,72.20,f0:2f:74:40:a0:c0
1783348042.5,15.31,-3.71,-48.00,62.00,72.20,f0:2f:74:40:a0:c0
1783348045.5,15.29,-3.70,-44.00,66.00,72.20,f0:2f:74:40:a0:c0
1783348048.5,15.29,-3.70,-44.00,66.00,72.20,f0:2f:74:40:a0:c0
1783348051.5,15.29,-3.70,-44.00,66.00,72.20,f0:2f:74:40:a0:c0
1783348054.5,15.29,-3.70,-44.00,66.00,72.20,f0:2f:74:40:a0:c0
1783348057.5,15.29,-3.70,-44.00,66.00,72.20,f0:2f:74:40:a0:c0
1783348060.5,15.29,-3.70,-44.00,66.00,65.00,f0:2f:74:40:a0:c0
1783348063.5,15.29,-3.70,-44.00,66.00,72.20,f0:2f:74:40:a0:c0
1783348066.5,15.29,-3.70,-44.00,66.00,72.20,f0:2f:74:40:a0:c0
1783348069.5,15.29,-3.70,-44.00,66.00,72.20,f0:2f:74:40:a0:c0
1783348072.5,15.29,-3.70,-44.00,66.00,72.20,f0:2f:74:40:a0:c0
1783348075.5,15.29,-3.70,-44.00,66.00,72.20,f0:2f:74:40:a0:c0
1783348078.5,15.29,-3.70,-44.00,66.00,72.20,f0:2f:74:40:a0:c0
1783348081.5,15.29,-3.70,-44.00,66.00,72.20,f0:2f:74:40:a0:c0
1783348084.5,15.29,-3.70,-44.00,66.00,72.20,f0:2f:74:40:a0:c0
1783348087.5,15.35,-3.72,-46.00,64.00,72.20,f0:2f:74:40:a0:c0
1783348090.5,15.76,-3.73,-43.00,67.00,72.20,f0:2f:74:40:a0:c0
1783348093.5,16.52,-3.61,-44.00,66.00,72.20,f0:2f:74:40:a0:c0
1783348096.5,17.26,-3.56,-45.00,65.00,72.20,f0:2f:74:40:a0:c0
1783348099.5,18.10,-3.41,-44.00,66.00,72.20,f0:2f:74:40:a0:c0
1783348102.5,18.94,-3.30,-45.00,65.00,72.20,f0:2f:74:40:a0:c0
1783348105.5,19.76,-3.27,-45.00,65.00,72.20,f0:2f:74:40:a0:c0
1783348108.5,20.56,-3.25,-47.00,63.00,72.20,f0:2f:74:40:a0:c0
1783348111.5,21.36,-3.21,-45.00,65.00,72.20,f0:2f:74:40:a0:c0
1783348114.5,21.95,-3.23,-47.00,63.00,72.20,f0:2f:74:40:a0:c0
1783348117.5,22.78,-3.18,-50.00,60.00,72.20,f0:2f:74:40:a0:c0
1783348120.5,23.61,-3.23,-46.00,64.00,72.20,f0:2f:74:40:a0:c0
1783348123.5,24.46,-3.21,-51.00,59.00,72.20,f0:2f:74:40:a0:c0
1783348126.5,25.31,-3.18,-47.00,63.00,72.20,f0:2f:74:40:a0:c0
1783348129.5,26.17,-3.15,-47.00,63.00,72.20,f0:2f:74:40:a0:c0
1783348132.5,26.98,-3.15,-49.00,61.00,72.20,f0:2f:74:40:a0:c0
1783348135.5,27.80,-3.18,-48.00,62.00,72.20,f0:2f:74:40:a0:c0
1783348138.5,28.65,-3.17,-51.00,59.00,72.20,f0:2f:74:40:a0:c0
1783348141.5,29.50,-3.16,-53.00,57.00,72.20,f0:2f:74:40:a0:c0
1783348144.5,30.37,-3.14,-52.00,58.00,72.20,f0:2f:74:40:a0:c0
1783348147.5,31.27,-3.14,-51.00,59.00,72.20,f0:2f:74:40:a0:c0
1783348150.5,32.07,-3.08,-58.00,52.00,72.20,f0:2f:74:40:a0:c0
1783348153.5,32.65,-2.82,-56.00,54.00,72.20,f0:2f:74:40:a0:c0
1783348156.5,33.45,-2.65,-58.00,52.00,72.20,f0:2f:74:40:a0:c0
1783348159.5,34.32,-2.65,-59.00,51.00,72.20,f0:2f:74:40:a0:c0
1783348162.5,35.17,-2.62,-61.00,49.00,65.00,f0:2f:74:40:a0:c0
1783348165.5,36.09,-2.61,-59.00,51.00,72.20,f0:2f:74:40:a0:c0
1783348168.5,36.93,-2.68,-62.00,48.00,72.20,f0:2f:74:40:a0:c0
1783348171.5,36.98,-2.69,-64.00,46.00,72.20,f0:2f:74:40:a0:c0
1783348174.5,36.40,-2.58,-63.00,47.00,72.20,f0:2f:74:40:a0:c0
1783348177.5,35.55,-2.54,-60.00,50.00,65.00,f0:2f:74:40:a0:c0
1783348180.5,34.70,-2.51,-59.00,51.00,65.00,f0:2f:74:40:a0:c0
1783348183.5,33.89,-2.55,-56.00,54.00,72.20,f0:2f:74:40:a0:c0
1783348186.5,33.08,-2.70,-58.00,52.00,72.20,f0:2f:74:40:a0:c0
1783348189.5,32.25,-3.01,-56.00,54.00,72.20,f0:2f:74:40:a0:c0
1783348192.5,31.73,-3.16,-56.00,54.00,72.20,f0:2f:74:40:a0:c0
1783348195.5,30.87,-3.16,-54.00,56.00,72.20,f0:2f:74:40:a0:c0
1783348198.5,30.09,-3.17,-54.00,56.00,72.20,f0:2f:74:40:a0:c0
1783348201.5,29.28,-3.16,-51.00,59.00,72.20,f0:2f:74:40:a0:c0
1783348204.5,28.42,-3.14,-53.00,57.00,72.20,f0:2f:74:40:a0:c0
1783348207.5,27.56,-3.19,-50.00,60.00,72.20,f0:2f:74:40:a0:c0
1783348210.5,26.67,-3.20,-50.00,60.00,72.20,f0:2f:74:40:a0:c0
1783348213.5,26.06,-3.18,-47.00,63.00,72.20,f0:2f:74:40:a0:c0
1783348216.5,25.22,-3.12,-50.00,60.00,72.20,f0:2f:74:40:a0:c0
1783348219.5,24.35,-3.09,-48.00,62.00,72.20,f0:2f:74:40:a0:c0
1783348222.5,23.52,-3.06,-52.00,58.00,72.20,f0:2f:74:40:a0:c0
1783348225.5,22.66,-3.05,-47.00,63.00,72.20,f0:2f:74:40:a0:c0
1783348228.5,21.82,-3.09,-51.00,59.00,72.20,f0:2f:74:40:a0:c0
1783348231.5,20.94,-3.13,-49.00,61.00,72.20,f0:2f:74:40:a0:c0
1783348234.5,20.08,-3.18,-48.00,62.00,72.20,f0:2f:74:40:a0:c0
1783348237.5,19.23,-3.17,-46.00,64.00,72.20,f0:2f:74:40:a0:c0
1783348240.5,18.44,-3.16,-45.00,65.00,72.20,f0:2f:74:40:a0:c0
1783348243.5,17.58,-3.25,-45.00,65.00,72.20,f0:2f:74:40:a0:c0
1783348246.5,16.76,-3.36,-49.00,61.00,65.00,f0:2f:74:40:a0:c0
1783348249.5,15.96,-3.58,-47.00,63.00,65.00,f0:2f:74:40:a0:c0
1783348252.5,15.44,-3.78,-45.00,65.00,72.20,f0:2f:74:40:a0:c0
1783348255.5,14.97,-4.00,-44.00,66.00,72.20,f0:2f:74:40:a0:c0
1783348258.5,14.20,-3.99,-45.00,65.00,72.20,f0:2f:74:40:a0:c0
1783348261.5,13.36,-3.99,-38.00,70.00,72.20,f0:2f:74:40:a0:c0
1783348264.5,12.54,-4.03,-43.00,67.00,72.20,f0:2f:74:40:a0:c0
1783348267.5,11.77,-4.25,-40.00,70.00,65.00,f0:2f:74:40:a0:c0
1783348270.5,11.43,-4.43,-37.00,70.00,65.00,f0:2f:74:40:a0:c0
1783348273.5,10.70,-4.34,-41.00,69.00,72.20,f0:2f:74:40:a0:c0
1783348276.5,9.88,-4.28,-37.00,70.00,72.20,f0:2f:74:40:a0:c0
1783348279.5,9.03,-4.19,-38.00,70.00,72.20,f0:2f:74:40:a0:c0
1783348282.5,8.14,-4.07,-37.00,70.00,72.20,f0:2f:74:40:a0:c0
1783348285.5,7.24,-4.08,-37.00,70.00,72.20,f0:2f:74:40:a0:c0
1783348288.5,6.29,-4.05,-35.00,70.00,72.20,f0:2f:74:40:a0:c0
1783348291.5,5.33,-3.93,-33.00,70.00,72.20,f0:2f:74:40:a0:c0
1783348294.5,4.77,-3.87,-31.00,70.00,72.20,f0:2f:74:40:a0:c0
1783348297.5,3.95,-3.87,-34.00,70.00,72.20,f0:2f:74:40:a0:c0
1783348300.5,3.09,-3.86,-35.00,70.00,72.20,f0:2f:74:40:a0:c0
1783348303.5,2.21,-3.86,-32.00,70.00,72.20,f0:2f:74:40:a0:c0
1783348306.5,1.36,-3.85,-35.00,70.00,72.20,f0:2f:74:40:a0:c0
1783348309.5,0.56,-3.78,-37.00,70.00,72.20,f0:2f:74:40:a0:c0
1783348312.5,-0.02,-3.22,-34.00,70.00,72.20,f0:2f:74:40:a0:c0
1783348315.5,-0.27,-2.74,-33.00,70.00,72.20,f0:2f:74:40:a0:c0
1783348318.5,-0.41,-1.96,-31.00,70.00,72.20,f0:2f:74:40:a0:c0
1783348321.5,-0.63,-1.12,-32.00,70.00,72.20,f0:2f:74:40:a0:c0
1783348324.5,-0.73,-1.09,-32.00,70.00,72.20,f0:2f:74:40:a0:c0
1783348327.5,-1.39,-1.56,-38.00,70.00,72.20,f0:2f:74:40:a0:c0
1783348330.5,-1.91,-1.89,-37.00,70.00,72.20,f0:2f:74:40:a0:c0
1783348333.5,-2.69,-2.44,-38.00,70.00,72.20,f0:2f:74:40:a0:c0
1783348336.5,-3.23,-2.82,-37.00,70.00,72.20,f0:2f:74:40:a0:c0
1783348339.5,-4.06,-3.43,-36.00,70.00,72.20,f0:2f:74:40:a0:c0
1783348342.5,-4.62,-3.84,-39.00,70.00,65.00,f0:2f:74:40:a0:c0
1783348345.5,-5.40,-4.22,-39.00,70.00,72.20,f0:2f:74:40:a0:c0
1783348348.5,-6.22,-4.47,-45.00,65.00,72.20,f0:2f:74:40:a0:c0
1783348351.5,-7.05,-4.56,-40.00,70.00,72.20,f0:2f:74:40:a0:c0
1783348354.5,-7.82,-4.77,-43.00,67.00,72.20,f0:2f:74:40:a0:c0
1783348357.5,-8.60,-4.99,-44.00,66.00,72.20,f0:2f:74:40:a0:c0
1783348360.5,-9.35,-5.20,-46.00,64.00,72.20,f0:2f:74:40:a0:c0
1783348363.5,-10.11,-5.29,-46.00,64.00,72.20,f0:2f:74:40:a0:c0
1783348366.5,-10.84,-5.41,-47.00,63.00,72.20,f0:2f:74:40:a0:c0
1783348369.5,-11.33,-5.48,-48.00,62.00,72.20,f0:2f:74:40:a0:c0
1783348372.5,-12.09,-5.73,-46.00,64.00,72.20,f0:2f:74:40:a0:c0
1783348375.5,-12.80,-6.09,-45.00,65.00,72.20,f0:2f:74:40:a0:c0
1783348378.5,-12.57,-6.06,-47.00,63.00,72.20,f0:2f:74:40:a0:c0
1783348381.5,-12.08,-5.81,-49.00,61.00,72.20,f0:2f:74:40:a0:c0
1783348384.5,-11.26,-5.50,-45.00,65.00,24.00,f0:2f:74:40:a0:c0
1783348387.5,-10.45,-5.24,-44.00,66.00,72.20,f0:2f:74:40:a0:c0
1783348390.5,-9.94,-5.05,-46.00,64.00,72.20,f0:2f:74:40:a0:c0
1783348393.5,-9.09,-4.83,-44.00,66.00,72.20,f0:2f:74:40:a0:c0
1783348396.5,-8.31,-4.64,-44.00,66.00,72.20,f0:2f:74:40:a0:c0
1783348399.5,-7.57,-4.46,-40.00,70.00,72.20,f0:2f:74:40:a0:c0
1783348402.5,-6.79,-4.35,-43.00,67.00,72.20,f0:2f:74:40:a0:c0
1783348405.5,-6.25,-4.31,-39.00,70.00,72.20,f0:2f:74:40:a0:c0
1783348408.5,-5.42,-4.17,-37.00,70.00,72.20,f0:2f:74:40:a0:c0
1783348411.5,-4.56,-4.03,-39.00,70.00,72.20,f0:2f:74:40:a0:c0
1783348414.5,-4.00,-3.63,-35.00,70.00,72.20,f0:2f:74:40:a0:c0
1783348417.5,-3.14,-3.00,-34.00,70.00,72.20,f0:2f:74:40:a0:c0
1783348420.5,-2.53,-2.55,-34.00,70.00,72.20,f0:2f:74:40:a0:c0
1783348423.5,-1.96,-2.03,-36.00,70.00,72.20,f0:2f:74:40:a0:c0
1783348426.5,-1.09,-1.52,-29.00,70.00,72.20,f0:2f:74:40:a0:c0
1783348429.5,-0.30,-0.99,-34.00,70.00,72.20,f0:2f:74:40:a0:c0
1783348432.5,-0.23,-0.96,-34.00,70.00,72.20,f0:2f:74:40:a0:c0
1783348435.5,-0.46,-0.79,-33.00,70.00,72.20,f0:2f:74:40:a0:c0
1783348438.5,-0.88,-0.25,-36.00,70.00,72.20,f0:2f:74:40:a0:c0
1783348441.5,-1.34,0.26,-38.00,70.00,72.20,f0:2f:74:40:a0:c0
1783348444.5,-1.77,0.81,-39.00,70.00,72.20,f0:2f:74:40:a0:c0
1783348447.5,-2.51,1.56,-39.00,70.00,72.20,f0:2f:74:40:a0:c0
1783348450.5,-2.98,2.08,-35.00,70.00,72.20,f0:2f:74:40:a0:c0
1783348453.5,-3.41,2.63,-42.00,68.00,72.20,f0:2f:74:40:a0:c0
1783348456.5,-4.06,3.40,-41.00,69.00,72.20,f0:2f:74:40:a0:c0
1783348459.5,-4.52,3.87,-40.00,70.00,72.20,f0:2f:74:40:a0:c0
1783348462.5,-4.86,4.82,-39.00,70.00,72.20,f0:2f:74:40:a0:c0
1783348465.5,-4.78,5.08,-39.00,70.00,72.20,f0:2f:74:40:a0:c0
1783348468.5,-4.73,5.42,-46.00,64.00,72.20,f0:2f:74:40:a0:c0
1783348471.5,-4.67,6.18,-45.00,65.00,72.20,f0:2f:74:40:a0:c0
1783348474.5,-4.74,6.97,-46.00,64.00,72.20,f0:2f:74:40:a0:c0
1783348477.5,-4.80,7.75,-44.00,66.00,72.20,f0:2f:74:40:a0:c0
1783348480.5,-5.20,8.17,-49.00,61.00,72.20,f0:2f:74:40:a0:c0
1783348483.5,-5.90,8.16,-47.00,63.00,72.20,f0:2f:74:40:a0:c0
1783348486.5,-6.72,8.08,-47.00,63.00,72.20,f0:2f:74:40:a0:c0
1783348489.5,-7.51,8.09,-49.00,61.00,72.20,f0:2f:74:40:a0:c0
1783348492.5,-8.25,8.06,-52.00,58.00,72.20,f0:2f:74:40:a0:c0
1783348495.5,-9.02,8.03,-50.00,60.00,72.20,f0:2f:74:40:a0:c0
1783348498.5,-9.84,7.99,-49.00,61.00,72.20,f0:2f:74:40:a0:c0
1783348501.5,-10.63,7.97,-54.00,56.00,72.20,f0:2f:74:40:a0:c0
1783348504.5,-11.39,7.91,-53.00,57.00,72.20,f0:2f:74:40:a0:c0
1783348507.5,-12.09,7.91,-53.00,57.00,72.20,f0:2f:74:40:a0:c0
1783348510.5,-12.77,7.92,-56.00,54.00,72.20,f0:2f:74:40:a0:c0
1783348513.5,-13.28,7.90,-54.00,56.00,72.20,f0:2f:74:40:a0:c0
1783348516.5,-13.97,7.65,-52.00,58.00,72.20,f0:2f:74:40:a0:c0
1783348519.5,-14.00,7.73,-56.00,54.00,72.20,f0:2f:74:40:a0:c0
1783348522.5,-13.77,7.76,-53.00,57.00,72.20,f0:2f:74:40:a0:c0
1783348525.5,-12.99,7.92,-52.00,58.00,72.20,f0:2f:74:40:a0:c0
1783348528.5,-12.21,7.95,-54.00,56.00,72.20,f0:2f:74:40:a0:c0
1783348531.5,-11.12,7.95,-54.00,56.00,72.20,f0:2f:74:40:a0:c0
1783348534.5,-10.34,7.97,-54.00,56.00,72.20,f0:2f:74:40:a0:c0
1783348537.5,-9.60,8.02,-52.00,58.00,72.20,f0:2f:74:40:a0:c0
1783348540.5,-8.85,8.07,-49.00,61.00,72.20,f0:2f:74:40:a0:c0
1783348543.5,-8.13,8.10,-53.00,57.00,72.20,f0:2f:74:40:a0:c0
1783348546.5,-7.39,8.11,-55.00,55.00,72.20,f0:2f:74:40:a0:c0
1783348549.5,-6.68,8.11,-50.00,60.00,72.20,f0:2f:74:40:a0:c0
1783348552.5,-6.02,8.12,-46.00,64.00,72.20,f0:2f:74:40:a0:c0
1783348555.5,-5.32,8.07,-47.00,63.00,72.20,f0:2f:74:40:a0:c0
1783348558.5,-4.77,7.55,-45.00,65.00,72.20,f0:2f:74:40:a0:c0
1783348561.5,-4.72,6.80,-45.00,65.00,72.20,f0:2f:74:40:a0:c0
1783348564.5,-4.71,6.03,-46.00,64.00,72.20,f0:2f:74:40:a0:c0
1783348567.5,-4.65,5.51,-43.00,67.00,72.20,f0:2f:74:40:a0:c0
1783348570.5,-4.41,4.91,-38.00,70.00,72.20,f0:2f:74:40:a0:c0
1783348573.5,-4.49,4.85,-39.00,70.00,72.20,f0:2f:74:40:a0:c0
1783348576.5,-4.49,4.85,-39.00,70.00,72.20,f0:2f:74:40:a0:c0
1783348579.5,-4.49,4.85,-39.00,70.00,72.20,f0:2f:74:40:a0:c0
1783348582.5,-4.49,4.85,-39.00,70.00,72.20,f0:2f:74:40:a0:c0
1783348585.5,-4.49,4.85,-39.00,70.00,72.20,f0:2f:74:40:a0:c0
1783348588.5,-4.49,4.85,-39.00,70.00,72.20,f0:2f:74:40:a0:c0
1783348591.5,-4.49,4.85,-39.00,70.00,72.20,f0:2f:74:40:a0:c0
1783348594.5,-4.49,4.85,-38.00,70.00,72.20,f0:2f:74:40:a0:c0
1783348597.5,-4.49,4.85,-39.00,70.00,72.20,f0:2f:74:40:a0:c0
1783348600.5,-4.49,4.85,-39.00,70.00,65.00,f0:2f:74:40:a0:c0
1783348603.5,-4.49,4.85,-39.00,70.00,65.00,f0:2f:74:40:a0:c0
1783348606.5,-4.49,4.85,-39.00,70.00,72.20,f0:2f:74:40:a0:c0
1783348609.5,-4.49,4.85,-32.00,70.00,72.20,f0:2f:74:40:a0:c0
1783348612.5,-4.47,4.84,-45.00,65.00,72.20,f0:2f:74:40:a0:c0
1783348615.5,-4.48,4.87,-40.00,70.00,72.20,f0:2f:74:40:a0:c0
1783348618.5,-4.54,4.83,-39.00,70.00,72.20,f0:2f:74:40:a0:c0
1783348621.5,-4.54,4.83,-39.00,70.00,72.20,f0:2f:74:40:a0:c0
1783348624.5,-4.54,4.83,-39.00,70.00,72.20,f0:2f:74:40:a0:c0
1783348627.5,-4.54,4.83,-39.00,70.00,72.20,f0:2f:74:40:a0:c0
1783348630.5,-4.54,4.83,-39.00,70.00,72.20,f0:2f:74:40:a0:c0
1783348633.5,-4.54,4.83,-39.00,70.00,72.20,f0:2f:74:40:a0:c0
1783348636.5,-4.54,4.83,-39.00,70.00,72.20,f0:2f:74:40:a0:c0
1783348639.5,-4.54,4.83,-39.00,70.00,72.20,f0:2f:74:40:a0:c0
1783348642.5,-4.54,4.83,-39.00,70.00,65.00,f0:2f:74:40:a0:c0
1783348645.5,-4.54,4.83,-39.00,70.00,72.20,f0:2f:74:40:a0:c0
1783348648.5,-4.54,4.83,-39.00,70.00,72.20,f0:2f:74:40:a0:c0
1783348651.5,-4.54,4.83,-39.00,70.00,72.20,f0:2f:74:40:a0:c0
1783348654.5,-4.54,4.83,-39.00,70.00,72.20,f0:2f:74:40:a0:c0
1783348657.5,-4.54,4.83,-39.00,70.00,65.00,f0:2f:74:40:a0:c0
1783348660.5,-4.54,4.85,-41.00,69.00,65.00,f0:2f:74:40:a0:c0
1783348663.5,-4.57,4.90,-40.00,70.00,65.00,f0:2f:74:40:a0:c0
1783348666.5,-4.64,4.86,-41.00,69.00,65.00,f0:2f:74:40:a0:c0
1783348669.5,-4.56,4.38,-42.00,68.00,65.00,f0:2f:74:40:a0:c0
1783348672.5,-4.24,3.65,-41.00,69.00,72.20,f0:2f:74:40:a0:c0
1783348675.5,-3.54,2.90,-37.00,70.00,72.20,f0:2f:74:40:a0:c0
1783348678.5,-3.16,2.40,-37.00,70.00,72.20,f0:2f:74:40:a0:c0
1783348681.5,-2.61,1.63,-38.00,70.00,72.20,f0:2f:74:40:a0:c0
1783348684.5,-2.02,0.81,-35.00,70.00,72.20,f0:2f:74:40:a0:c0
1783348687.5,-1.63,0.28,-37.00,70.00,72.20,f0:2f:74:40:a0:c0
1783348690.5,-1.20,-0.26,-34.00,70.00,72.20,f0:2f:74:40:a0:c0
1783348693.5,-0.46,-1.14,-31.00,70.00,72.20,f0:2f:74:40:a0:c0
1783348696.5,-0.38,-1.37,-35.00,70.00,72.20,f0:2f:74:40:a0:c0
1783348699.5,-0.38,-1.37,-35.00,70.00,72.20,f0:2f:74:40:a0:c0
1783348702.5,-0.38,-1.37,-35.00,70.00,72.20,f0:2f:74:40:a0:c0
1783348705.5,-0.38,-1.37,-35.00,70.00,72.20,f0:2f:74:40:a0:c0
1783348708.5,-0.38,-1.37,-35.00,70.00,72.20,f0:2f:74:40:a0:c0
1783348711.5,-0.38,-1.37,-35.00,70.00,72.20,f0:2f:74:40:a0:c0
1783348714.5,-0.38,-1.37,-35.00,70.00,72.20,f0:2f:74:40:a0:c0
1783348717.5,-0.38,-1.37,-35.00,70.00,72.20,f0:2f:74:40:a0:c0
1783348720.5,-0.38,-1.37,-35.00,70.00,72.20,f0:2f:74:40:a0:c0
1783348723.5,-0.38,-1.37,-34.00,70.00,72.20,f0:2f:74:40:a0:c0
1783348726.5,-0.38,-1.37,-34.00,70.00,72.20,f0:2f:74:40:a0:c0
1783348729.5,-0.38,-1.37,-34.00,70.00,72.20,f0:2f:74:40:a0:c0
1783348732.5,-0.38,-1.37,-34.00,70.00,72.20,f0:2f:74:40:a0:c0
1783348735.5,-0.38,-1.37,-34.00,70.00,72.20,f0:2f:74:40:a0:c0
1783348738.5,-0.40,-1.41,-36.00,70.00,65.00,f0:2f:74:40:a0:c0
1783348741.5,-0.41,-1.65,-35.00,70.00,72.20,f0:2f:74:40:a0:c0
1783348744.5,-0.27,-2.47,-34.00,70.00,72.20,f0:2f:74:40:a0:c0
1783348747.5,-0.07,-3.22,-36.00,70.00,72.20,f0:2f:74:40:a0:c0
1783348750.5,0.60,-3.64,-34.00,70.00,72.20,f0:2f:74:40:a0:c0
1783348753.5,1.41,-3.68,-33.00,70.00,72.20,f0:2f:74:40:a0:c0
1783348756.5,2.20,-3.67,-33.00,70.00,72.20,f0:2f:74:40:a0:c0
1783348759.5,2.98,-3.71,-35.00,70.00,72.20,f0:2f:74:40:a0:c0
1783348762.5,3.76,-3.71,-30.00,70.00,72.20,f0:2f:74:40:a0:c0
1783348765.5,4.62,-3.85,-38.00,70.00,72.20,f0:2f:74:40:a0:c0
1783348768.5,5.47,-3.84,-38.00,70.00,72.20,f0:2f:74:40:a0:c0
1783348771.5,6.31,-3.88,-33.00,70.00,72.20,f0:2f:74:40:a0:c0
1783348774.5,7.13,-3.88,-35.00,70.00,72.20,f0:2f:74:40:a0:c0
1783348777.5,7.98,-3.85,-34.00,70.00,72.20,f0:2f:74:40:a0:c0
1783348780.5,8.80,-3.94,-38.00,70.00,72.20,f0:2f:74:40:a0:c0
1783348783.5,9.35,-3.94,-35.00,70.00,72.20,f0:2f:74:40:a0:c0
1783348786.5,10.20,-4.01,-38.00,70.00,72.20,f0:2f:74:40:a0:c0
1783348789.5,11.02,-4.15,-41.00,69.00,65.00,f0:2f:74:40:a0:c0
1783348792.5,11.76,-4.39,-43.00,67.00,65.00,f0:2f:74:40:a0:c0
1783348795.5,11.97,-4.31,-36.00,70.00,72.20,f0:2f:74:40:a0:c0
1783348798.5,11.97,-4.31,-36.00,70.00,72.20,f0:2f:74:40:a0:c0
1783348801.5,11.97,-4.31,-36.00,70.00,72.20,f0:2f:74:40:a0:c0
1783348804.5,11.97,-4.31,-37.00,70.00,72.20,f0:2f:74:40:a0:c0
1783348807.5,11.97,-4.31,-36.00,70.00,72.20,f0:2f:74:40:a0:c0
1783348810.5,11.97,-4.31,-36.00,70.00,72.20,f0:2f:74:40:a0:c0
1783348813.5,11.97,-4.31,-36.00,70.00,72.20,f0:2f:74:40:a0:c0
1783348816.5,11.97,-4.31,-36.00,70.00,65.00,f0:2f:74:40:a0:c0
1783348819.5,11.97,-4.31,-36.00,70.00,72.20,f0:2f:74:40:a0:c0
1783348822.5,11.97,-4.31,-36.00,70.00,72.20,f0:2f:74:40:a0:c0
1783348825.5,11.97,-4.31,-36.00,70.00,72.20,f0:2f:74:40:a0:c0
1783348828.5,11.97,-4.31,-36.00,70.00,72.20,f0:2f:74:40:a0:c0
1783348831.5,11.97,-4.31,-36.00,70.00,72.20,f0:2f:74:40:a0:c0
1783348834.5,11.97,-4.31,-36.00,70.00,72.20,f0:2f:74:40:a0:c0
1783348837.5,11.98,-4.37,-40.00,70.00,72.20,f0:2f:74:40:a0:c0
1783348840.5,12.21,-4.44,-40.00,70.00,65.00,f0:2f:74:40:a0:c0
1783348843.5,12.86,-4.26,-40.00,70.00,72.20,f0:2f:74:40:a0:c0
1783348846.5,13.61,-4.22,-41.00,69.00,72.20,f0:2f:74:40:a0:c0
1783348849.5,14.37,-4.10,-43.00,67.00,72.20,f0:2f:74:40:a0:c0
1783348852.5,15.09,-3.86,-42.00,68.00,72.20,f0:2f:74:40:a0:c0
1783348855.5,15.20,-3.71,-45.00,65.00,72.20,f0:2f:74:40:a0:c0
1783348858.5,15.17,-3.73,-46.00,64.00,72.20,f0:2f:74:40:a0:c0
1783348861.5,15.17,-3.73,-46.00,64.00,72.20,f0:2f:74:40:a0:c0
1783348864.5,15.17,-3.73,-46.00,64.00,72.20,f0:2f:74:40:a0:c0
1783348867.5,15.17,-3.73,-46.00,64.00,65.00,f0:2f:74:40:a0:c0
1783348870.5,15.17,-3.73,-46.00,64.00,72.20,f0:2f:74:40:a0:c0
1783348873.5,15.17,-3.73,-46.00,64.00,72.20,f0:2f:74:40:a0:c0
1783348876.5,15.17,-3.73,-45.00,65.00,72.20,f0:2f:74:40:a0:c0
1783348879.5,15.17,-3.73,-46.00,64.00,72.20,f0:2f:74:40:a0:c0
1783348882.5,15.17,-3.73,-46.00,64.00,72.20,f0:2f:74:40:a0:c0
1783348885.5,15.17,-3.73,-46.00,64.00,72.20,f0:2f:74:40:a0:c0
1783348888.5,15.17,-3.73,-46.00,64.00,72.20,f0:2f:74:40:a0:c0
1783348891.5,15.17,-3.73,-46.00,64.00,72.20,f0:2f:74:40:a0:c0
1783348894.5,15.17,-3.73,-46.00,64.00,72.20,f0:2f:74:40:a0:c0
1783348897.5,15.22,-3.67,-44.00,66.00,72.20,f0:2f:74:40:a0:c0
1783348900.5,15.31,-3.79,-41.00,69.00,72.20,f0:2f:74:40:a0:c0
1783348903.5,16.15,-3.67,-42.00,68.00,72.20,f0:2f:74:40:a0:c0
1783348906.5,16.70,-3.61,-43.00,67.00,72.20,f0:2f:74:40:a0:c0
1783348909.5,17.55,-3.54,-44.00,66.00,72.20,f0:2f:74:40:a0:c0
1783348912.5,18.37,-3.43,-45.00,65.00,72.20,f0:2f:74:40:a0:c0
1783348915.5,19.21,-3.34,-46.00,64.00,72.20,f0:2f:74:40:a0:c0
1783348918.5,20.01,-3.29,-47.00,63.00,65.00,f0:2f:74:40:a0:c0
1783348921.5,20.82,-3.21,-47.00,63.00,72.20,f0:2f:74:40:a0:c0
1783348924.5,21.66,-3.21,-48.00,62.00,72.20,f0:2f:74:40:a0:c0
1783348927.5,22.47,-3.20,-48.00,62.00,72.20,f0:2f:74:40:a0:c0
1783348930.5,23.26,-3.21,-49.00,61.00,72.20,f0:2f:74:40:a0:c0
1783348933.5,24.10,-3.23,-47.00,63.00,72.20,f0:2f:74:40:a0:c0
1783348936.5,24.94,-3.26,-49.00,61.00,65.00,f0:2f:74:40:a0:c0
1783348939.5,25.78,-3.16,-50.00,60.00,72.20,f0:2f:74:40:a0:c0
1783348942.5,26.59,-3.11,-51.00,59.00,72.20,f0:2f:74:40:a0:c0
1783348945.5,27.40,-3.07,-48.00,62.00,72.20,f0:2f:74:40:a0:c0
1783348948.5,28.19,-3.08,-49.00,61.00,72.20,f0:2f:74:40:a0:c0
1783348951.5,29.02,-3.10,-50.00,60.00,72.20,f0:2f:74:40:a0:c0
1783348954.5,29.84,-3.12,-52.00,58.00,72.20,f0:2f:74:40:a0:c0
1783348957.5,30.68,-3.09,-51.00,59.00,72.20,f0:2f:74:40:a0:c0
1783348960.5,31.52,-3.16,-56.00,54.00,72.20,f0:2f:74:40:a0:c0
1783348963.5,32.37,-2.95,-53.00,57.00,72.20,f0:2f:74:40:a0:c0
1783348966.5,33.10,-2.72,-60.00,50.00,72.20,f0:2f:74:40:a0:c0
1783348969.5,33.89,-2.70,-58.00,52.00,72.20,f0:2f:74:40:a0:c0
1783348972.5,34.63,-2.73,-61.00,49.00,72.20,f0:2f:74:40:a0:c0
1783348975.5,35.46,-2.72,-58.00,52.00,72.20,f0:2f:74:40:a0:c0
1783348978.5,36.28,-2.71,-58.00,52.00,72.20,f0:2f:74:40:a0:c0
1783348981.5,37.02,-2.69,-61.00,49.00,72.20,f0:2f:74:40:a0:c0
1783348984.5,36.90,-2.66,-62.00,48.00,72.20,f0:2f:74:40:a0:c0
1783348987.5,36.17,-2.69,-59.00,51.00,24.00,f0:2f:74:40:a0:c0
1783348990.5,35.40,-2.69,-61.00,49.00,72.20,f0:2f:74:40:a0:c0
1783348993.5,34.60,-2.71,-59.00,51.00,72.20,f0:2f:74:40:a0:c0
1783348996.5,33.79,-2.76,-56.00,54.00,72.20,f0:2f:74:40:a0:c0
1783348999.5,32.73,-2.83,-57.00,53.00,72.20,f0:2f:74:40:a0:c0
1783349002.5,32.24,-3.00,-60.00,50.00,65.00,f0:2f:74:40:a0:c0
1783349005.5,31.52,-3.21,-52.00,58.00,65.00,f0:2f:74:40:a0:c0
1783349008.5,30.71,-3.19,-55.00,55.00,72.20,f0:2f:74:40:a0:c0
1783349011.5,29.91,-3.22,-52.00,58.00,65.00,f0:2f:74:40:a0:c0
1783349014.5,29.09,-3.22,-50.00,60.00,65.00,f0:2f:74:40:a0:c0
1783349017.5,28.32,-3.23,-52.00,58.00,72.20,f0:2f:74:40:a0:c0
1783349020.5,27.17,-3.20,-54.00,56.00,72.20,f0:2f:74:40:a0:c0
1783349023.5,26.34,-3.25,-49.00,61.00,72.20,f0:2f:74:40:a0:c0
1783349026.5,25.48,-3.22,-48.00,62.00,72.20,f0:2f:74:40:a0:c0
1783349029.5,24.70,-3.19,-48.00,62.00,72.20,f0:2f:74:40:a0:c0
1783349032.5,23.94,-3.12,-49.00,61.00,72.20,f0:2f:74:40:a0:c0
1783349035.5,23.10,-3.12,-53.00,57.00,72.20,f0:2f:74:40:a0:c0
1783349038.5,22.28,-3.14,-48.00,62.00,72.20,f0:2f:74:40:a0:c0
1783349041.5,21.39,-3.20,-52.00,58.00,72.20,f0:2f:74:40:a0:c0
1783349044.5,20.55,-3.26,-49.00,61.00,72.20,f0:2f:74:40:a0:c0
1783349047.5,19.70,-3.26,-49.00,61.00,72.20,f0:2f:74:40:a0:c0
1783349050.5,18.88,-3.21,-46.00,64.00,72.20,f0:2f:74:40:a0:c0
1783349053.5,18.10,-3.26,-45.00,65.00,72.20,f0:2f:74:40:a0:c0
1783349056.5,17.31,-3.32,-46.00,64.00,72.20,f0:2f:74:40:a0:c0
1783349059.5,16.47,-3.44,-43.00,67.00,72.20,f0:2f:74:40:a0:c0
1783349062.5,15.66,-3.61,-46.00,64.00,72.20,f0:2f:74:40:a0:c0
1783349065.5,15.38,-3.74,-48.00,62.00,72.20,f0:2f:74:40:a0:c0
1783349068.5,14.41,-3.93,-44.00,66.00,72.20,f0:2f:74:40:a0:c0
1783349071.5,13.58,-3.94,-43.00,67.00,72.20,f0:2f:74:40:a0:c0
1783349074.5,12.75,-3.98,-41.00,69.00,72.20,f0:2f:74:40:a0:c0
1783349077.5,11.93,-4.21,-41.00,69.00,72.20,f0:2f:74:40:a0:c0
1783349080.5,11.68,-4.31,-45.00,65.00,72.20,f0:2f:74:40:a0:c0
1783349083.5,11.09,-4.45,-41.00,69.00,72.20,f0:2f:74:40:a0:c0
1783349086.5,10.30,-4.39,-38.00,70.00,72.20,f0:2f:74:40:a0:c0
1783349089.5,9.46,-4.29,-37.00,70.00,72.20,f0:2f:74:40:a0:c0
1783349092.5,8.37,-4.17,-37.00,70.00,72.20,f0:2f:74:40:a0:c0
1783349095.5,7.78,-4.11,-35.00,70.00,72.20,f0:2f:74:40:a0:c0
1783349098.5,6.63,-4.06,-35.00,70.00,72.20,f0:2f:74:40:a0:c0
1783349101.5,5.74,-3.99,-35.00,70.00,72.20,f0:2f:74:40:a0:c0
1783349104.5,5.20,-3.93,-34.00,70.00,72.20,f0:2f:74:40:a0:c0
1783349107.5,4.09,-3.86,-35.00,70.00,72.20,f0:2f:74:40:a0:c0
1783349110.5,3.52,-3.87,-34.00,70.00,72.20,f0:2f:74:40:a0:c0
1783349113.5,2.67,-3.88,-36.00,70.00,72.20,f0:2f:74:40:a0:c0
1783349116.5,1.82,-3.87,-36.00,70.00,72.20,f0:2f:74:40:a0:c0
1783349119.5,1.01,-3.82,-38.00,70.00,72.20,f0:2f:74:40:a0:c0
1783349122.5,0.21,-3.56,-38.00,70.00,72.20,f0:2f:74:40:a0:c0
1783349125.5,-0.24,-2.82,-34.00,70.00,72.20,f0:2f:74:40:a0:c0
1783349128.5,-0.36,-2.05,-35.00,70.00,72.20,f0:2f:74:40:a0:c0
1783349131.5,-0.47,-1.29,-33.00,70.00,72.20,f0:2f:74:40:a0:c0
1783349134.5,-0.68,-1.10,-38.00,70.00,72.20,f0:2f:74:40:a0:c0
1783349137.5,-1.34,-1.57,-37.00,70.00,72.20,f0:2f:74:40:a0:c0
1783349140.5,-1.85,-1.87,-36.00,70.00,72.20,f0:2f:74:40:a0:c0
1783349143.5,-2.64,-2.39,-38.00,70.00,72.20,f0:2f:74:40:a0:c0
1783349146.5,-3.19,-2.83,-35.00,70.00,72.20,f0:2f:74:40:a0:c0
1783349149.5,-4.01,-3.48,-37.00,70.00,72.20,f0:2f:74:40:a0:c0
1783349152.5,-4.56,-3.86,-40.00,70.00,72.20,f0:2f:74:40:a0:c0
1783349155.5,-5.33,-4.16,-38.00,70.00,72.20,f0:2f:74:40:a0:c0
1783349158.5,-6.12,-4.41,-41.00,69.00,72.20,f0:2f:74:40:a0:c0
1783349161.5,-6.92,-4.50,-43.00,67.00,72.20,f0:2f:74:40:a0:c0
1783349164.5,-7.78,-4.74,-41.00,69.00,72.20,f0:2f:74:40:a0:c0
1783349167.5,-8.53,-4.93,-46.00,64.00,72.20,f0:2f:74:40:a0:c0
1783349170.5,-9.27,-5.17,-47.00,63.00,72.20,f0:2f:74:40:a0:c0
1783349173.5,-10.00,-5.26,-45.00,65.00,72.20,f0:2f:74:40:a0:c0
1783349176.5,-10.72,-5.39,-49.00,61.00,72.20,f0:2f:74:40:a0:c0
1783349179.5,-11.46,-5.57,-45.00,65.00,72.20,f0:2f:74:40:a0:c0
1783349182.5,-12.26,-5.87,-48.00,62.00,72.20,f0:2f:74:40:a0:c0
1783349185.5,-12.78,-6.09,-46.00,64.00,72.20,f0:2f:74:40:a0:c0
1783349188.5,-12.49,-5.98,-47.00,63.00,72.20,f0:2f:74:40:a0:c0
1783349191.5,-11.77,-5.63,-50.00,60.00,72.20,f0:2f:74:40:a0:c0
1783349194.5,-11.22,-5.42,-46.00,64.00,72.20,f0:2f:74:40:a0:c0
1783349197.5,-10.44,-5.22,-45.00,65.00,72.20,f0:2f:74:40:a0:c0
1783349200.5,-9.70,-5.04,-46.00,64.00,72.20,f0:2f:74:40:a0:c0
1783349203.5,-8.64,-4.71,-47.00,63.00,72.20,f0:2f:74:40:a0:c0
1783349206.5,-7.95,-4.61,-45.00,65.00,72.20,f0:2f:74:40:a0:c0
1783349209.5,-7.26,-4.49,-41.00,69.00,72.20,f0:2f:74:40:a0:c0
1783349212.5,-6.51,-4.50,-41.00,69.00,72.20,f0:2f:74:40:a0:c0
1783349215.5,-5.72,-4.25,-41.00,69.00,72.20,f0:2f:74:40:a0:c0
1783349218.5,-4.95,-4.04,-37.00,70.00,72.20,f0:2f:74:40:a0:c0
1783349221.5,-4.39,-3.84,-35.00,70.00,72.20,f0:2f:74:40:a0:c0
1783349224.5,-3.53,-3.27,-37.00,70.00,72.20,f0:2f:74:40:a0:c0
1783349227.5,-2.96,-2.87,-36.00,70.00,72.20,f0:2f:74:40:a0:c0
1783349230.5,-2.38,-2.44,-33.00,70.00,72.20,f0:2f:74:40:a0:c0
1783349233.5,-1.50,-1.78,-32.00,70.00,72.20,f0:2f:74:40:a0:c0
1783349236.5,-0.96,-1.43,-33.00,70.00,72.20,f0:2f:74:40:a0:c0
1783349239.5,-0.30,-0.89,-30.00,70.00,72.20,f0:2f:74:40:a0:c0
1783349242.5,-0.28,-0.94,-31.00,70.00,72.20,f0:2f:74:40:a0:c0
1783349245.5,-0.28,-0.94,-31.00,70.00,72.20,f0:2f:74:40:a0:c0
1783349248.5,-0.28,-0.94,-31.00,70.00,72.20,f0:2f:74:40:a0:c0
1783349251.5,-0.28,-0.94,-31.00,70.00,72.20,f0:2f:74:40:a0:c0
1783349254.5,-0.28,-0.94,-31.00,70.00,65.00,f0:2f:74:40:a0:c0
1783349257.5,-0.28,-0.94,-31.00,70.00,65.00,f0:2f:74:40:a0:c0
1783349260.5,-0.28,-0.94,-31.00,70.00,72.20,f0:2f:74:40:a0:c0
1783349263.5,-0.28,-0.94,-31.00,70.00,72.20,f0:2f:74:40:a0:c0
1783349266.5,-0.28,-0.94,-31.00,70.00,72.20,f0:2f:74:40:a0:c0
1783349269.5,-0.28,-0.94,-31.00,70.00,72.20,f0:2f:74:40:a0:c0
1783349272.5,-0.28,-0.94,-31.00,70.00,72.20,f0:2f:74:40:a0:c0
1783349275.5,-0.28,-0.94,-31.00,70.00,72.20,f0:2f:74:40:a0:c0
1783349278.5,-0.29,-0.95,-35.00,70.00,72.20,f0:2f:74:40:a0:c0
1783349281.5,-0.34,-0.95,-34.00,70.00,72.20,f0:2f:74:40:a0:c0
1783349284.5,-0.44,-1.14,-36.00,70.00,65.00,f0:2f:74:40:a0:c0
1783349287.5,-0.51,-0.99,-33.00,70.00,24.00,f0:2f:74:40:a0:c0
1783349290.5,-1.06,-0.27,-36.00,70.00,72.20,f0:2f:74:40:a0:c0
1783349293.5,-1.42,0.28,-38.00,70.00,72.20,f0:2f:74:40:a0:c0
1783349296.5,-1.88,0.81,-37.00,70.00,72.20,f0:2f:74:40:a0:c0
1783349299.5,-2.60,1.61,-39.00,70.00,72.20,f0:2f:74:40:a0:c0
1783349302.5,-3.03,2.13,-35.00,70.00,72.20,f0:2f:74:40:a0:c0
1783349305.5,-3.44,2.62,-42.00,68.00,65.00,f0:2f:74:40:a0:c0
1783349308.5,-4.00,3.41,-40.00,70.00,72.20,f0:2f:74:40:a0:c0
1783349311.5,-4.69,4.00,-38.00,70.00,72.20,f0:2f:74:40:a0:c0
1783349314.5,-4.80,4.82,-45.00,65.00,72.20,f0:2f:74:40:a0:c0
1783349317.5,-4.80,4.82,-40.00,70.00,72.20,f0:2f:74:40:a0:c0
1783349320.5,-4.80,4.82,-40.00,70.00,72.20,f0:2f:74:40:a0:c0
1783349323.5,-4.80,4.82,-40.00,70.00,65.00,f0:2f:74:40:a0:c0
1783349326.5,-4.80,4.82,-40.00,70.00,72.20,f0:2f:74:40:a0:c0
1783349329.5,-4.80,4.82,-40.00,70.00,72.20,f0:2f:74:40:a0:c0
1783349332.5,-4.80,4.82,-40.00,70.00,72.20,f0:2f:74:40:a0:c0
1783349335.5,-4.80,4.82,-40.00,70.00,72.20,f0:2f:74:40:a0:c0
1783349338.5,-4.80,4.82,-40.00,70.00,72.20,f0:2f:74:40:a0:c0
1783349341.5,-4.80,4.82,-40.00,70.00,65.00,f0:2f:74:40:a0:c0
1783349344.5,-4.80,4.82,-40.00,70.00,72.20,f0:2f:74:40:a0:c0
1783349347.5,-4.80,4.82,-40.00,70.00,72.20,f0:2f:74:40:a0:c0
1783349350.5,-4.80,4.82,-40.00,70.00,72.20,f0:2f:74:40:a0:c0
1783349353.5,-4.80,4.82,-41.00,69.00,72.20,f0:2f:74:40:a0:c0
1783349356.5,-4.80,4.82,-41.00,69.00,72.20,f0:2f:74:40:a0:c0
1783349359.5,-4.77,5.03,-40.00,70.00,72.20,f0:2f:74:40:a0:c0
1783349362.5,-4.77,5.03,-41.00,69.00,72.20,f0:2f:74:40:a0:c0
1783349365.5,-4.77,5.03,-41.00,69.00,72.20,f0:2f:74:40:a0:c0
1783349368.5,-4.77,5.03,-40.00,70.00,72.20,f0:2f:74:40:a0:c0
1783349371.5,-4.77,5.03,-40.00,70.00,72.20,f0:2f:74:40:a0:c0
1783349374.5,-4.77,5.03,-40.00,70.00,72.20,f0:2f:74:40:a0:c0
1783349377.5,-4.77,5.03,-40.00,70.00,72.20,f0:2f:74:40:a0:c0
1783349380.5,-4.77,5.03,-41.00,69.00,72.20,f0:2f:74:40:a0:c0
1783349383.5,-4.77,5.03,-40.00,70.00,72.20,f0:2f:74:40:a0:c0
1783349386.5,-4.77,5.03,-40.00,70.00,72.20,f0:2f:74:40:a0:c0
1783349389.5,-4.77,5.03,-40.00,70.00,65.00,f0:2f:74:40:a0:c0
1783349392.5,-4.77,5.03,-40.00,70.00,72.20,f0:2f:74:40:a0:c0
1783349395.5,-4.77,5.03,-40.00,70.00,72.20,f0:2f:74:40:a0:c0
1783349398.5,-4.77,5.03,-41.00,69.00,72.20,f0:2f:74:40:a0:c0
1783349401.5,-4.77,5.03,-41.00,69.00,72.20,f0:2f:74:40:a0:c0
1783349404.5,-4.77,5.03,-40.00,70.00,72.20,f0:2f:74:40:a0:c0
1783349407.5,-4.77,5.03,-41.00,69.00,72.20,f0:2f:74:40:a0:c0
1783349410.5,-4.77,5.03,-41.00,69.00,72.20,f0:2f:74:40:a0:c0
1783349413.5,-4.77,5.03,-41.00,69.00,72.20,f0:2f:74:40:a0:c0
1783349416.5,-4.77,5.03,-41.00,69.00,72.20,f0:2f:74:40:a0:c0
1783349419.5,-4.77,5.03,-41.00,69.00,72.20,f0:2f:74:40:a0:c0
1783349422.5,-4.77,5.03,-41.00,69.00,72.20,f0:2f:74:40:a0:c0
1783349425.5,-4.77,5.03,-41.00,69.00,72.20,f0:2f:74:40:a0:c0
1783349428.5,-4.77,5.03,-41.00,69.00,72.20,f0:2f:74:40:a0:c0
1783349431.5,-4.77,5.03,-41.00,69.00,72.20,f0:2f:74:40:a0:c0
1783349434.5,-4.77,5.03,-41.00,69.00,72.20,f0:2f:74:40:a0:c0
1783349437.5,-4.83,5.05,-43.00,67.00,72.20,f0:2f:74:40:a0:c0
1783349440.5,-4.85,5.03,-42.00,68.00,65.00,f0:2f:74:40:a0:c0
1783349443.5,-4.64,4.65,-38.00,70.00,65.00,f0:2f:74:40:a0:c0
1783349446.5,-4.47,4.00,-36.00,70.00,72.20,f0:2f:74:40:a0:c0
1783349449.5,-4.07,3.21,-38.00,70.00,72.20,f0:2f:74:40:a0:c0
1783349452.5,-3.75,2.66,-33.00,70.00,72.20,f0:2f:74:40:a0:c0
1783349455.5,-3.24,1.91,-37.00,70.00,72.20,f0:2f:74:40:a0:c0
1783349458.5,-2.85,1.06,-37.00,70.00,72.20,f0:2f:74:40:a0:c0
1783349461.5,-2.53,0.50,-34.00,70.00,72.20,f0:2f:74:40:a0:c0
1783349464.5,-2.06,-0.34,-38.00,70.00,72.20,f0:2f:74:40:a0:c0
1783349467.5,-1.70,-0.94,-35.00,70.00,72.20,f0:2f:74:40:a0:c0
1783349470.5,-1.08,-1.79,-32.00,70.00,72.20,f0:2f:74:40:a0:c0
1783349473.5,-0.69,-2.34,-33.00,70.00,72.20,f0:2f:74:40:a0:c0
1783349476.5,-0.13,-3.18,-33.00,70.00,72.20,f0:2f:74:40:a0:c0
1783349479.5,0.51,-3.68,-36.00,70.00,72.20,f0:2f:74:40:a0:c0
1783349482.5,1.27,-3.74,-34.00,70.00,72.20,f0:2f:74:40:a0:c0
1783349485.5,2.08,-3.75,-33.00,70.00,72.20,f0:2f:74:40:a0:c0
1783349488.5,2.90,-3.85,-31.00,70.00,72.20,f0:2f:74:40:a0:c0
1783349491.5,3.70,-3.92,-34.00,70.00,72.20,f0:2f:74:40:a0:c0
1783349494.5,4.55,-3.90,-35.00,70.00,72.20,f0:2f:74:40:a0:c0
1783349497.5,5.38,-3.93,-32.00,70.00,72.20,f0:2f:74:40:a0:c0
1783349500.5,6.17,-3.82,-33.00,70.00,72.20,f0:2f:74:40:a0:c0
1783349503.5,6.88,-3.73,-35.00,70.00,72.20,f0:2f:74:40:a0:c0
1783349506.5,7.64,-3.68,-33.00,70.00,72.20,f0:2f:74:40:a0:c0
1783349509.5,8.47,-3.64,-38.00,70.00,72.20,f0:2f:74:40:a0:c0
1783349512.5,9.32,-3.65,-38.00,70.00,72.20,f0:2f:74:40:a0:c0
1783349515.5,10.15,-3.62,-39.00,70.00,72.20,f0:2f:74:40:a0:c0
1783349518.5,11.02,-3.51,-40.00,70.00,72.20,f0:2f:74:40:a0:c0
1783349521.5,11.93,-3.47,-39.00,70.00,72.20,f0:2f:74:40:a0:c0
1783349524.5,12.83,-3.49,-42.00,68.00,72.20,f0:2f:74:40:a0:c0
1783349527.5,13.65,-3.43,-43.00,67.00,72.20,f0:2f:74:40:a0:c0
1783349530.5,14.44,-3.42,-45.00,65.00,72.20,f0:2f:74:40:a0:c0
1783349533.5,15.27,-3.40,-43.00,67.00,72.20,f0:2f:74:40:a0:c0
1783349536.5,15.86,-3.41,-46.00,64.00,72.20,f0:2f:74:40:a0:c0
1783349539.5,16.42,-3.40,-48.00,62.00,72.20,f0:2f:74:40:a0:c0
1783349542.5,17.25,-3.38,-43.00,67.00,72.20,f0:2f:74:40:a0:c0
1783349545.5,18.06,-3.29,-47.00,63.00,72.20,f0:2f:74:40:a0:c0
1783349548.5,18.95,-3.25,-46.00,64.00,72.20,f0:2f:74:40:a0:c0
1783349551.5,19.83,-3.17,-48.00,62.00,72.20,f0:2f:74:40:a0:c0
1783349554.5,20.67,-3.14,-48.00,62.00,72.20,f0:2f:74:40:a0:c0
1783349557.5,21.44,-3.14,-46.00,64.00,72.20,f0:2f:74:40:a0:c0
1783349560.5,22.25,-3.14,-50.00,60.00,72.20,f0:2f:74:40:a0:c0
1783349563.5,23.10,-3.14,-52.00,58.00,72.20,f0:2f:74:40:a0:c0
1783349566.5,23.91,-3.15,-47.00,63.00,72.20,f0:2f:74:40:a0:c0
1783349569.5,24.76,-3.17,-48.00,62.00,72.20,f0:2f:74:40:a0:c0
1783349572.5,25.61,-3.11,-50.00,60.00,72.20,f0:2f:74:40:a0:c0
1783349575.5,26.40,-3.07,-50.00,60.00,72.20,f0:2f:74:40:a0:c0
1783349578.5,27.24,-3.09,-49.00,61.00,72.20,f0:2f:74:40:a0:c0
1783349581.5,28.07,-3.09,-51.00,59.00,72.20,f0:2f:74:40:a0:c0
1783349584.5,28.90,-3.11,-51.00,59.00,72.20,f0:2f:74:40:a0:c0
1783349587.5,29.69,-3.11,-51.00,59.00,72.20,f0:2f:74:40:a0:c0
1783349590.5,30.51,-3.09,-51.00,59.00,72.20,f0:2f:74:40:a0:c0
1783349593.5,31.35,-3.17,-54.00,56.00,72.20,f0:2f:74:40:a0:c0
1783349596.5,32.20,-3.03,-55.00,55.00,72.20,f0:2f:74:40:a0:c0
1783349599.5,32.98,-2.64,-59.00,51.00,72.20,f0:2f:74:40:a0:c0
1783349602.5,33.68,-2.88,-60.00,50.00,72.20,f0:2f:74:40:a0:c0
1783349605.5,33.94,-3.69,-61.00,49.00,72.20,f0:2f:74:40:a0:c0
1783349608.5,34.01,-4.47,-68.00,42.00,72.20,f0:2f:74:40:a0:c0
1783349611.5,34.07,-5.27,-68.00,42.00,72.20,f0:2f:74:40:a0:c0
1783349614.5,34.08,-5.81,-64.00,46.00,28.80,f0:2f:74:40:a0:c0
1783349617.5,33.99,-6.29,-66.00,44.00,65.00,f0:2f:74:40:a0:c0
1783349620.5,33.99,-6.29,-66.00,44.00,57.70,f0:2f:74:40:a0:c0
1783349623.5,33.90,-6.38,-64.00,46.00,52.00,f0:2f:74:40:a0:c0
1783349626.5,33.81,-6.45,-67.00,43.00,58.50,f0:2f:74:40:a0:c0
1783349629.5,33.79,-6.52,-67.00,43.00,58.50,f0:2f:74:40:a0:c0
1783349632.5,33.79,-6.58,-67.00,43.00,21.60,f0:2f:74:40:a0:c0
1783349635.5,33.82,-6.63,-66.00,44.00,21.60,f0:2f:74:40:a0:c0
1783349638.5,33.82,-6.67,-66.00,44.00,21.60,f0:2f:74:40:a0:c0
1783349641.5,33.79,-6.58,-67.00,43.00,21.60,f0:2f:74:40:a0:c0
1783349644.5,33.80,-6.62,-68.00,42.00,21.60,f0:2f:74:40:a0:c0
1783349647.5,33.82,-6.61,-66.00,44.00,57.70,f0:2f:74:40:a0:c0
1783349650.5,33.84,-6.63,-66.00,44.00,21.60,f0:2f:74:40:a0:c0
1783349653.5,33.82,-6.61,-65.00,45.00,65.00,f0:2f:74:40:a0:c0
1783349656.5,33.97,-6.61,-67.00,43.00,57.70,f0:2f:74:40:a0:c0
1783349659.5,34.00,-6.64,-66.00,44.00,57.70,f0:2f:74:40:a0:c0
1783349662.5,34.02,-6.67,-65.00,45.00,72.20,f0:2f:74:40:a0:c0
1783349665.5,34.02,-6.67,-66.00,44.00,39.00,f0:2f:74:40:a0:c0
1783349668.5,33.98,-6.69,-67.00,43.00,72.20,f0:2f:74:40:a0:c0
1783349671.5,33.99,-6.67,-66.00,44.00,52.00,f0:2f:74:40:a0:c0
1783349674.5,34.01,-6.68,-65.00,45.00,21.60,f0:2f:74:40:a0:c0
1783349677.5,34.03,-6.70,-67.00,43.00,57.70,f0:2f:74:40:a0:c0
1783349680.5,33.91,-6.60,-65.00,45.00,52.00,f0:2f:74:40:a0:c0
1783349683.5,33.74,-6.40,-65.00,45.00,39.00,f0:2f:74:40:a0:c0
1783349686.5,33.74,-6.42,-65.00,45.00,26.00,f0:2f:74:40:a0:c0
1783349689.5,33.75,-6.43,-65.00,45.00,21.60,f0:2f:74:40:a0:c0
1783349692.5,33.75,-6.43,-65.00,45.00,21.60,f0:2f:74:40:a0:c0
1783349695.5,33.75,-6.43,-65.00,45.00,57.70,f0:2f:74:40:a0:c0
1783349698.5,33.75,-6.43,-65.00,45.00,65.00,f0:2f:74:40:a0:c0
1783349701.5,33.75,-6.43,-66.00,44.00,52.00,f0:2f:74:40:a0:c0
1783349704.5,33.75,-6.43,-65.00,45.00,57.70,f0:2f:74:40:a0:c0
1783349707.5,33.75,-6.43,-65.00,45.00,72.20,f0:2f:74:40:a0:c0
1783349710.5,33.75,-6.43,-65.00,45.00,57.70,f0:2f:74:40:a0:c0
1783349713.5,33.75,-6.43,-65.00,45.00,57.70,f0:2f:74:40:a0:c0
1783349716.5,33.75,-6.43,-65.00,45.00,65.00,f0:2f:74:40:a0:c0
1783349719.5,33.75,-6.43,-66.00,44.00,65.00,f0:2f:74:40:a0:c0
1783349722.5,33.75,-6.43,-65.00,45.00,72.20,f0:2f:74:40:a0:c0
1783349725.5,33.75,-6.43,-65.00,45.00,72.20,f0:2f:74:40:a0:c0
1783349728.5,33.75,-6.43,-65.00,45.00,57.70,f0:2f:74:40:a0:c0
1783349731.5,33.75,-6.43,-66.00,44.00,57.70,f0:2f:74:40:a0:c0
1783349734.5,33.75,-6.43,-66.00,44.00,65.00,f0:2f:74:40:a0:c0
1783349737.5,33.75,-6.43,-65.00,45.00,57.70,f0:2f:74:40:a0:c0
1783349740.5,33.75,-6.43,-65.00,45.00,65.00,f0:2f:74:40:a0:c0
1783349743.5,33.75,-6.43,-65.00,45.00,65.00,f0:2f:74:40:a0:c0
1783349746.5,33.75,-6.43,-65.00,45.00,65.00,f0:2f:74:40:a0:c0
1783349749.5,33.75,-6.43,-65.00,45.00,72.20,f0:2f:74:40:a0:c0
1783349752.5,33.75,-6.43,-64.00,46.00,72.20,f0:2f:74:40:a0:c0
1783349755.5,33.75,-6.43,-65.00,45.00,72.20,f0:2f:74:40:a0:c0
1783349758.5,33.75,-6.43,-65.00,45.00,72.20,f0:2f:74:40:a0:c0
1783349761.5,33.75,-6.43,-65.00,45.00,72.20,f0:2f:74:40:a0:c0
1783349764.5,33.75,-6.43,-65.00,45.00,72.20,f0:2f:74:40:a0:c0
1783349767.5,33.75,-6.43,-65.00,45.00,72.20,f0:2f:74:40:a0:c0
1783349770.5,33.75,-6.43,-65.00,45.00,72.20,f0:2f:74:40:a0:c0
1783349773.5,33.75,-6.43,-65.00,45.00,72.20,f0:2f:74:40:a0:c0
1783349776.5,33.75,-6.43,-65.00,45.00,72.20,f0:2f:74:40:a0:c0
1783349779.5,33.75,-6.43,-65.00,45.00,72.20,f0:2f:74:40:a0:c0
1783349782.5,33.75,-6.43,-65.00,45.00,72.20,f0:2f:74:40:a0:c0
1783349785.5,33.75,-6.43,-65.00,45.00,72.20,f0:2f:74:40:a0:c0
1783349788.5,33.75,-6.43,-65.00,45.00,72.20,f0:2f:74:40:a0:c0
1783349791.5,33.75,-6.43,-63.00,47.00,19.50,f0:2f:74:40:a0:c0
1783349794.5,33.75,-6.43,-63.00,47.00,6.50,f0:2f:74:40:a0:c0
1783349797.5,33.75,-6.43,-63.00,47.00,6.50,f0:2f:74:40:a0:c0
1783349800.5,33.75,-6.43,-65.00,45.00,72.20,f0:2f:74:40:a0:c0
1783349803.5,33.75,-6.43,-65.00,45.00,72.20,f0:2f:74:40:a0:c0
1783349806.5,33.75,-6.43,-65.00,45.00,72.20,f0:2f:74:40:a0:c0
1783349809.5,33.75,-6.43,-65.00,45.00,72.20,f0:2f:74:40:a0:c0
1783349812.5,33.75,-6.43,-65.00,45.00,72.20,f0:2f:74:40:a0:c0
1783349815.5,33.75,-6.43,-64.00,46.00,72.20,f0:2f:74:40:a0:c0
1783349818.5,33.75,-6.43,-65.00,45.00,72.20,f0:2f:74:40:a0:c0
1783349821.5,33.75,-6.43,-65.00,45.00,72.20,f0:2f:74:40:a0:c0
1783349824.5,33.75,-6.43,-65.00,45.00,72.20,f0:2f:74:40:a0:c0
1783349827.5,33.75,-6.43,-65.00,45.00,72.20,f0:2f:74:40:a0:c0
1783349830.5,33.75,-6.43,-65.00,45.00,72.20,f0:2f:74:40:a0:c0
1783349833.5,33.75,-6.43,-65.00,45.00,72.20,f0:2f:74:40:a0:c0
1783349836.5,33.75,-6.43,-65.00,45.00,72.20,f0:2f:74:40:a0:c0
1783349839.5,33.75,-6.43,-65.00,45.00,72.20,f0:2f:74:40:a0:c0
1783349842.5,33.75,-6.43,-65.00,45.00,72.20,f0:2f:74:40:a0:c0
1783349845.5,33.75,-6.43,-66.00,44.00,72.20,f0:2f:74:40:a0:c0
1783349848.5,33.75,-6.43,-65.00,45.00,72.20,f0:2f:74:40:a0:c0
1783349851.5,33.75,-6.43,-65.00,45.00,72.20,f0:2f:74:40:a0:c0
1783349854.5,33.75,-6.43,-65.00,45.00,72.20,f0:2f:74:40:a0:c0
1783349857.5,33.75,-6.43,-65.00,45.00,72.20,f0:2f:74:40:a0:c0
1783349860.5,33.75,-6.43,-66.00,44.00,72.20,f0:2f:74:40:a0:c0
1783349863.5,33.75,-6.43,-65.00,45.00,72.20,f0:2f:74:40:a0:c0
1783349866.5,33.75,-6.43,-65.00,45.00,72.20,f0:2f:74:40:a0:c0
1783349869.5,33.75,-6.43,-65.00,45.00,72.20,f0:2f:74:40:a0:c0
1783349872.5,33.75,-6.43,-64.00,46.00,72.20,f0:2f:74:40:a0:c0
1783349875.5,33.75,-6.43,-65.00,45.00,72.20,f0:2f:74:40:a0:c0
1783349878.5,33.75,-6.43,-65.00,45.00,72.20,f0:2f:74:40:a0:c0
1783349881.5,33.75,-6.43,-65.00,45.00,72.20,f0:2f:74:40:a0:c0
1783349884.5,33.75,-6.43,-65.00,45.00,72.20,f0:2f:74:40:a0:c0
1783349887.5,33.75,-6.43,-65.00,45.00,72.20,f0:2f:74:40:a0:c0
1783349890.5,33.75,-6.43,-65.00,45.00,72.20,f0:2f:74:40:a0:c0
1783349893.5,33.75,-6.43,-65.00,45.00,72.20,f0:2f:74:40:a0:c0
1783349896.5,33.75,-6.43,-66.00,44.00,72.20,f0:2f:74:40:a0:c0
1783349899.5,33.75,-6.43,-66.00,44.00,72.20,f0:2f:74:40:a0:c0
1783349902.5,33.75,-6.43,-65.00,45.00,72.20,f0:2f:74:40:a0:c0
1783349905.5,33.75,-6.43,-64.00,46.00,72.20,f0:2f:74:40:a0:c0
1783349908.5,33.75,-6.43,-64.00,46.00,72.20,f0:2f:74:40:a0:c0
1783349911.5,33.75,-6.43,-65.00,45.00,72.20,f0:2f:74:40:a0:c0
1783349914.5,33.75,-6.43,-65.00,45.00,72.20,f0:2f:74:40:a0:c0
1783349917.5,33.75,-6.43,-65.00,45.00,72.20,f0:2f:74:40:a0:c0
1783349920.5,33.75,-6.43,-64.00,46.00,72.20,f0:2f:74:40:a0:c0
1783349923.5,33.75,-6.43,-65.00,45.00,72.20,f0:2f:74:40:a0:c0
1783349926.5,33.75,-6.43,-65.00,45.00,72.20,f0:2f:74:40:a0:c0
1783349929.5,33.75,-6.43,-64.00,46.00,72.20,f0:2f:74:40:a0:c0
1783349932.5,33.75,-6.43,-65.00,45.00,72.20,f0:2f:74:40:a0:c0
1783349935.5,33.75,-6.43,-64.00,46.00,72.20,f0:2f:74:40:a0:c0
1783349938.5,33.75,-6.43,-65.00,45.00,72.20,f0:2f:74:40:a0:c0
1783349941.5,33.75,-6.43,-65.00,45.00,72.20,f0:2f:74:40:a0:c0
1783349944.5,33.75,-6.43,-65.00,45.00,72.20,f0:2f:74:40:a0:c0
1783349947.5,33.75,-6.43,-65.00,45.00,72.20,f0:2f:74:40:a0:c0
1783349950.5,33.75,-6.43,-65.00,45.00,72.20,f0:2f:74:40:a0:c0
1783349953.5,33.75,-6.43,-65.00,45.00,72.20,f0:2f:74:40:a0:c0
1783349956.5,33.75,-6.43,-65.00,45.00,72.20,f0:2f:74:40:a0:c0
1783349959.5,33.75,-6.43,-65.00,45.00,72.20,f0:2f:74:40:a0:c0
1783349962.5,33.75,-6.43,-65.00,45.00,72.20,f0:2f:74:40:a0:c0
1783349965.5,33.75,-6.43,-65.00,45.00,72.20,f0:2f:74:40:a0:c0
1783349968.5,33.75,-6.43,-65.00,45.00,72.20,f0:2f:74:40:a0:c0
1783349971.5,33.75,-6.43,-65.00,45.00,72.20,f0:2f:74:40:a0:c0
1783349974.5,33.75,-6.43,-65.00,45.00,72.20,f0:2f:74:40:a0:c0
1783349977.5,33.75,-6.43,-64.00,46.00,72.20,f0:2f:74:40:a0:c0
1783349980.5,33.75,-6.43,-64.00,46.00,72.20,f0:2f:74:40:a0:c0
1783349983.5,33.75,-6.43,-64.00,46.00,72.20,f0:2f:74:40:a0:c0
1783349986.5,33.75,-6.43,-65.00,45.00,72.20,f0:2f:74:40:a0:c0
1783349989.5,33.75,-6.43,-65.00,45.00,72.20,f0:2f:74:40:a0:c0
1783349992.5,33.75,-6.43,-65.00,45.00,72.20,f0:2f:74:40:a0:c0
1783349995.5,33.75,-6.43,-64.00,46.00,72.20,f0:2f:74:40:a0:c0
1783349998.5,33.75,-6.43,-65.00,45.00,72.20,f0:2f:74:40:a0:c0
1783350001.5,33.75,-6.43,-64.00,46.00,72.20,f0:2f:74:40:a0:c0
1783350004.5,33.75,-6.43,-65.00,45.00,72.20,f0:2f:74:40:a0:c0
1783350007.5,33.75,-6.43,-65.00,45.00,72.20,f0:2f:74:40:a0:c0
1783350010.5,33.75,-6.43,-65.00,45.00,72.20,f0:2f:74:40:a0:c0
1783350013.5,33.75,-6.43,-65.00,45.00,72.20,f0:2f:74:40:a0:c0
1783350016.5,33.75,-6.43,-65.00,45.00,72.20,f0:2f:74:40:a0:c0
1783350019.5,33.75,-6.43,-66.00,44.00,72.20,f0:2f:74:40:a0:c0
1783350022.5,33.75,-6.43,-65.00,45.00,72.20,f0:2f:74:40:a0:c0
1783350025.5,33.75,-6.43,-65.00,45.00,72.20,f0:2f:74:40:a0:c0
1783350028.5,33.75,-6.43,-64.00,46.00,72.20,f0:2f:74:40:a0:c0
1783350031.5,33.75,-6.43,-65.00,45.00,72.20,f0:2f:74:40:a0:c0
1783350034.5,33.75,-6.43,-65.00,45.00,72.20,f0:2f:74:40:a0:c0
1783350037.5,33.75,-6.43,-65.00,45.00,72.20,f0:2f:74:40:a0:c0
1783350040.5,33.75,-6.43,-65.00,45.00,72.20,f0:2f:74:40:a0:c0
1783350043.5,33.75,-6.43,-65.00,45.00,72.20,f0:2f:74:40:a0:c0
1783350046.5,33.75,-6.43,-65.00,45.00,72.20,f0:2f:74:40:a0:c0
1783350049.5,33.75,-6.43,-65.00,45.00,72.20,f0:2f:74:40:a0:c0
1783350052.5,33.75,-6.43,-65.00,45.00,72.20,f0:2f:74:40:a0:c0
1783350055.5,33.75,-6.43,-64.00,46.00,72.20,f0:2f:74:40:a0:c0
1783350058.5,33.75,-6.43,-64.00,46.00,72.20,f0:2f:74:40:a0:c0
1783350061.5,33.75,-6.43,-65.00,45.00,72.20,f0:2f:74:40:a0:c0
1783350064.5,33.75,-6.43,-65.00,45.00,72.20,f0:2f:74:40:a0:c0
1783350067.5,33.75,-6.43,-65.00,45.00,72.20,f0:2f:74:40:a0:c0
1783350070.5,33.75,-6.43,-66.00,44.00,72.20,f0:2f:74:40:a0:c0
1783350073.5,33.75,-6.43,-65.00,45.00,72.20,f0:2f:74:40:a0:c0
1783350076.5,33.75,-6.43,-65.00,45.00,72.20,f0:2f:74:40:a0:c0
1783350079.5,33.75,-6.43,-64.00,46.00,72.20,f0:2f:74:40:a0:c0
1783350082.5,33.75,-6.43,-64.00,46.00,72.20,f0:2f:74:40:a0:c0
1783350085.5,33.75,-6.43,-65.00,45.00,72.20,f0:2f:74:40:a0:c0
1783350088.5,33.75,-6.43,-65.00,45.00,72.20,f0:2f:74:40:a0:c0
1783350091.5,33.75,-6.43,-65.00,45.00,72.20,f0:2f:74:40:a0:c0
1783350094.5,33.75,-6.43,-65.00,45.00,72.20,f0:2f:74:40:a0:c0
1783350097.5,33.75,-6.43,-65.00,45.00,72.20,f0:2f:74:40:a0:c0
1783350100.5,33.75,-6.43,-65.00,45.00,72.20,f0:2f:74:40:a0:c0
1783350103.5,33.75,-6.43,-65.00,45.00,72.20,f0:2f:74:40:a0:c0
1783350106.5,33.75,-6.43,-65.00,45.00,72.20,f0:2f:74:40:a0:c0
1783350109.5,33.75,-6.43,-64.00,46.00,72.20,f0:2f:74:40:a0:c0
1783350112.5,33.75,-6.43,-65.00,45.00,72.20,f0:2f:74:40:a0:c0
1783350115.5,33.75,-6.43,-65.00,45.00,72.20,f0:2f:74:40:a0:c0
1783350118.5,33.75,-6.43,-65.00,45.00,72.20,f0:2f:74:40:a0:c0
1783350121.5,33.75,-6.43,-65.00,45.00,72.20,f0:2f:74:40:a0:c0
1783350124.5,33.75,-6.43,-65.00,45.00,72.20,f0:2f:74:40:a0:c0
1783350127.5,33.75,-6.43,-65.00,45.00,72.20,f0:2f:74:40:a0:c0
1783350130.5,33.75,-6.43,-64.00,46.00,72.20,f0:2f:74:40:a0:c0
1783350133.5,33.75,-6.43,-65.00,45.00,72.20,f0:2f:74:40:a0:c0
1783350136.5,33.75,-6.43,-65.00,45.00,72.20,f0:2f:74:40:a0:c0
1783350139.5,33.75,-6.43,-65.00,45.00,72.20,f0:2f:74:40:a0:c0
1783350142.5,33.75,-6.43,-65.00,45.00,72.20,f0:2f:74:40:a0:c0
1783350145.5,33.75,-6.43,-65.00,45.00,72.20,f0:2f:74:40:a0:c0
1783350148.5,33.75,-6.43,-65.00,45.00,72.20,f0:2f:74:40:a0:c0
1783350151.5,33.75,-6.43,-65.00,45.00,72.20,f0:2f:74:40:a0:c0
1783350154.5,33.75,-6.43,-64.00,46.00,5.50,f0:2f:74:40:a0:c0
1783350157.5,33.75,-6.43,-63.00,47.00,6.50,f0:2f:74:40:a0:c0
1783350160.5,33.75,-6.43,-65.00,45.00,21.60,f0:2f:74:40:a0:c0
1783350163.5,33.75,-6.43,-65.00,45.00,65.00,f0:2f:74:40:a0:c0
1783350166.5,33.75,-6.43,-65.00,45.00,65.00,f0:2f:74:40:a0:c0
1783350169.5,33.75,-6.43,-66.00,44.00,72.20,f0:2f:74:40:a0:c0
1783350172.5,33.75,-6.43,-65.00,45.00,72.20,f0:2f:74:40:a0:c0
1783350175.5,33.75,-6.43,-65.00,45.00,72.20,f0:2f:74:40:a0:c0
1783350178.5,33.75,-6.43,-65.00,45.00,72.20,f0:2f:74:40:a0:c0
1783350181.5,33.75,-6.43,-65.00,45.00,72.20,f0:2f:74:40:a0:c0
1783350184.5,33.75,-6.43,-65.00,45.00,72.20,f0:2f:74:40:a0:c0
1783350187.5,33.75,-6.43,-65.00,45.00,72.20,f0:2f:74:40:a0:c0
1783350190.5,33.75,-6.43,-65.00,45.00,72.20,f0:2f:74:40:a0:c0
1783350193.5,33.75,-6.43,-65.00,45.00,72.20,f0:2f:74:40:a0:c0
1783350196.5,33.75,-6.43,-65.00,45.00,72.20,f0:2f:74:40:a0:c0
1783350199.5,33.75,-6.43,-65.00,45.00,72.20,f0:2f:74:40:a0:c0
1783350202.5,33.75,-6.43,-65.00,45.00,72.20,f0:2f:74:40:a0:c0
1783350205.5,33.75,-6.43,-65.00,45.00,72.20,f0:2f:74:40:a0:c0
1783350208.5,33.75,-6.43,-65.00,45.00,72.20,f0:2f:74:40:a0:c0
1783350211.5,33.75,-6.43,-64.00,46.00,72.20,f0:2f:74:40:a0:c0
1783350214.5,33.75,-6.43,-65.00,45.00,72.20,f0:2f:74:40:a0:c0
1783350217.5,33.75,-6.43,-64.00,46.00,72.20,f0:2f:74:40:a0:c0
1783350220.5,33.75,-6.43,-64.00,46.00,72.20,f0:2f:74:40:a0:c0
1783350223.5,33.75,-6.43,-64.00,46.00,72.20,f0:2f:74:40:a0:c0
1783350226.5,33.75,-6.43,-65.00,45.00,72.20,f0:2f:74:40:a0:c0
1783350229.5,33.75,-6.43,-65.00,45.00,72.20,f0:2f:74:40:a0:c0
1783350232.5,33.75,-6.43,-64.00,46.00,72.20,f0:2f:74:40:a0:c0
1783350235.5,33.75,-6.43,-64.00,46.00,72.20,f0:2f:74:40:a0:c0
1783350238.5,33.75,-6.43,-65.00,45.00,72.20,f0:2f:74:40:a0:c0
1783350241.5,33.75,-6.43,-64.00,46.00,72.20,f0:2f:74:40:a0:c0
1783350244.5,33.75,-6.43,-64.00,46.00,72.20,f0:2f:74:40:a0:c0
1783350247.5,33.75,-6.43,-64.00,46.00,72.20,f0:2f:74:40:a0:c0
1783350250.5,33.75,-6.43,-65.00,45.00,72.20,f0:2f:74:40:a0:c0
1783350253.5,33.75,-6.43,-64.00,46.00,72.20,f0:2f:74:40:a0:c0
1783350256.5,33.75,-6.43,-65.00,45.00,72.20,f0:2f:74:40:a0:c0
1783350259.5,33.75,-6.43,-65.00,45.00,72.20,f0:2f:74:40:a0:c0
1783350262.5,33.75,-6.43,-64.00,46.00,72.20,f0:2f:74:40:a0:c0
1783350265.5,33.75,-6.43,-64.00,46.00,72.20,f0:2f:74:40:a0:c0
1783350268.5,33.75,-6.43,-64.00,46.00,72.20,f0:2f:74:40:a0:c0
1783350271.5,33.75,-6.43,-65.00,45.00,72.20,f0:2f:74:40:a0:c0
1783350274.5,33.75,-6.43,-65.00,45.00,72.20,f0:2f:74:40:a0:c0
1783350277.5,33.75,-6.43,-65.00,45.00,72.20,f0:2f:74:40:a0:c0
1783350280.5,33.75,-6.43,-65.00,45.00,72.20,f0:2f:74:40:a0:c0
1783350283.5,33.75,-6.43,-65.00,45.00,72.20,f0:2f:74:40:a0:c0
1783350286.5,33.75,-6.43,-64.00,46.00,72.20,f0:2f:74:40:a0:c0
1783350289.5,33.75,-6.43,-65.00,45.00,72.20,f0:2f:74:40:a0:c0
1783350292.5,33.75,-6.43,-64.00,46.00,72.20,f0:2f:74:40:a0:c0
1783350295.5,33.75,-6.43,-64.00,46.00,72.20,f0:2f:74:40:a0:c0
1783350298.5,33.75,-6.43,-65.00,45.00,72.20,f0:2f:74:40:a0:c0
1783350301.5,33.75,-6.43,-65.00,45.00,72.20,f0:2f:74:40:a0:c0
1783350304.5,33.75,-6.43,-65.00,45.00,72.20,f0:2f:74:40:a0:c0
1783350307.5,33.75,-6.43,-65.00,45.00,72.20,f0:2f:74:40:a0:c0
1783350310.5,33.75,-6.43,-65.00,45.00,72.20,f0:2f:74:40:a0:c0
1783350313.5,33.75,-6.43,-65.00,45.00,72.20,f0:2f:74:40:a0:c0
1783350316.5,33.75,-6.43,-65.00,45.00,72.20,f0:2f:74:40:a0:c0
1783350319.5,33.75,-6.43,-65.00,45.00,72.20,f0:2f:74:40:a0:c0
1783350322.5,33.75,-6.43,-65.00,45.00,72.20,f0:2f:74:40:a0:c0
1783350325.5,33.75,-6.43,-65.00,45.00,72.20,f0:2f:74:40:a0:c0
1783350328.5,33.75,-6.43,-65.00,45.00,72.20,f0:2f:74:40:a0:c0
1783350331.5,33.75,-6.43,-65.00,45.00,72.20,f0:2f:74:40:a0:c0
1783350334.5,33.75,-6.43,-65.00,45.00,72.20,f0:2f:74:40:a0:c0
1783350337.5,33.75,-6.43,-65.00,45.00,72.20,f0:2f:74:40:a0:c0
1783350340.5,33.75,-6.43,-65.00,45.00,72.20,f0:2f:74:40:a0:c0
1783350343.5,33.75,-6.43,-65.00,45.00,72.20,f0:2f:74:40:a0:c0
1783350346.5,33.75,-6.43,-65.00,45.00,72.20,f0:2f:74:40:a0:c0
1783350349.5,33.75,-6.43,-65.00,45.00,72.20,f0:2f:74:40:a0:c0
1783350352.5,33.75,-6.43,-65.00,45.00,72.20,f0:2f:74:40:a0:c0
1783350355.5,33.75,-6.43,-65.00,45.00,72.20,f0:2f:74:40:a0:c0
1783350358.5,33.75,-6.43,-65.00,45.00,72.20,f0:2f:74:40:a0:c0
1783350361.5,33.75,-6.43,-65.00,45.00,72.20,f0:2f:74:40:a0:c0
1783350364.5,33.75,-6.43,-65.00,45.00,72.20,f0:2f:74:40:a0:c0
1783350367.5,33.75,-6.43,-65.00,45.00,72.20,f0:2f:74:40:a0:c0
1783350370.5,33.75,-6.43,-65.00,45.00,72.20,f0:2f:74:40:a0:c0
1783350373.5,33.75,-6.43,-65.00,45.00,72.20,f0:2f:74:40:a0:c0
1783350376.5,33.75,-6.43,-65.00,45.00,72.20,f0:2f:74:40:a0:c0
1783350379.5,33.75,-6.43,-65.00,45.00,72.20,f0:2f:74:40:a0:c0
1783350382.5,33.75,-6.43,-65.00,45.00,72.20,f0:2f:74:40:a0:c0
1783350385.5,33.75,-6.43,-65.00,45.00,72.20,f0:2f:74:40:a0:c0
1783350388.5,33.75,-6.43,-65.00,45.00,72.20,f0:2f:74:40:a0:c0
1783350391.5,33.75,-6.43,-65.00,45.00,72.20,f0:2f:74:40:a0:c0
1783350394.5,33.75,-6.43,-65.00,45.00,72.20,f0:2f:74:40:a0:c0
1783350397.5,33.75,-6.43,-65.00,45.00,72.20,f0:2f:74:40:a0:c0
1783350400.5,33.75,-6.43,-65.00,45.00,72.20,f0:2f:74:40:a0:c0
1783350403.5,33.75,-6.43,-65.00,45.00,72.20,f0:2f:74:40:a0:c0
1783350406.5,33.75,-6.43,-65.00,45.00,72.20,f0:2f:74:40:a0:c0
1783350409.5,33.75,-6.43,-65.00,45.00,72.20,f0:2f:74:40:a0:c0
1783350412.5,33.75,-6.43,-65.00,45.00,72.20,f0:2f:74:40:a0:c0
1783350415.5,33.75,-6.43,-65.00,45.00,72.20,f0:2f:74:40:a0:c0
1783350418.5,33.75,-6.43,-65.00,45.00,72.20,f0:2f:74:40:a0:c0
1783350421.5,33.75,-6.43,-64.00,46.00,72.20,f0:2f:74:40:a0:c0
1783350424.5,33.75,-6.43,-64.00,46.00,72.20,f0:2f:74:40:a0:c0
1783350427.5,33.75,-6.43,-64.00,46.00,72.20,f0:2f:74:40:a0:c0
1783350430.5,33.75,-6.43,-65.00,45.00,72.20,f0:2f:74:40:a0:c0
1783350433.5,33.75,-6.43,-64.00,46.00,72.20,f0:2f:74:40:a0:c0
1783350436.5,33.75,-6.43,-64.00,46.00,72.20,f0:2f:74:40:a0:c0
1783350439.5,33.75,-6.43,-64.00,46.00,72.20,f0:2f:74:40:a0:c0
1783350442.5,33.75,-6.43,-65.00,45.00,72.20,f0:2f:74:40:a0:c0
1783350445.5,33.75,-6.43,-64.00,46.00,72.20,f0:2f:74:40:a0:c0
1783350448.5,33.75,-6.43,-64.00,46.00,72.20,f0:2f:74:40:a0:c0
1783350451.5,33.75,-6.43,-64.00,46.00,72.20,f0:2f:74:40:a0:c0
1783350454.5,33.75,-6.43,-64.00,46.00,72.20,f0:2f:74:40:a0:c0
1783350457.5,33.75,-6.43,-64.00,46.00,72.20,f0:2f:74:40:a0:c0
1783350460.5,33.75,-6.43,-65.00,45.00,72.20,f0:2f:74:40:a0:c0
1783350463.5,33.75,-6.43,-65.00,45.00,72.20,f0:2f:74:40:a0:c0
1783350466.5,33.75,-6.43,-64.00,46.00,72.20,f0:2f:74:40:a0:c0
1783350469.5,33.75,-6.43,-64.00,46.00,72.20,f0:2f:74:40:a0:c0
1783350472.5,33.75,-6.43,-64.00,46.00,72.20,f0:2f:74:40:a0:c0
1783350475.5,33.75,-6.43,-64.00,46.00,72.20,f0:2f:74:40:a0:c0
1783350478.5,33.75,-6.43,-64.00,46.00,72.20,f0:2f:74:40:a0:c0
1783350481.5,33.75,-6.43,-65.00,45.00,72.20,f0:2f:74:40:a0:c0
1783350484.5,33.75,-6.43,-64.00,46.00,72.20,f0:2f:74:40:a0:c0
1783350487.5,33.75,-6.43,-64.00,46.00,72.20,f0:2f:74:40:a0:c0
1783350490.5,33.75,-6.43,-65.00,45.00,72.20,f0:2f:74:40:a0:c0
1783350493.5,33.75,-6.43,-64.00,46.00,72.20,f0:2f:74:40:a0:c0
1783350496.5,33.75,-6.43,-64.00,46.00,72.20,f0:2f:74:40:a0:c0
1783350499.5,33.75,-6.43,-64.00,46.00,72.20,f0:2f:74:40:a0:c0
1783350502.5,33.75,-6.43,-64.00,46.00,72.20,f0:2f:74:40:a0:c0
1783350505.5,33.75,-6.43,-61.00,49.00,5.50,f0:2f:74:40:a0:c0
1783350508.5,33.75,-6.43,-61.00,49.00,5.50,f0:2f:74:40:a0:c0
1783350511.5,33.75,-6.43,-61.00,49.00,5.50,f0:2f:74:40:a0:c0
1783350514.5,33.75,-6.43,-64.00,46.00,57.70,f0:2f:74:40:a0:c0
1783350517.5,33.75,-6.43,-64.00,46.00,72.20,f0:2f:74:40:a0:c0
1783350520.5,33.75,-6.43,-64.00,46.00,72.20,f0:2f:74:40:a0:c0
1783350523.5,33.75,-6.43,-64.00,46.00,72.20,f0:2f:74:40:a0:c0
1783350526.5,33.75,-6.43,-64.00,46.00,72.20,f0:2f:74:40:a0:c0
1783350529.5,33.75,-6.43,-64.00,46.00,72.20,f0:2f:74:40:a0:c0
1783350532.5,33.75,-6.43,-64.00,46.00,72.20,f0:2f:74:40:a0:c0
1783350535.5,33.75,-6.43,-64.00,46.00,72.20,f0:2f:74:40:a0:c0
1783350538.5,33.75,-6.43,-64.00,46.00,72.20,f0:2f:74:40:a0:c0
1783350541.5,33.75,-6.43,-64.00,46.00,72.20,f0:2f:74:40:a0:c0
1783350544.5,33.75,-6.43,-64.00,46.00,72.20,f0:2f:74:40:a0:c0
1783350547.5,33.75,-6.43,-64.00,46.00,72.20,f0:2f:74:40:a0:c0
1783350550.5,33.75,-6.43,-64.00,46.00,72.20,f0:2f:74:40:a0:c0
1783350553.5,33.75,-6.43,-64.00,46.00,72.20,f0:2f:74:40:a0:c0
1783350556.5,33.75,-6.43,-64.00,46.00,72.20,f0:2f:74:40:a0:c0
1783350559.5,33.75,-6.43,-65.00,45.00,72.20,f0:2f:74:40:a0:c0
1783350562.5,33.75,-6.43,-64.00,46.00,72.20,f0:2f:74:40:a0:c0
1783350565.5,33.75,-6.43,-64.00,46.00,72.20,f0:2f:74:40:a0:c0
1783350568.5,33.75,-6.43,-64.00,46.00,72.20,f0:2f:74:40:a0:c0
1783350571.5,33.75,-6.43,-65.00,45.00,72.20,f0:2f:74:40:a0:c0
1783350574.5,33.75,-6.43,-65.00,45.00,72.20,f0:2f:74:40:a0:c0
1783350577.5,33.75,-6.43,-65.00,45.00,72.20,f0:2f:74:40:a0:c0
1783350580.5,33.75,-6.43,-65.00,45.00,72.20,f0:2f:74:40:a0:c0
1783350583.5,33.75,-6.43,-64.00,46.00,72.20,f0:2f:74:40:a0:c0
1783350586.5,33.75,-6.43,-65.00,45.00,72.20,f0:2f:74:40:a0:c0
1783350589.5,33.75,-6.43,-65.00,45.00,72.20,f0:2f:74:40:a0:c0
1783350592.5,33.75,-6.43,-65.00,45.00,72.20,f0:2f:74:40:a0:c0
1783350595.5,33.75,-6.43,-65.00,45.00,72.20,f0:2f:74:40:a0:c0
1783350598.5,33.75,-6.43,-65.00,45.00,72.20,f0:2f:74:40:a0:c0
1783350601.5,33.75,-6.43,-65.00,45.00,72.20,f0:2f:74:40:a0:c0
1783350604.5,33.75,-6.43,-62.00,48.00,5.50,f0:2f:74:40:a0:c0
1783350607.5,33.75,-6.43,-62.00,48.00,6.50,f0:2f:74:40:a0:c0
1783350610.5,33.75,-6.43,-62.00,48.00,5.50,f0:2f:74:40:a0:c0
1783350613.5,33.75,-6.43,-63.00,47.00,5.50,f0:2f:74:40:a0:c0
1783350616.5,33.75,-6.43,-62.00,48.00,5.50,f0:2f:74:40:a0:c0
1783350619.5,33.75,-6.43,-64.00,46.00,7.20,f0:2f:74:40:a0:c0
1783350622.5,33.75,-6.43,-63.00,47.00,5.50,f0:2f:74:40:a0:c0
1783350625.5,33.75,-6.43,-65.00,45.00,5.50,f0:2f:74:40:a0:c0
1783350628.5,33.75,-6.43,-66.00,44.00,5.50,f0:2f:74:40:a0:c0
1783350631.5,33.75,-6.43,-67.00,43.00,5.50,f0:2f:74:40:a0:c0
1783350634.5,33.75,-6.43,-62.00,48.00,6.50,f0:2f:74:40:a0:c0
1783350637.5,33.75,-6.43,-66.00,44.00,7.20,f0:2f:74:40:a0:c0
1783350640.5,33.75,-6.43,-65.00,45.00,43.30,f0:2f:74:40:a0:c0
1783350643.5,33.75,-6.43,-65.00,45.00,72.20,f0:2f:74:40:a0:c0
1783350646.5,33.75,-6.43,-65.00,45.00,72.20,f0:2f:74:40:a0:c0
1783350649.5,33.75,-6.43,-65.00,45.00,72.20,f0:2f:74:40:a0:c0
1783350652.5,33.75,-6.43,-65.00,45.00,72.20,f0:2f:74:40:a0:c0
1783350655.5,33.75,-6.43,-64.00,46.00,6.50,f0:2f:74:40:a0:c0
1783350658.5,33.75,-6.43,-66.00,44.00,6.50,f0:2f:74:40:a0:c0
1783350661.5,33.75,-6.43,-65.00,45.00,13.00,f0:2f:74:40:a0:c0
1783350664.5,33.75,-6.43,-65.00,45.00,6.50,f0:2f:74:40:a0:c0
1783350667.5,33.75,-6.43,-65.00,45.00,39.00,f0:2f:74:40:a0:c0
1783350670.5,33.75,-6.43,-66.00,44.00,39.00,f0:2f:74:40:a0:c0
1783350673.5,33.75,-6.43,-65.00,45.00,65.00,f0:2f:74:40:a0:c0
1783350676.5,33.75,-6.43,-61.00,49.00,6.50,f0:2f:74:40:a0:c0
1783350679.5,33.75,-6.43,-65.00,45.00,5.50,f0:2f:74:40:a0:c0
1783350682.5,33.75,-6.43,-61.00,49.00,5.50,f0:2f:74:40:a0:c0
1783350685.5,33.75,-6.43,-65.00,45.00,5.50,f0:2f:74:40:a0:c0
1783350688.5,33.75,-6.43,-61.00,49.00,5.50,f0:2f:74:40:a0:c0
1783350691.5,33.75,-6.43,-62.00,48.00,5.50,f0:2f:74:40:a0:c0
1783350694.5,33.75,-6.43,-62.00,48.00,5.50,f0:2f:74:40:a0:c0
1783350697.5,33.75,-6.43,-65.00,45.00,7.20,f0:2f:74:40:a0:c0
1783350700.5,33.75,-6.43,-61.00,49.00,7.20,f0:2f:74:40:a0:c0
1783350703.5,33.75,-6.43,-65.00,45.00,28.80,f0:2f:74:40:a0:c0
1783350706.5,33.75,-6.43,-65.00,45.00,72.20,f0:2f:74:40:a0:c0
1783350709.5,33.75,-6.43,-65.00,45.00,72.20,f0:2f:74:40:a0:c0
1783350712.5,33.75,-6.43,-66.00,44.00,72.20,f0:2f:74:40:a0:c0
1783350715.5,33.75,-6.43,-65.00,45.00,72.20,f0:2f:74:40:a0:c0
1783350718.5,33.75,-6.43,-65.00,45.00,72.20,f0:2f:74:40:a0:c0
1783350721.5,33.75,-6.43,-65.00,45.00,72.20,f0:2f:74:40:a0:c0
1783350724.5,33.75,-6.43,-65.00,45.00,72.20,f0:2f:74:40:a0:c0
1783350727.5,33.75,-6.43,-65.00,45.00,72.20,f0:2f:74:40:a0:c0
1783350730.5,33.75,-6.43,-65.00,45.00,72.20,f0:2f:74:40:a0:c0
1783350733.5,33.75,-6.43,-65.00,45.00,72.20,f0:2f:74:40:a0:c0
1783350736.5,33.75,-6.43,-65.00,45.00,72.20,f0:2f:74:40:a0:c0
1783350739.5,33.75,-6.43,-65.00,45.00,72.20,f0:2f:74:40:a0:c0
1783350742.5,33.75,-6.43,-65.00,45.00,72.20,f0:2f:74:40:a0:c0
1783350745.5,33.75,-6.43,-65.00,45.00,72.20,f0:2f:74:40:a0:c0
1783350748.5,33.75,-6.43,-65.00,45.00,72.20,f0:2f:74:40:a0:c0
1783350751.5,33.75,-6.43,-65.00,45.00,72.20,f0:2f:74:40:a0:c0
1783350754.5,33.75,-6.43,-65.00,45.00,72.20,f0:2f:74:40:a0:c0
1783350757.5,33.75,-6.43,-65.00,45.00,72.20,f0:2f:74:40:a0:c0
1783350760.5,33.75,-6.43,-65.00,45.00,72.20,f0:2f:74:40:a0:c0
1783350763.5,33.75,-6.43,-65.00,45.00,72.20,f0:2f:74:40:a0:c0
1783350766.5,33.75,-6.43,-65.00,45.00,72.20,f0:2f:74:40:a0:c0
1783350769.5,33.75,-6.43,-65.00,45.00,72.20,f0:2f:74:40:a0:c0
1783350772.5,33.75,-6.43,-65.00,45.00,65.00,f0:2f:74:40:a0:c0
1783350775.5,33.75,-6.43,-65.00,45.00,72.20,f0:2f:74:40:a0:c0
1783350778.5,33.75,-6.43,-65.00,45.00,72.20,f0:2f:74:40:a0:c0
1783350781.5,33.75,-6.43,-65.00,45.00,72.20,f0:2f:74:40:a0:c0
1783350784.5,33.75,-6.43,-65.00,45.00,72.20,f0:2f:74:40:a0:c0
1783350787.5,33.75,-6.43,-65.00,45.00,72.20,f0:2f:74:40:a0:c0
1783350790.5,33.75,-6.43,-65.00,45.00,39.00,f0:2f:74:40:a0:c0
1783350793.5,33.75,-6.43,-65.00,45.00,39.00,f0:2f:74:40:a0:c0
1783350796.5,33.75,-6.43,-65.00,45.00,57.70,f0:2f:74:40:a0:c0
1783350799.5,33.75,-6.43,-65.00,45.00,65.00,f0:2f:74:40:a0:c0
1783350802.5,33.75,-6.43,-65.00,45.00,65.00,f0:2f:74:40:a0:c0
1783350805.5,33.75,-6.43,-65.00,45.00,19.50,f0:2f:74:40:a0:c0
1783350808.5,33.75,-6.43,-65.00,45.00,19.50,f0:2f:74:40:a0:c0
1783350811.5,33.75,-6.43,-65.00,45.00,21.60,f0:2f:74:40:a0:c0
1783350814.5,33.75,-6.43,-65.00,45.00,65.00,f0:2f:74:40:a0:c0
1783350817.5,33.75,-6.43,-65.00,45.00,57.70,f0:2f:74:40:a0:c0
1783350820.5,33.75,-6.43,-65.00,45.00,5.50,f0:2f:74:40:a0:c0
1783350823.5,33.75,-6.43,-65.00,45.00,5.50,f0:2f:74:40:a0:c0
1783350826.5,33.75,-6.43,-65.00,45.00,5.50,f0:2f:74:40:a0:c0
1783350829.5,33.75,-6.43,-65.00,45.00,7.20,f0:2f:74:40:a0:c0
1783350832.5,33.75,-6.43,-65.00,45.00,72.20,f0:2f:74:40:a0:c0
1783350835.5,33.75,-6.43,-65.00,45.00,72.20,f0:2f:74:40:a0:c0
1783350838.5,33.75,-6.43,-65.00,45.00,72.20,f0:2f:74:40:a0:c0
1783350841.5,33.75,-6.43,-65.00,45.00,72.20,f0:2f:74:40:a0:c0
1783350844.5,33.75,-6.43,-65.00,45.00,72.20,f0:2f:74:40:a0:c0
1783350847.5,33.75,-6.43,-65.00,45.00,72.20,f0:2f:74:40:a0:c0
1783350850.5,33.75,-6.43,-65.00,45.00,72.20,f0:2f:74:40:a0:c0
1783350853.5,33.75,-6.43,-65.00,45.00,72.20,f0:2f:74:40:a0:c0
1783350856.5,33.75,-6.43,-65.00,45.00,72.20,f0:2f:74:40:a0:c0
1783350859.5,33.75,-6.43,-65.00,45.00,72.20,f0:2f:74:40:a0:c0
1783350862.5,33.75,-6.43,-65.00,45.00,72.20,f0:2f:74:40:a0:c0
1783350865.5,33.75,-6.43,-65.00,45.00,72.20,f0:2f:74:40:a0:c0
1783350868.5,33.75,-6.43,-65.00,45.00,72.20,f0:2f:74:40:a0:c0
1783350871.5,33.75,-6.43,-65.00,45.00,58.50,f0:2f:74:40:a0:c0
1783350874.5,33.75,-6.43,-65.00,45.00,19.50,f0:2f:74:40:a0:c0
1783350877.5,33.75,-6.43,-65.00,45.00,28.80,f0:2f:74:40:a0:c0
1783350880.5,33.75,-6.43,-65.00,45.00,52.00,f0:2f:74:40:a0:c0
1783350883.5,33.75,-6.43,-65.00,45.00,39.00,f0:2f:74:40:a0:c0
1783350886.5,33.75,-6.43,-65.00,45.00,72.20,f0:2f:74:40:a0:c0
1783350889.5,33.75,-6.43,-65.00,45.00,72.20,f0:2f:74:40:a0:c0
1783350892.5,33.75,-6.43,-65.00,45.00,72.20,f0:2f:74:40:a0:c0
1783350895.5,33.75,-6.43,-65.00,45.00,72.20,f0:2f:74:40:a0:c0
1783350898.5,33.75,-6.43,-65.00,45.00,72.20,f0:2f:74:40:a0:c0
1783350901.5,33.75,-6.43,-64.00,46.00,72.20,f0:2f:74:40:a0:c0
1783350904.5,33.75,-6.43,-65.00,45.00,72.20,f0:2f:74:40:a0:c0
1783350907.5,33.75,-6.43,-65.00,45.00,72.20,f0:2f:74:40:a0:c0
1783350910.5,33.75,-6.43,-65.00,45.00,72.20,f0:2f:74:40:a0:c0
1783350913.5,33.75,-6.43,-65.00,45.00,72.20,f0:2f:74:40:a0:c0
1783350916.5,33.75,-6.43,-65.00,45.00,72.20,f0:2f:74:40:a0:c0
1783350919.5,33.75,-6.43,-65.00,45.00,72.20,f0:2f:74:40:a0:c0
1783350922.5,33.75,-6.43,-65.00,45.00,72.20,f0:2f:74:40:a0:c0
1783350925.5,33.75,-6.43,-65.00,45.00,72.20,f0:2f:74:40:a0:c0
1783350928.5,33.75,-6.43,-65.00,45.00,72.20,f0:2f:74:40:a0:c0
1783350931.5,33.75,-6.43,-65.00,45.00,72.20,f0:2f:74:40:a0:c0
1783350934.5,33.75,-6.43,-65.00,45.00,72.20,f0:2f:74:40:a0:c0
1783350937.5,33.75,-6.43,-65.00,45.00,57.70,f0:2f:74:40:a0:c0
1783350940.5,33.75,-6.43,-65.00,45.00,5.50,f0:2f:74:40:a0:c0
1783350943.5,33.75,-6.43,-65.00,45.00,26.00,f0:2f:74:40:a0:c0
1783350946.5,33.75,-6.43,-65.00,45.00,5.50,f0:2f:74:40:a0:c0
1783350949.5,33.75,-6.43,-65.00,45.00,57.70,f0:2f:74:40:a0:c0
1783350952.5,33.75,-6.43,-65.00,45.00,72.20,f0:2f:74:40:a0:c0
1783350955.5,33.75,-6.43,-65.00,45.00,72.20,f0:2f:74:40:a0:c0
1783350958.5,33.75,-6.43,-65.00,45.00,72.20,f0:2f:74:40:a0:c0
1783350961.5,33.75,-6.43,-65.00,45.00,39.00,f0:2f:74:40:a0:c0
1783350964.5,33.75,-6.43,-65.00,45.00,57.70,f0:2f:74:40:a0:c0
1783350967.5,33.75,-6.43,-65.00,45.00,72.20,f0:2f:74:40:a0:c0
1783350970.5,33.75,-6.43,-65.00,45.00,26.00,f0:2f:74:40:a0:c0
1783350973.5,33.75,-6.43,-65.00,45.00,72.20,f0:2f:74:40:a0:c0
1783350976.5,33.75,-6.43,-65.00,45.00,72.20,f0:2f:74:40:a0:c0
1783350979.5,33.75,-6.43,-66.00,44.00,72.20,f0:2f:74:40:a0:c0
1783350982.5,33.75,-6.43,-65.00,45.00,72.20,f0:2f:74:40:a0:c0
1783350985.5,33.75,-6.43,-65.00,45.00,72.20,f0:2f:74:40:a0:c0
1783350988.5,33.75,-6.43,-65.00,45.00,72.20,f0:2f:74:40:a0:c0
1783350991.5,33.75,-6.43,-65.00,45.00,72.20,f0:2f:74:40:a0:c0
1783350994.5,33.75,-6.43,-65.00,45.00,72.20,f0:2f:74:40:a0:c0
1783350997.5,33.75,-6.43,-65.00,45.00,72.20,f0:2f:74:40:a0:c0
1783351000.5,33.75,-6.43,-65.00,45.00,72.20,f0:2f:74:40:a0:c0
1783351003.5,33.75,-6.43,-65.00,45.00,72.20,f0:2f:74:40:a0:c0
1783351006.5,33.75,-6.43,-65.00,45.00,72.20,f0:2f:74:40:a0:c0
1783351009.5,33.75,-6.43,-65.00,45.00,72.20,f0:2f:74:40:a0:c0
1783351012.5,33.75,-6.43,-65.00,45.00,72.20,f0:2f:74:40:a0:c0
1783351015.5,33.75,-6.43,-66.00,44.00,72.20,f0:2f:74:40:a0:c0
1783351018.5,33.75,-6.43,-65.00,45.00,72.20,f0:2f:74:40:a0:c0
1783351021.5,33.75,-6.43,-65.00,45.00,72.20,f0:2f:74:40:a0:c0
1783351024.5,33.75,-6.43,-65.00,45.00,72.20,f0:2f:74:40:a0:c0
1783351027.5,33.75,-6.43,-65.00,45.00,72.20,f0:2f:74:40:a0:c0
1783351030.5,33.75,-6.43,-65.00,45.00,72.20,f0:2f:74:40:a0:c0
1783351033.5,33.75,-6.43,-65.00,45.00,72.20,f0:2f:74:40:a0:c0
1783351036.5,33.75,-6.43,-65.00,45.00,72.20,f0:2f:74:40:a0:c0
1783351039.5,33.75,-6.43,-65.00,45.00,65.00,f0:2f:74:40:a0:c0
1783351042.5,33.75,-6.43,-65.00,45.00,65.00,f0:2f:74:40:a0:c0
1783351045.5,33.75,-6.43,-65.00,45.00,65.00,f0:2f:74:40:a0:c0
1783351048.5,33.75,-6.43,-65.00,45.00,72.20,f0:2f:74:40:a0:c0
1783351051.5,33.75,-6.43,-65.00,45.00,72.20,f0:2f:74:40:a0:c0
1783351054.5,33.75,-6.43,-65.00,45.00,72.20,f0:2f:74:40:a0:c0
1783351057.5,33.75,-6.43,-65.00,45.00,72.20,f0:2f:74:40:a0:c0
1783351060.5,33.75,-6.43,-65.00,45.00,72.20,f0:2f:74:40:a0:c0
1783351063.5,33.75,-6.43,-66.00,44.00,72.20,f0:2f:74:40:a0:c0
1783351066.5,33.75,-6.43,-66.00,44.00,72.20,f0:2f:74:40:a0:c0
1783351069.5,33.75,-6.43,-65.00,45.00,72.20,f0:2f:74:40:a0:c0
1783351072.5,33.75,-6.43,-65.00,45.00,72.20,f0:2f:74:40:a0:c0
1783351075.5,33.75,-6.43,-65.00,45.00,65.00,f0:2f:74:40:a0:c0
1783351078.5,33.75,-6.43,-65.00,45.00,57.70,f0:2f:74:40:a0:c0
1783351081.5,33.75,-6.43,-65.00,45.00,57.70,f0:2f:74:40:a0:c0
1783351084.5,33.75,-6.43,-65.00,45.00,72.20,f0:2f:74:40:a0:c0
1783351087.5,33.75,-6.43,-65.00,45.00,72.20,f0:2f:74:40:a0:c0
1783351090.5,33.75,-6.43,-65.00,45.00,72.20,f0:2f:74:40:a0:c0
1783351093.5,33.75,-6.43,-65.00,45.00,72.20,f0:2f:74:40:a0:c0
1783351096.5,33.75,-6.43,-65.00,45.00,72.20,f0:2f:74:40:a0:c0
1783351099.5,33.75,-6.43,-65.00,45.00,72.20,f0:2f:74:40:a0:c0
1783351102.5,33.75,-6.43,-65.00,45.00,65.00,f0:2f:74:40:a0:c0
1783351105.5,33.75,-6.43,-65.00,45.00,65.00,f0:2f:74:40:a0:c0
1783351108.5,33.75,-6.43,-65.00,45.00,65.00,f0:2f:74:40:a0:c0
1783351111.5,33.75,-6.43,-65.00,45.00,72.20,f0:2f:74:40:a0:c0
1783351114.5,33.75,-6.43,-65.00,45.00,72.20,f0:2f:74:40:a0:c0
1783351117.5,33.75,-6.43,-65.00,45.00,72.20,f0:2f:74:40:a0:c0
1783351120.5,33.75,-6.43,-65.00,45.00,72.20,f0:2f:74:40:a0:c0
1783351123.5,33.75,-6.43,-65.00,45.00,72.20,f0:2f:74:40:a0:c0
1783351126.5,33.75,-6.43,-65.00,45.00,72.20,f0:2f:74:40:a0:c0
1783351129.5,33.75,-6.43,-65.00,45.00,72.20,f0:2f:74:40:a0:c0
1783351132.5,33.75,-6.43,-65.00,45.00,72.20,f0:2f:74:40:a0:c0
1783351135.5,33.75,-6.43,-65.00,45.00,72.20,f0:2f:74:40:a0:c0
1783351138.5,33.75,-6.43,-65.00,45.00,72.20,f0:2f:74:40:a0:c0
1783351141.5,33.75,-6.43,-65.00,45.00,72.20,f0:2f:74:40:a0:c0
1783351144.5,33.75,-6.43,-65.00,45.00,72.20,f0:2f:74:40:a0:c0
1783351147.5,33.75,-6.43,-65.00,45.00,72.20,f0:2f:74:40:a0:c0
1783351150.5,33.75,-6.43,-65.00,45.00,72.20,f0:2f:74:40:a0:c0
1783351153.5,33.75,-6.43,-65.00,45.00,72.20,f0:2f:74:40:a0:c0
1783351156.5,33.75,-6.43,-65.00,45.00,72.20,f0:2f:74:40:a0:c0
1783351159.5,33.75,-6.43,-65.00,45.00,72.20,f0:2f:74:40:a0:c0
1783351162.5,33.75,-6.43,-66.00,44.00,72.20,f0:2f:74:40:a0:c0
1783351165.5,33.75,-6.43,-65.00,45.00,72.20,f0:2f:74:40:a0:c0
1783351168.5,33.75,-6.43,-65.00,45.00,72.20,f0:2f:74:40:a0:c0
1783351171.5,33.75,-6.43,-65.00,45.00,72.20,f0:2f:74:40:a0:c0
1783351174.5,33.75,-6.43,-66.00,44.00,72.20,f0:2f:74:40:a0:c0
1783351177.5,33.75,-6.43,-66.00,44.00,72.20,f0:2f:74:40:a0:c0
1783351180.5,33.75,-6.43,-65.00,45.00,72.20,f0:2f:74:40:a0:c0
1783351183.5,33.75,-6.43,-65.00,45.00,72.20,f0:2f:74:40:a0:c0
1783351186.5,33.75,-6.43,-65.00,45.00,72.20,f0:2f:74:40:a0:c0
1783351189.5,33.75,-6.43,-65.00,45.00,72.20,f0:2f:74:40:a0:c0
1783351192.5,33.75,-6.43,-65.00,45.00,72.20,f0:2f:74:40:a0:c0
1783351195.5,33.75,-6.43,-65.00,45.00,72.20,f0:2f:74:40:a0:c0
1783351198.5,33.75,-6.43,-65.00,45.00,72.20,f0:2f:74:40:a0:c0
1783351201.5,33.75,-6.43,-65.00,45.00,72.20,f0:2f:74:40:a0:c0
1783351204.5,33.75,-6.43,-65.00,45.00,72.20,f0:2f:74:40:a0:c0
1783351207.5,33.75,-6.43,-65.00,45.00,65.00,f0:2f:74:40:a0:c0
1783351210.5,33.75,-6.43,-65.00,45.00,65.00,f0:2f:74:40:a0:c0
1783351213.5,33.75,-6.43,-65.00,45.00,72.20,f0:2f:74:40:a0:c0
1783351216.5,33.75,-6.43,-65.00,45.00,72.20,f0:2f:74:40:a0:c0
1783351219.5,33.75,-6.43,-65.00,45.00,72.20,f0:2f:74:40:a0:c0
1783351222.5,33.75,-6.43,-65.00,45.00,72.20,f0:2f:74:40:a0:c0
1783351225.5,33.75,-6.43,-65.00,45.00,72.20,f0:2f:74:40:a0:c0
1783351228.5,33.75,-6.43,-65.00,45.00,65.00,f0:2f:74:40:a0:c0
1783351231.5,33.75,-6.43,-65.00,45.00,57.70,f0:2f:74:40:a0:c0
1783351234.5,33.75,-6.43,-65.00,45.00,57.70,f0:2f:74:40:a0:c0
1783351237.5,33.75,-6.43,-65.00,45.00,65.00,f0:2f:74:40:a0:c0
1783351240.5,33.75,-6.43,-65.00,45.00,65.00,f0:2f:74:40:a0:c0
1783351243.5,33.75,-6.43,-65.00,45.00,65.00,f0:2f:74:40:a0:c0
1783351246.5,33.75,-6.43,-65.00,45.00,65.00,f0:2f:74:40:a0:c0
1783351249.5,33.75,-6.43,-65.00,45.00,65.00,f0:2f:74:40:a0:c0
1783351252.5,33.75,-6.43,-65.00,45.00,57.70,f0:2f:74:40:a0:c0
1783351255.5,33.75,-6.43,-65.00,45.00,72.20,f0:2f:74:40:a0:c0
1783351258.5,33.75,-6.43,-65.00,45.00,72.20,f0:2f:74:40:a0:c0
1783351261.5,33.75,-6.43,-65.00,45.00,72.20,f0:2f:74:40:a0:c0
1783351264.5,33.75,-6.43,-65.00,45.00,72.20,f0:2f:74:40:a0:c0
1783351267.5,33.75,-6.43,-65.00,45.00,72.20,f0:2f:74:40:a0:c0
1783351270.5,33.75,-6.43,-65.00,45.00,72.20,f0:2f:74:40:a0:c0
1783351273.5,33.75,-6.43,-65.00,45.00,72.20,f0:2f:74:40:a0:c0
1783351276.5,33.75,-6.43,-65.00,45.00,72.20,f0:2f:74:40:a0:c0
1783351279.5,33.75,-6.43,-65.00,45.00,72.20,f0:2f:74:40:a0:c0
1783351282.5,33.75,-6.43,-65.00,45.00,72.20,f0:2f:74:40:a0:c0
1783351285.5,33.75,-6.43,-66.00,44.00,72.20,f0:2f:74:40:a0:c0
1783351288.5,33.75,-6.43,-65.00,45.00,72.20,f0:2f:74:40:a0:c0
1783351291.5,33.75,-6.43,-65.00,45.00,72.20,f0:2f:74:40:a0:c0
1783351294.5,33.75,-6.43,-65.00,45.00,72.20,f0:2f:74:40:a0:c0
1783351297.5,33.75,-6.43,-65.00,45.00,72.20,f0:2f:74:40:a0:c0
1783351300.5,33.75,-6.43,-65.00,45.00,72.20,f0:2f:74:40:a0:c0
1783351303.5,33.75,-6.43,-65.00,45.00,72.20,f0:2f:74:40:a0:c0
1783351306.5,33.75,-6.43,-65.00,45.00,72.20,f0:2f:74:40:a0:c0
1783351309.5,33.75,-6.43,-65.00,45.00,72.20,f0:2f:74:40:a0:c0
1783351312.5,33.75,-6.43,-65.00,45.00,72.20,f0:2f:74:40:a0:c0
1783351315.5,33.75,-6.43,-65.00,45.00,72.20,f0:2f:74:40:a0:c0
1783351318.5,33.75,-6.43,-65.00,45.00,72.20,f0:2f:74:40:a0:c0
1783351321.5,33.75,-6.43,-65.00,45.00,72.20,f0:2f:74:40:a0:c0
1783351324.5,33.75,-6.43,-65.00,45.00,72.20,f0:2f:74:40:a0:c0
1783351327.5,33.75,-6.43,-65.00,45.00,72.20,f0:2f:74:40:a0:c0
1783351330.5,33.75,-6.43,-65.00,45.00,72.20,f0:2f:74:40:a0:c0
1783351333.5,33.75,-6.43,-65.00,45.00,72.20,f0:2f:74:40:a0:c0
1783351336.5,33.75,-6.43,-65.00,45.00,72.20,f0:2f:74:40:a0:c0
1783351339.5,33.75,-6.43,-65.00,45.00,72.20,f0:2f:74:40:a0:c0
1783351342.5,33.75,-6.43,-65.00,45.00,72.20,f0:2f:74:40:a0:c0
1783351345.5,33.75,-6.43,-65.00,45.00,72.20,f0:2f:74:40:a0:c0
1783351348.5,33.75,-6.43,-65.00,45.00,72.20,f0:2f:74:40:a0:c0
1783351351.5,33.75,-6.43,-65.00,45.00,72.20,f0:2f:74:40:a0:c0
1783351354.5,33.75,-6.43,-65.00,45.00,72.20,f0:2f:74:40:a0:c0
1783351357.5,33.75,-6.43,-65.00,45.00,72.20,f0:2f:74:40:a0:c0
1783351360.5,33.75,-6.43,-65.00,45.00,72.20,f0:2f:74:40:a0:c0
1783351363.5,33.75,-6.43,-65.00,45.00,72.20,f0:2f:74:40:a0:c0
1783351366.5,33.75,-6.43,-65.00,45.00,72.20,f0:2f:74:40:a0:c0
1783351369.5,33.75,-6.43,-65.00,45.00,72.20,f0:2f:74:40:a0:c0
1783351372.5,33.75,-6.43,-65.00,45.00,72.20,f0:2f:74:40:a0:c0
1783351375.5,33.75,-6.43,-65.00,45.00,72.20,f0:2f:74:40:a0:c0
1783351378.5,33.75,-6.43,-65.00,45.00,72.20,f0:2f:74:40:a0:c0
1783351381.5,33.75,-6.43,-65.00,45.00,72.20,f0:2f:74:40:a0:c0
1783351384.5,33.75,-6.43,-65.00,45.00,72.20,f0:2f:74:40:a0:c0
1783351387.5,33.75,-6.43,-65.00,45.00,72.20,f0:2f:74:40:a0:c0
1783351390.5,33.75,-6.43,-65.00,45.00,72.20,f0:2f:74:40:a0:c0
1783351393.5,33.75,-6.43,-65.00,45.00,72.20,f0:2f:74:40:a0:c0
1783351396.5,33.75,-6.43,-65.00,45.00,72.20,f0:2f:74:40:a0:c0
1783351399.5,33.75,-6.43,-65.00,45.00,72.20,f0:2f:74:40:a0:c0
1783351402.5,33.75,-6.43,-65.00,45.00,72.20,f0:2f:74:40:a0:c0
1783351405.5,33.75,-6.43,-65.00,45.00,72.20,f0:2f:74:40:a0:c0
1783351408.5,33.75,-6.43,-65.00,45.00,72.20,f0:2f:74:40:a0:c0
1783351411.5,33.75,-6.43,-65.00,45.00,72.20,f0:2f:74:40:a0:c0
1783351414.5,33.75,-6.43,-65.00,45.00,65.00,f0:2f:74:40:a0:c0
1783351417.5,33.75,-6.43,-62.00,48.00,26.00,f0:2f:74:40:a0:c0
1783351420.5,33.75,-6.43,-65.00,45.00,52.00,f0:2f:74:40:a0:c0
1783351423.5,33.75,-6.43,-65.00,45.00,5.50,f0:2f:74:40:a0:c0
1783351426.5,33.75,-6.43,-65.00,45.00,65.00,f0:2f:74:40:a0:c0
1783351429.5,33.75,-6.43,-65.00,45.00,72.20,f0:2f:74:40:a0:c0
1783351432.5,33.75,-6.43,-64.00,46.00,57.70,f0:2f:74:40:a0:c0
1783351435.5,33.75,-6.43,-63.00,47.00,5.50,f0:2f:74:40:a0:c0
1783351438.5,33.75,-6.43,-63.00,47.00,5.50,f0:2f:74:40:a0:c0
1783351441.5,33.75,-6.43,-65.00,45.00,72.20,f0:2f:74:40:a0:c0
1783351444.5,33.75,-6.43,-66.00,44.00,72.20,f0:2f:74:40:a0:c0
1783351447.5,33.75,-6.43,-66.00,44.00,72.20,f0:2f:74:40:a0:c0
1783351450.5,33.75,-6.43,-66.00,44.00,72.20,f0:2f:74:40:a0:c0
1783351453.5,33.75,-6.43,-66.00,44.00,72.20,f0:2f:74:40:a0:c0
1783351456.5,33.75,-6.43,-66.00,44.00,72.20,f0:2f:74:40:a0:c0
1783351459.5,33.75,-6.43,-66.00,44.00,72.20,f0:2f:74:40:a0:c0
1783351462.5,33.75,-6.43,-66.00,44.00,72.20,f0:2f:74:40:a0:c0
1783351465.5,33.75,-6.43,-66.00,44.00,72.20,f0:2f:74:40:a0:c0
1783351468.5,33.75,-6.43,-65.00,45.00,72.20,f0:2f:74:40:a0:c0
1783351471.5,33.75,-6.43,-65.00,45.00,72.20,f0:2f:74:40:a0:c0
1783351474.5,33.75,-6.43,-65.00,45.00,72.20,f0:2f:74:40:a0:c0
1783351477.5,33.75,-6.43,-65.00,45.00,6.50,f0:2f:74:40:a0:c0
1783351480.5,33.75,-6.43,-64.00,46.00,5.50,f0:2f:74:40:a0:c0
1783351483.5,33.75,-6.43,-63.00,47.00,7.20,f0:2f:74:40:a0:c0
1783351486.5,33.75,-6.43,-65.00,45.00,28.80,f0:2f:74:40:a0:c0
1783351489.5,33.75,-6.43,-65.00,45.00,72.20,f0:2f:74:40:a0:c0
1783351492.5,33.75,-6.43,-66.00,44.00,72.20,f0:2f:74:40:a0:c0
1783351495.5,33.75,-6.43,-65.00,45.00,72.20,f0:2f:74:40:a0:c0
1783351498.5,33.75,-6.43,-64.00,46.00,72.20,f0:2f:74:40:a0:c0
1783351501.5,33.75,-6.43,-65.00,45.00,72.20,f0:2f:74:40:a0:c0
1783351504.5,33.75,-6.43,-66.00,44.00,72.20,f0:2f:74:40:a0:c0
1783351507.5,33.75,-6.43,-65.00,45.00,58.50,f0:2f:74:40:a0:c0
1783351510.5,33.75,-6.43,-64.00,46.00,5.50,f0:2f:74:40:a0:c0
1783351513.5,33.75,-6.43,-64.00,46.00,5.50,f0:2f:74:40:a0:c0
1783351516.5,33.75,-6.43,-66.00,44.00,58.50,f0:2f:74:40:a0:c0
1783351519.5,33.75,-6.43,-66.00,44.00,72.20,f0:2f:74:40:a0:c0
1783351522.5,33.75,-6.43,-66.00,44.00,72.20,f0:2f:74:40:a0:c0
1783351525.5,33.75,-6.43,-65.00,45.00,72.20,f0:2f:74:40:a0:c0
1783351528.5,33.75,-6.43,-66.00,44.00,72.20,f0:2f:74:40:a0:c0
1783351531.5,33.75,-6.43,-65.00,45.00,72.20,f0:2f:74:40:a0:c0
1783351534.5,33.75,-6.43,-66.00,44.00,72.20,f0:2f:74:40:a0:c0
1783351537.5,33.75,-6.43,-65.00,45.00,6.50,f0:2f:74:40:a0:c0
1783351540.5,33.75,-6.43,-64.00,46.00,5.50,f0:2f:74:40:a0:c0
1783351543.5,33.75,-6.43,-63.00,47.00,5.50,f0:2f:74:40:a0:c0
1783351546.5,33.75,-6.43,-65.00,45.00,65.00,f0:2f:74:40:a0:c0
1783351549.5,33.75,-6.43,-65.00,45.00,72.20,f0:2f:74:40:a0:c0
1783351552.5,33.75,-6.43,-65.00,45.00,72.20,f0:2f:74:40:a0:c0
1783351555.5,33.75,-6.43,-65.00,45.00,72.20,f0:2f:74:40:a0:c0
1783351558.5,33.75,-6.43,-65.00,45.00,72.20,f0:2f:74:40:a0:c0
1783351561.5,33.75,-6.43,-65.00,45.00,72.20,f0:2f:74:40:a0:c0
1783351564.5,33.75,-6.43,-65.00,45.00,72.20,f0:2f:74:40:a0:c0
1783351567.5,33.75,-6.43,-65.00,45.00,72.20,f0:2f:74:40:a0:c0
1783351570.5,33.75,-6.43,-65.00,45.00,72.20,f0:2f:74:40:a0:c0
1783351573.5,33.75,-6.43,-65.00,45.00,72.20,f0:2f:74:40:a0:c0
1783351576.5,33.75,-6.43,-65.00,45.00,72.20,f0:2f:74:40:a0:c0
1783351579.5,33.75,-6.43,-65.00,45.00,72.20,f0:2f:74:40:a0:c0
1783351582.5,33.75,-6.43,-65.00,45.00,72.20,f0:2f:74:40:a0:c0
1783351585.5,33.75,-6.43,-65.00,45.00,72.20,f0:2f:74:40:a0:c0
1783351588.5,33.75,-6.43,-65.00,45.00,72.20,f0:2f:74:40:a0:c0
1783351591.5,33.75,-6.43,-65.00,45.00,72.20,f0:2f:74:40:a0:c0
1783351594.5,33.75,-6.43,-65.00,45.00,72.20,f0:2f:74:40:a0:c0
1783351597.5,33.75,-6.43,-65.00,45.00,72.20,f0:2f:74:40:a0:c0
1783351600.5,33.75,-6.43,-65.00,45.00,72.20,f0:2f:74:40:a0:c0
1783351603.5,33.75,-6.43,-65.00,45.00,72.20,f0:2f:74:40:a0:c0
1783351606.5,33.75,-6.43,-65.00,45.00,72.20,f0:2f:74:40:a0:c0
1783351609.5,33.75,-6.43,-65.00,45.00,72.20,f0:2f:74:40:a0:c0
1783351612.5,33.75,-6.43,-66.00,44.00,72.20,f0:2f:74:40:a0:c0
1783351615.5,33.75,-6.43,-65.00,45.00,72.20,f0:2f:74:40:a0:c0
1783351618.5,33.75,-6.43,-65.00,45.00,72.20,f0:2f:74:40:a0:c0
1783351621.5,33.75,-6.43,-65.00,45.00,72.20,f0:2f:74:40:a0:c0
1783351624.5,33.75,-6.43,-65.00,45.00,72.20,f0:2f:74:40:a0:c0
1783351627.5,33.75,-6.43,-65.00,45.00,72.20,f0:2f:74:40:a0:c0
1783351630.5,33.75,-6.43,-66.00,44.00,72.20,f0:2f:74:40:a0:c0
1783351633.5,33.75,-6.43,-65.00,45.00,72.20,f0:2f:74:40:a0:c0
1783351636.5,33.75,-6.43,-65.00,45.00,72.20,f0:2f:74:40:a0:c0
1783351639.5,33.75,-6.43,-65.00,45.00,72.20,f0:2f:74:40:a0:c0
1783351642.5,33.75,-6.43,-65.00,45.00,72.20,f0:2f:74:40:a0:c0
1783351645.5,33.75,-6.43,-65.00,45.00,72.20,f0:2f:74:40:a0:c0
1783351648.5,33.75,-6.43,-65.00,45.00,72.20,f0:2f:74:40:a0:c0
1783351651.5,33.75,-6.43,-65.00,45.00,72.20,f0:2f:74:40:a0:c0
1783351654.5,33.75,-6.43,-65.00,45.00,72.20,f0:2f:74:40:a0:c0
1783351657.5,33.75,-6.43,-65.00,45.00,72.20,f0:2f:74:40:a0:c0
1783351660.5,33.75,-6.43,-65.00,45.00,72.20,f0:2f:74:40:a0:c0
1783351663.5,33.75,-6.43,-65.00,45.00,72.20,f0:2f:74:40:a0:c0
1783351666.5,33.75,-6.43,-65.00,45.00,72.20,f0:2f:74:40:a0:c0
1783351669.5,33.75,-6.43,-65.00,45.00,72.20,f0:2f:74:40:a0:c0
1783351672.5,33.75,-6.43,-65.00,45.00,72.20,f0:2f:74:40:a0:c0
1783351675.5,33.75,-6.43,-65.00,45.00,72.20,f0:2f:74:40:a0:c0
1783351678.5,33.75,-6.43,-65.00,45.00,72.20,f0:2f:74:40:a0:c0
1783351681.5,33.75,-6.43,-65.00,45.00,72.20,f0:2f:74:40:a0:c0
1783351684.5,33.75,-6.43,-65.00,45.00,72.20,f0:2f:74:40:a0:c0
1783351687.5,33.75,-6.43,-65.00,45.00,72.20,f0:2f:74:40:a0:c0
1783351690.5,33.75,-6.43,-65.00,45.00,72.20,f0:2f:74:40:a0:c0
1783351693.5,33.75,-6.43,-65.00,45.00,72.20,f0:2f:74:40:a0:c0
1783351696.5,33.75,-6.43,-65.00,45.00,72.20,f0:2f:74:40:a0:c0
1783351699.5,33.75,-6.43,-65.00,45.00,72.20,f0:2f:74:40:a0:c0
1783351702.5,33.75,-6.43,-65.00,45.00,72.20,f0:2f:74:40:a0:c0
1783351705.5,33.75,-6.43,-65.00,45.00,72.20,f0:2f:74:40:a0:c0
1783351708.5,33.75,-6.43,-65.00,45.00,72.20,f0:2f:74:40:a0:c0
1783351711.5,33.75,-6.43,-65.00,45.00,72.20,f0:2f:74:40:a0:c0
1783351714.5,33.75,-6.43,-65.00,45.00,72.20,f0:2f:74:40:a0:c0
1783351717.5,33.75,-6.43,-65.00,45.00,72.20,f0:2f:74:40:a0:c0
1783351720.5,33.75,-6.43,-65.00,45.00,72.20,f0:2f:74:40:a0:c0
1783351723.5,33.75,-6.43,-64.00,46.00,72.20,f0:2f:74:40:a0:c0
1783351726.5,33.75,-6.43,-65.00,45.00,72.20,f0:2f:74:40:a0:c0
1783351729.5,33.75,-6.43,-65.00,45.00,72.20,f0:2f:74:40:a0:c0
1783351732.5,33.75,-6.43,-65.00,45.00,72.20,f0:2f:74:40:a0:c0
1783351735.5,33.75,-6.43,-65.00,45.00,72.20,f0:2f:74:40:a0:c0
1783351738.5,33.75,-6.43,-65.00,45.00,72.20,f0:2f:74:40:a0:c0
1783351741.5,33.75,-6.43,-65.00,45.00,72.20,f0:2f:74:40:a0:c0
1783351744.5,33.75,-6.43,-65.00,45.00,72.20,f0:2f:74:40:a0:c0
1783351747.5,33.75,-6.43,-65.00,45.00,72.20,f0:2f:74:40:a0:c0
1783351750.5,33.75,-6.43,-65.00,45.00,72.20,f0:2f:74:40:a0:c0
1783351753.5,33.75,-6.43,-65.00,45.00,72.20,f0:2f:74:40:a0:c0
1783351756.5,33.75,-6.43,-66.00,44.00,72.20,f0:2f:74:40:a0:c0
1783351759.5,33.75,-6.43,-66.00,44.00,72.20,f0:2f:74:40:a0:c0
1783351762.5,33.75,-6.43,-65.00,45.00,72.20,f0:2f:74:40:a0:c0
1783351765.5,33.75,-6.43,-65.00,45.00,72.20,f0:2f:74:40:a0:c0
1783351768.5,33.75,-6.43,-65.00,45.00,72.20,f0:2f:74:40:a0:c0
1783351771.5,33.75,-6.43,-65.00,45.00,72.20,f0:2f:74:40:a0:c0
1783351774.5,33.75,-6.43,-65.00,45.00,72.20,f0:2f:74:40:a0:c0
1783351777.5,33.75,-6.43,-65.00,45.00,72.20,f0:2f:74:40:a0:c0
1783351780.5,33.75,-6.43,-65.00,45.00,72.20,f0:2f:74:40:a0:c0
1783351783.5,33.75,-6.43,-65.00,45.00,72.20,f0:2f:74:40:a0:c0
1783351786.5,33.75,-6.43,-65.00,45.00,72.20,f0:2f:74:40:a0:c0
1783351789.5,33.75,-6.43,-65.00,45.00,72.20,f0:2f:74:40:a0:c0
1783351792.5,33.75,-6.43,-65.00,45.00,72.20,f0:2f:74:40:a0:c0
1783351795.5,33.75,-6.43,-65.00,45.00,72.20,f0:2f:74:40:a0:c0
1783351798.5,33.75,-6.43,-65.00,45.00,72.20,f0:2f:74:40:a0:c0
1783351801.5,33.75,-6.43,-65.00,45.00,72.20,f0:2f:74:40:a0:c0
1783351804.5,33.75,-6.43,-65.00,45.00,72.20,f0:2f:74:40:a0:c0
1783351807.5,33.75,-6.43,-65.00,45.00,72.20,f0:2f:74:40:a0:c0
1783351810.5,33.75,-6.43,-65.00,45.00,72.20,f0:2f:74:40:a0:c0
1783351813.5,33.75,-6.43,-65.00,45.00,72.20,f0:2f:74:40:a0:c0
1783351816.5,33.75,-6.43,-65.00,45.00,72.20,f0:2f:74:40:a0:c0
1783351819.5,33.75,-6.43,-65.00,45.00,65.00,f0:2f:74:40:a0:c0
1783351822.5,33.75,-6.43,-65.00,45.00,72.20,f0:2f:74:40:a0:c0
1783351825.5,33.75,-6.43,-65.00,45.00,72.20,f0:2f:74:40:a0:c0
1783351828.5,33.75,-6.43,-65.00,45.00,72.20,f0:2f:74:40:a0:c0
1783351831.5,33.75,-6.43,-65.00,45.00,72.20,f0:2f:74:40:a0:c0
1783351834.5,33.75,-6.43,-65.00,45.00,72.20,f0:2f:74:40:a0:c0
1783351837.5,33.75,-6.43,-65.00,45.00,26.00,f0:2f:74:40:a0:c0
1783351840.5,33.75,-6.43,-65.00,45.00,65.00,f0:2f:74:40:a0:c0
1783351843.5,33.75,-6.43,-65.00,45.00,28.80,f0:2f:74:40:a0:c0
1783351846.5,33.75,-6.43,-65.00,45.00,72.20,f0:2f:74:40:a0:c0
1783351849.5,33.75,-6.43,-65.00,45.00,72.20,f0:2f:74:40:a0:c0
1783351852.5,33.75,-6.43,-65.00,45.00,72.20,f0:2f:74:40:a0:c0
1783351855.5,33.75,-6.43,-65.00,45.00,72.20,f0:2f:74:40:a0:c0
1783351858.5,33.75,-6.43,-65.00,45.00,72.20,f0:2f:74:40:a0:c0
1783351861.5,33.75,-6.43,-65.00,45.00,72.20,f0:2f:74:40:a0:c0
1783351864.5,33.75,-6.43,-65.00,45.00,72.20,f0:2f:74:40:a0:c0
1783351867.5,33.75,-6.43,-65.00,45.00,72.20,f0:2f:74:40:a0:c0
1783351870.5,33.75,-6.43,-63.00,47.00,5.50,f0:2f:74:40:a0:c0
1783351873.5,33.75,-6.43,-65.00,45.00,5.50,f0:2f:74:40:a0:c0
1783351876.5,33.75,-6.43,-65.00,45.00,13.00,f0:2f:74:40:a0:c0
1783351879.5,33.75,-6.43,-65.00,45.00,72.20,f0:2f:74:40:a0:c0
1783351882.5,33.75,-6.43,-65.00,45.00,72.20,f0:2f:74:40:a0:c0
1783351885.5,33.75,-6.43,-65.00,45.00,72.20,f0:2f:74:40:a0:c0
1783351888.5,33.75,-6.43,-65.00,45.00,72.20,f0:2f:74:40:a0:c0
1783351891.5,33.75,-6.43,-65.00,45.00,72.20,f0:2f:74:40:a0:c0
1783351894.5,33.75,-6.43,-65.00,45.00,72.20,f0:2f:74:40:a0:c0
1783351897.5,33.75,-6.43,-65.00,45.00,52.00,f0:2f:74:40:a0:c0
1783351900.5,33.75,-6.43,-65.00,45.00,13.00,f0:2f:74:40:a0:c0
1783351903.5,33.75,-6.43,-65.00,45.00,21.60,f0:2f:74:40:a0:c0
1783351906.5,33.75,-6.43,-65.00,45.00,72.20,f0:2f:74:40:a0:c0
1783351909.5,33.75,-6.43,-65.00,45.00,72.20,f0:2f:74:40:a0:c0
1783351912.5,33.75,-6.43,-65.00,45.00,72.20,f0:2f:74:40:a0:c0
1783351915.5,33.75,-6.43,-65.00,45.00,72.20,f0:2f:74:40:a0:c0
1783351918.5,33.75,-6.43,-65.00,45.00,72.20,f0:2f:74:40:a0:c0
1783351921.5,33.75,-6.43,-65.00,45.00,72.20,f0:2f:74:40:a0:c0
1783351924.5,33.75,-6.43,-65.00,45.00,72.20,f0:2f:74:40:a0:c0
1783351927.5,33.75,-6.43,-65.00,45.00,72.20,f0:2f:74:40:a0:c0
1783351930.5,33.75,-6.43,-65.00,45.00,72.20,f0:2f:74:40:a0:c0
1783351933.5,33.75,-6.43,-66.00,44.00,72.20,f0:2f:74:40:a0:c0
1783351936.5,33.75,-6.43,-66.00,44.00,72.20,f0:2f:74:40:a0:c0
1783351939.5,33.75,-6.43,-67.00,43.00,72.20,f0:2f:74:40:a0:c0
1783351942.5,33.75,-6.43,-65.00,45.00,72.20,f0:2f:74:40:a0:c0
1783351945.5,33.75,-6.43,-65.00,45.00,72.20,f0:2f:74:40:a0:c0
1783351948.5,33.75,-6.43,-66.00,44.00,72.20,f0:2f:74:40:a0:c0
1783351951.5,33.75,-6.43,-66.00,44.00,72.20,f0:2f:74:40:a0:c0
1783351954.5,33.75,-6.43,-66.00,44.00,72.20,f0:2f:74:40:a0:c0
1783351957.5,33.75,-6.43,-67.00,43.00,58.50,f0:2f:74:40:a0:c0
1783351960.5,33.75,-6.43,-68.00,42.00,5.50,f0:2f:74:40:a0:c0
1783351963.5,33.75,-6.43,-69.00,41.00,5.50,f0:2f:74:40:a0:c0
1783351966.5,33.75,-6.43,-65.00,45.00,14.40,f0:2f:74:40:a0:c0
1783351969.5,33.75,-6.43,-65.00,45.00,72.20,f0:2f:74:40:a0:c0
1783351972.5,33.75,-6.43,-66.00,44.00,72.20,f0:2f:74:40:a0:c0
1783351975.5,33.75,-6.43,-66.00,44.00,72.20,f0:2f:74:40:a0:c0
1783351978.5,33.75,-6.43,-66.00,44.00,72.20,f0:2f:74:40:a0:c0
1783351981.5,33.75,-6.43,-66.00,44.00,72.20,f0:2f:74:40:a0:c0
1783351984.5,33.75,-6.43,-66.00,44.00,72.20,f0:2f:74:40:a0:c0
1783351987.5,33.75,-6.43,-66.00,44.00,72.20,f0:2f:74:40:a0:c0
1783351990.5,33.75,-6.43,-66.00,44.00,72.20,f0:2f:74:40:a0:c0
1783351993.5,33.75,-6.43,-66.00,44.00,72.20,f0:2f:74:40:a0:c0
1783351996.5,33.75,-6.43,-66.00,44.00,72.20,f0:2f:74:40:a0:c0
1783351999.5,33.75,-6.43,-65.00,45.00,72.20,f0:2f:74:40:a0:c0
1783352002.5,33.75,-6.43,-67.00,43.00,72.20,f0:2f:74:40:a0:c0
1783352005.5,33.75,-6.43,-66.00,44.00,72.20,f0:2f:74:40:a0:c0
1783352008.5,33.75,-6.43,-66.00,44.00,72.20,f0:2f:74:40:a0:c0
1783352011.5,33.75,-6.43,-66.00,44.00,72.20,f0:2f:74:40:a0:c0
1783352014.5,33.75,-6.43,-66.00,44.00,72.20,f0:2f:74:40:a0:c0
1783352017.5,33.75,-6.43,-65.00,45.00,72.20,f0:2f:74:40:a0:c0
1783352020.5,33.75,-6.43,-66.00,44.00,72.20,f0:2f:74:40:a0:c0
1783352023.5,33.75,-6.43,-65.00,45.00,72.20,f0:2f:74:40:a0:c0
1783352026.5,33.75,-6.43,-66.00,44.00,72.20,f0:2f:74:40:a0:c0
1783352029.5,33.75,-6.43,-66.00,44.00,72.20,f0:2f:74:40:a0:c0
1783352032.5,33.75,-6.43,-65.00,45.00,72.20,f0:2f:74:40:a0:c0
1783352035.5,33.75,-6.43,-66.00,44.00,72.20,f0:2f:74:40:a0:c0
1783352038.5,33.75,-6.43,-66.00,44.00,72.20,f0:2f:74:40:a0:c0
1783352041.5,33.75,-6.43,-65.00,45.00,72.20,f0:2f:74:40:a0:c0
1783352044.5,33.75,-6.43,-65.00,45.00,72.20,f0:2f:74:40:a0:c0
1783352047.5,33.75,-6.43,-66.00,44.00,72.20,f0:2f:74:40:a0:c0
1783352050.5,33.75,-6.43,-66.00,44.00,72.20,f0:2f:74:40:a0:c0
1783352053.5,33.75,-6.43,-66.00,44.00,72.20,f0:2f:74:40:a0:c0
1783352056.5,33.75,-6.43,-66.00,44.00,72.20,f0:2f:74:40:a0:c0
1783352059.5,33.75,-6.43,-66.00,44.00,72.20,f0:2f:74:40:a0:c0
1783352062.5,33.75,-6.43,-66.00,44.00,72.20,f0:2f:74:40:a0:c0
1783352065.5,33.75,-6.43,-65.00,45.00,72.20,f0:2f:74:40:a0:c0
1783352068.5,33.75,-6.43,-66.00,44.00,72.20,f0:2f:74:40:a0:c0
1783352071.5,33.75,-6.43,-66.00,44.00,72.20,f0:2f:74:40:a0:c0
1783352074.5,33.75,-6.43,-65.00,45.00,72.20,f0:2f:74:40:a0:c0
1783352077.5,33.75,-6.43,-66.00,44.00,72.20,f0:2f:74:40:a0:c0
1783352080.5,33.75,-6.43,-65.00,45.00,72.20,f0:2f:74:40:a0:c0
1783352083.5,33.75,-6.43,-66.00,44.00,72.20,f0:2f:74:40:a0:c0
1783352086.5,33.75,-6.43,-66.00,44.00,72.20,f0:2f:74:40:a0:c0
1783352089.5,33.75,-6.43,-66.00,44.00,72.20,f0:2f:74:40:a0:c0
1783352092.5,33.75,-6.43,-66.00,44.00,72.20,f0:2f:74:40:a0:c0
1783352095.5,33.75,-6.43,-66.00,44.00,72.20,f0:2f:74:40:a0:c0
1783352098.5,33.75,-6.43,-66.00,44.00,72.20,f0:2f:74:40:a0:c0
1783352101.5,33.75,-6.43,-65.00,45.00,72.20,f0:2f:74:40:a0:c0
1783352104.5,33.75,-6.43,-65.00,45.00,72.20,f0:2f:74:40:a0:c0
1783352107.5,33.75,-6.43,-65.00,45.00,72.20,f0:2f:74:40:a0:c0
1783352110.5,33.75,-6.43,-66.00,44.00,72.20,f0:2f:74:40:a0:c0
1783352113.5,33.75,-6.43,-66.00,44.00,72.20,f0:2f:74:40:a0:c0
1783352116.5,33.75,-6.43,-66.00,44.00,72.20,f0:2f:74:40:a0:c0
1783352119.5,33.75,-6.43,-65.00,45.00,72.20,f0:2f:74:40:a0:c0
1783352122.5,33.75,-6.43,-66.00,44.00,72.20,f0:2f:74:40:a0:c0
1783352125.5,33.75,-6.43,-66.00,44.00,72.20,f0:2f:74:40:a0:c0
1783352128.5,33.75,-6.43,-66.00,44.00,72.20,f0:2f:74:40:a0:c0
1783352131.5,33.75,-6.43,-66.00,44.00,72.20,f0:2f:74:40:a0:c0
1783352134.5,33.75,-6.43,-66.00,44.00,72.20,f0:2f:74:40:a0:c0
1783352137.5,33.75,-6.43,-66.00,44.00,72.20,f0:2f:74:40:a0:c0
1783352140.5,33.75,-6.43,-66.00,44.00,72.20,f0:2f:74:40:a0:c0
1783352143.5,33.75,-6.43,-66.00,44.00,72.20,f0:2f:74:40:a0:c0
1783352146.5,33.75,-6.43,-66.00,44.00,72.20,f0:2f:74:40:a0:c0
1783352149.5,33.75,-6.43,-65.00,45.00,72.20,f0:2f:74:40:a0:c0
1783352152.5,33.75,-6.43,-66.00,44.00,72.20,f0:2f:74:40:a0:c0
1783352155.5,33.75,-6.43,-66.00,44.00,72.20,f0:2f:74:40:a0:c0
1783352158.5,33.75,-6.43,-66.00,44.00,72.20,f0:2f:74:40:a0:c0
1783352161.5,33.75,-6.43,-65.00,45.00,72.20,f0:2f:74:40:a0:c0
1783352164.5,33.75,-6.43,-65.00,45.00,72.20,f0:2f:74:40:a0:c0
1783352167.5,33.75,-6.43,-65.00,45.00,72.20,f0:2f:74:40:a0:c0
1783352170.5,33.75,-6.43,-65.00,45.00,72.20,f0:2f:74:40:a0:c0
1783352173.5,33.75,-6.43,-65.00,45.00,72.20,f0:2f:74:40:a0:c0
1783352176.5,33.75,-6.43,-65.00,45.00,72.20,f0:2f:74:40:a0:c0
1783352179.5,33.75,-6.43,-65.00,45.00,72.20,f0:2f:74:40:a0:c0
1783352182.5,33.75,-6.43,-65.00,45.00,72.20,f0:2f:74:40:a0:c0
1783352185.5,33.75,-6.43,-65.00,45.00,72.20,f0:2f:74:40:a0:c0
1783352188.5,33.75,-6.43,-65.00,45.00,72.20,f0:2f:74:40:a0:c0
1783352191.5,33.75,-6.43,-65.00,45.00,72.20,f0:2f:74:40:a0:c0
1783352194.5,33.75,-6.43,-65.00,45.00,72.20,f0:2f:74:40:a0:c0
1783352197.5,33.75,-6.43,-65.00,45.00,72.20,f0:2f:74:40:a0:c0
1783352200.5,33.75,-6.43,-66.00,44.00,72.20,f0:2f:74:40:a0:c0
1783352203.5,33.75,-6.43,-65.00,45.00,72.20,f0:2f:74:40:a0:c0
1783352206.5,33.75,-6.43,-65.00,45.00,72.20,f0:2f:74:40:a0:c0
1783352209.5,33.75,-6.43,-66.00,44.00,72.20,f0:2f:74:40:a0:c0
1783352212.5,33.75,-6.43,-66.00,44.00,72.20,f0:2f:74:40:a0:c0
1783352215.5,33.75,-6.43,-66.00,44.00,72.20,f0:2f:74:40:a0:c0
1783352218.5,33.75,-6.43,-66.00,44.00,72.20,f0:2f:74:40:a0:c0
1783352221.5,33.75,-6.43,-66.00,44.00,72.20,f0:2f:74:40:a0:c0
1783352224.5,33.75,-6.43,-66.00,44.00,72.20,f0:2f:74:40:a0:c0
1783352227.5,33.75,-6.43,-66.00,44.00,72.20,f0:2f:74:40:a0:c0
1783352230.5,33.75,-6.43,-66.00,44.00,72.20,f0:2f:74:40:a0:c0
1783352233.5,33.75,-6.43,-66.00,44.00,72.20,f0:2f:74:40:a0:c0
1783352236.5,33.75,-6.43,-66.00,44.00,72.20,f0:2f:74:40:a0:c0
1783352239.5,33.75,-6.43,-66.00,44.00,72.20,f0:2f:74:40:a0:c0
1783352242.5,33.75,-6.43,-65.00,45.00,72.20,f0:2f:74:40:a0:c0
1783352245.5,33.75,-6.43,-66.00,44.00,72.20,f0:2f:74:40:a0:c0
1783352248.5,33.75,-6.43,-65.00,45.00,72.20,f0:2f:74:40:a0:c0
1783352251.5,33.75,-6.43,-66.00,44.00,72.20,f0:2f:74:40:a0:c0
1783352254.5,33.75,-6.43,-66.00,44.00,72.20,f0:2f:74:40:a0:c0
1783352257.5,33.75,-6.43,-65.00,45.00,65.00,f0:2f:74:40:a0:c0
1783352260.5,33.75,-6.43,-66.00,44.00,65.00,f0:2f:74:40:a0:c0
1783352263.5,33.75,-6.43,-66.00,44.00,72.20,f0:2f:74:40:a0:c0
1783352266.5,33.75,-6.43,-65.00,45.00,72.20,f0:2f:74:40:a0:c0
1783352269.5,33.75,-6.43,-66.00,44.00,72.20,f0:2f:74:40:a0:c0
1783352272.5,33.75,-6.43,-65.00,45.00,72.20,f0:2f:74:40:a0:c0
1783352275.5,33.75,-6.43,-65.00,45.00,72.20,f0:2f:74:40:a0:c0
1783352278.5,33.75,-6.43,-65.00,45.00,72.20,f0:2f:74:40:a0:c0
1783352281.5,33.75,-6.43,-66.00,44.00,72.20,f0:2f:74:40:a0:c0
1783352284.5,33.75,-6.43,-66.00,44.00,72.20,f0:2f:74:40:a0:c0
1783352287.5,33.75,-6.43,-66.00,44.00,72.20,f0:2f:74:40:a0:c0
1783352290.5,33.75,-6.43,-65.00,45.00,72.20,f0:2f:74:40:a0:c0
1783352293.5,33.75,-6.43,-66.00,44.00,72.20,f0:2f:74:40:a0:c0
1783352296.5,33.75,-6.43,-65.00,45.00,72.20,f0:2f:74:40:a0:c0
1783352299.5,33.75,-6.43,-66.00,44.00,72.20,f0:2f:74:40:a0:c0
1783352302.5,33.75,-6.43,-66.00,44.00,72.20,f0:2f:74:40:a0:c0
1783352305.5,33.75,-6.43,-66.00,44.00,72.20,f0:2f:74:40:a0:c0
1783352308.5,33.75,-6.43,-65.00,45.00,72.20,f0:2f:74:40:a0:c0
1783352311.5,33.75,-6.43,-66.00,44.00,72.20,f0:2f:74:40:a0:c0
1783352314.5,33.75,-6.43,-66.00,44.00,72.20,f0:2f:74:40:a0:c0
1783352317.5,33.75,-6.43,-65.00,45.00,72.20,f0:2f:74:40:a0:c0
1783352320.5,33.75,-6.43,-68.00,42.00,72.20,f0:2f:74:40:a0:c0
1783352323.5,33.75,-6.43,-66.00,44.00,72.20,f0:2f:74:40:a0:c0
1783352326.5,33.75,-6.43,-66.00,44.00,72.20,f0:2f:74:40:a0:c0
1783352329.5,33.75,-6.43,-67.00,43.00,72.20,f0:2f:74:40:a0:c0
1783352332.5,33.75,-6.43,-66.00,44.00,72.20,f0:2f:74:40:a0:c0
1783352335.5,33.75,-6.43,-66.00,44.00,72.20,f0:2f:74:40:a0:c0
1783352338.5,33.75,-6.43,-66.00,44.00,72.20,f0:2f:74:40:a0:c0
1783352341.5,33.75,-6.43,-66.00,44.00,72.20,f0:2f:74:40:a0:c0
1783352344.5,33.75,-6.43,-65.00,45.00,72.20,f0:2f:74:40:a0:c0
1783352347.5,33.75,-6.43,-65.00,45.00,72.20,f0:2f:74:40:a0:c0
1783352350.5,33.75,-6.43,-66.00,44.00,72.20,f0:2f:74:40:a0:c0
1783352353.5,33.75,-6.43,-66.00,44.00,72.20,f0:2f:74:40:a0:c0
1783352356.5,33.75,-6.43,-66.00,44.00,72.20,f0:2f:74:40:a0:c0
1783352359.5,33.75,-6.43,-66.00,44.00,72.20,f0:2f:74:40:a0:c0
1783352362.5,33.75,-6.43,-65.00,45.00,72.20,f0:2f:74:40:a0:c0
1783352365.5,33.75,-6.43,-66.00,44.00,72.20,f0:2f:74:40:a0:c0
1783352368.5,33.75,-6.43,-65.00,45.00,72.20,f0:2f:74:40:a0:c0
1783352371.5,33.75,-6.43,-65.00,45.00,72.20,f0:2f:74:40:a0:c0
1783352374.5,33.75,-6.43,-66.00,44.00,72.20,f0:2f:74:40:a0:c0
1783352377.5,33.75,-6.43,-65.00,45.00,72.20,f0:2f:74:40:a0:c0
1783352380.5,33.75,-6.43,-66.00,44.00,72.20,f0:2f:74:40:a0:c0
1783352383.5,33.75,-6.43,-66.00,44.00,72.20,f0:2f:74:40:a0:c0
1783352386.5,33.75,-6.43,-66.00,44.00,72.20,f0:2f:74:40:a0:c0
1783352389.5,33.75,-6.43,-66.00,44.00,72.20,f0:2f:74:40:a0:c0
1783352392.5,33.75,-6.43,-66.00,44.00,72.20,f0:2f:74:40:a0:c0
1783352395.5,33.75,-6.43,-66.00,44.00,72.20,f0:2f:74:40:a0:c0
1783352398.5,33.75,-6.43,-66.00,44.00,72.20,f0:2f:74:40:a0:c0
1783352401.5,33.75,-6.43,-66.00,44.00,72.20,f0:2f:74:40:a0:c0
1783352404.5,33.75,-6.43,-66.00,44.00,72.20,f0:2f:74:40:a0:c0
1783352407.5,33.75,-6.43,-66.00,44.00,72.20,f0:2f:74:40:a0:c0
1783352410.5,33.75,-6.43,-66.00,44.00,72.20,f0:2f:74:40:a0:c0
1783352413.5,33.75,-6.43,-66.00,44.00,72.20,f0:2f:74:40:a0:c0
1783352416.5,33.75,-6.43,-66.00,44.00,72.20,f0:2f:74:40:a0:c0
1783352419.5,33.75,-6.43,-66.00,44.00,72.20,f0:2f:74:40:a0:c0
1783352422.5,33.75,-6.43,-66.00,44.00,72.20,f0:2f:74:40:a0:c0
1783352425.5,33.75,-6.43,-66.00,44.00,72.20,f0:2f:74:40:a0:c0
1783352428.5,33.75,-6.43,-66.00,44.00,72.20,f0:2f:74:40:a0:c0
1783352431.5,33.75,-6.43,-66.00,44.00,72.20,f0:2f:74:40:a0:c0
1783352434.5,33.75,-6.43,-65.00,45.00,72.20,f0:2f:74:40:a0:c0
1783352437.5,33.75,-6.43,-65.00,45.00,72.20,f0:2f:74:40:a0:c0
1783352440.5,33.75,-6.43,-66.00,44.00,72.20,f0:2f:74:40:a0:c0
1783352443.5,33.75,-6.43,-66.00,44.00,72.20,f0:2f:74:40:a0:c0
1783352446.5,33.75,-6.43,-66.00,44.00,72.20,f0:2f:74:40:a0:c0
1783352449.5,33.75,-6.43,-66.00,44.00,72.20,f0:2f:74:40:a0:c0
1783352452.5,33.75,-6.43,-66.00,44.00,72.20,f0:2f:74:40:a0:c0
1783352455.5,33.75,-6.43,-65.00,45.00,72.20,f0:2f:74:40:a0:c0
1783352458.5,33.75,-6.43,-65.00,45.00,72.20,f0:2f:74:40:a0:c0
1783352461.5,33.75,-6.43,-66.00,44.00,72.20,f0:2f:74:40:a0:c0
1783352464.5,33.75,-6.43,-66.00,44.00,72.20,f0:2f:74:40:a0:c0
1783352467.5,33.75,-6.43,-66.00,44.00,72.20,f0:2f:74:40:a0:c0
1783352470.5,33.75,-6.43,-66.00,44.00,72.20,f0:2f:74:40:a0:c0
1783352473.5,33.75,-6.43,-66.00,44.00,72.20,f0:2f:74:40:a0:c0
1783352476.5,33.75,-6.43,-66.00,44.00,72.20,f0:2f:74:40:a0:c0
1783352479.5,33.75,-6.43,-66.00,44.00,72.20,f0:2f:74:40:a0:c0
1783352482.5,33.75,-6.43,-66.00,44.00,72.20,f0:2f:74:40:a0:c0
1783352485.5,33.75,-6.43,-66.00,44.00,72.20,f0:2f:74:40:a0:c0
1783352488.5,33.75,-6.43,-66.00,44.00,72.20,f0:2f:74:40:a0:c0
1783352491.5,33.75,-6.43,-66.00,44.00,72.20,f0:2f:74:40:a0:c0
1783352494.5,33.75,-6.43,-66.00,44.00,72.20,f0:2f:74:40:a0:c0
1783352497.5,33.75,-6.43,-66.00,44.00,72.20,f0:2f:74:40:a0:c0
1783352500.5,33.75,-6.43,-66.00,44.00,72.20,f0:2f:74:40:a0:c0
1783352503.5,33.75,-6.43,-66.00,44.00,72.20,f0:2f:74:40:a0:c0
1783352506.5,33.75,-6.43,-66.00,44.00,72.20,f0:2f:74:40:a0:c0
1783352509.5,33.75,-6.43,-65.00,45.00,72.20,f0:2f:74:40:a0:c0
1783352512.5,33.75,-6.43,-65.00,45.00,72.20,f0:2f:74:40:a0:c0
1783352515.5,33.75,-6.43,-66.00,44.00,72.20,f0:2f:74:40:a0:c0
1783352518.5,33.75,-6.43,-66.00,44.00,72.20,f0:2f:74:40:a0:c0
1783352521.5,33.75,-6.43,-66.00,44.00,72.20,f0:2f:74:40:a0:c0
1783352524.5,33.75,-6.43,-66.00,44.00,72.20,f0:2f:74:40:a0:c0
1783352527.5,33.75,-6.43,-66.00,44.00,72.20,f0:2f:74:40:a0:c0
1783352530.5,33.75,-6.43,-66.00,44.00,72.20,f0:2f:74:40:a0:c0
1783352533.5,33.75,-6.43,-66.00,44.00,72.20,f0:2f:74:40:a0:c0
1783352536.5,33.75,-6.43,-66.00,44.00,72.20,f0:2f:74:40:a0:c0
1783352539.5,33.75,-6.43,-66.00,44.00,72.20,f0:2f:74:40:a0:c0
1783352542.5,33.75,-6.43,-66.00,44.00,72.20,f0:2f:74:40:a0:c0
1783352545.5,33.75,-6.43,-66.00,44.00,72.20,f0:2f:74:40:a0:c0
1783352548.5,33.75,-6.43,-66.00,44.00,72.20,f0:2f:74:40:a0:c0
1783352551.5,33.75,-6.43,-66.00,44.00,72.20,f0:2f:74:40:a0:c0
1783352554.5,33.75,-6.43,-66.00,44.00,72.20,f0:2f:74:40:a0:c0
1783352557.5,33.75,-6.43,-66.00,44.00,72.20,f0:2f:74:40:a0:c0
1783352560.5,33.75,-6.43,-66.00,44.00,72.20,f0:2f:74:40:a0:c0
1783352563.5,33.75,-6.43,-66.00,44.00,72.20,f0:2f:74:40:a0:c0
1783352566.5,33.75,-6.43,-66.00,44.00,72.20,f0:2f:74:40:a0:c0
1783352569.5,33.75,-6.43,-66.00,44.00,72.20,f0:2f:74:40:a0:c0
1783352572.5,33.75,-6.43,-66.00,44.00,72.20,f0:2f:74:40:a0:c0
1783352575.5,33.75,-6.43,-66.00,44.00,72.20,f0:2f:74:40:a0:c0
1783352578.5,33.75,-6.43,-66.00,44.00,72.20,f0:2f:74:40:a0:c0
1783352581.5,33.75,-6.43,-66.00,44.00,72.20,f0:2f:74:40:a0:c0
1783352584.5,33.75,-6.43,-66.00,44.00,72.20,f0:2f:74:40:a0:c0
1783352587.5,33.75,-6.43,-66.00,44.00,72.20,f0:2f:74:40:a0:c0
1783352590.5,33.75,-6.43,-66.00,44.00,72.20,f0:2f:74:40:a0:c0
1783352593.5,33.75,-6.43,-66.00,44.00,72.20,f0:2f:74:40:a0:c0
1783352596.5,33.75,-6.43,-66.00,44.00,72.20,f0:2f:74:40:a0:c0
1783352599.5,33.75,-6.43,-66.00,44.00,72.20,f0:2f:74:40:a0:c0
1783352602.5,33.75,-6.43,-66.00,44.00,72.20,f0:2f:74:40:a0:c0
1783352605.5,33.75,-6.43,-66.00,44.00,72.20,f0:2f:74:40:a0:c0
1783352608.5,33.75,-6.43,-66.00,44.00,72.20,f0:2f:74:40:a0:c0
1783352611.5,33.75,-6.43,-66.00,44.00,72.20,f0:2f:74:40:a0:c0
1783352614.5,33.75,-6.43,-65.00,45.00,72.20,f0:2f:74:40:a0:c0
1783352617.5,33.75,-6.43,-66.00,44.00,72.20,f0:2f:74:40:a0:c0
1783352620.5,33.75,-6.43,-66.00,44.00,72.20,f0:2f:74:40:a0:c0
1783352623.5,33.75,-6.43,-66.00,44.00,72.20,f0:2f:74:40:a0:c0
1783352626.5,33.75,-6.43,-66.00,44.00,72.20,f0:2f:74:40:a0:c0
1783352629.5,33.75,-6.43,-69.00,41.00,72.20,f0:2f:74:40:a0:c0
1783352632.5,33.75,-6.43,-66.00,44.00,72.20,f0:2f:74:40:a0:c0
1783352635.5,33.75,-6.43,-66.00,44.00,72.20,f0:2f:74:40:a0:c0
1783352638.5,33.75,-6.43,-66.00,44.00,72.20,f0:2f:74:40:a0:c0
1783352641.5,33.75,-6.43,-66.00,44.00,72.20,f0:2f:74:40:a0:c0
1783352644.5,33.75,-6.43,-66.00,44.00,72.20,f0:2f:74:40:a0:c0
1783352647.5,33.75,-6.43,-66.00,44.00,72.20,f0:2f:74:40:a0:c0
1783352650.5,33.75,-6.43,-66.00,44.00,72.20,f0:2f:74:40:a0:c0
1783352653.5,33.75,-6.43,-66.00,44.00,72.20,f0:2f:74:40:a0:c0
1783352656.5,33.75,-6.43,-66.00,44.00,72.20,f0:2f:74:40:a0:c0
1783352659.5,33.75,-6.43,-66.00,44.00,72.20,f0:2f:74:40:a0:c0
1783352662.5,33.75,-6.43,-66.00,44.00,72.20,f0:2f:74:40:a0:c0
1783352665.5,33.75,-6.43,-66.00,44.00,72.20,f0:2f:74:40:a0:c0
1783352668.5,33.75,-6.43,-66.00,44.00,72.20,f0:2f:74:40:a0:c0
1783352671.5,33.75,-6.43,-66.00,44.00,72.20,f0:2f:74:40:a0:c0
1783352674.5,33.75,-6.43,-65.00,45.00,72.20,f0:2f:74:40:a0:c0
1783352677.5,33.75,-6.43,-67.00,43.00,65.00,f0:2f:74:40:a0:c0
1783352680.5,33.75,-6.43,-66.00,44.00,65.00,f0:2f:74:40:a0:c0
1783352683.5,33.75,-6.43,-66.00,44.00,72.20,f0:2f:74:40:a0:c0
1783352686.5,33.75,-6.43,-65.00,45.00,72.20,f0:2f:74:40:a0:c0
1783352689.5,33.75,-6.43,-66.00,44.00,72.20,f0:2f:74:40:a0:c0
1783352692.5,33.75,-6.43,-66.00,44.00,72.20,f0:2f:74:40:a0:c0
1783352695.5,33.75,-6.43,-66.00,44.00,72.20,f0:2f:74:40:a0:c0
1783352698.5,33.75,-6.43,-65.00,45.00,72.20,f0:2f:74:40:a0:c0
1783352701.5,33.75,-6.43,-66.00,44.00,72.20,f0:2f:74:40:a0:c0
1783352704.5,33.75,-6.43,-65.00,45.00,72.20,f0:2f:74:40:a0:c0
1783352707.5,33.75,-6.43,-66.00,44.00,72.20,f0:2f:74:40:a0:c0
1783352710.5,33.75,-6.43,-66.00,44.00,72.20,f0:2f:74:40:a0:c0
1783352713.5,33.75,-6.43,-66.00,44.00,72.20,f0:2f:74:40:a0:c0
1783352716.5,33.75,-6.43,-65.00,45.00,72.20,f0:2f:74:40:a0:c0
1783352719.5,33.75,-6.43,-66.00,44.00,72.20,f0:2f:74:40:a0:c0
1783352722.5,33.75,-6.43,-66.00,44.00,72.20,f0:2f:74:40:a0:c0
1783352725.5,33.75,-6.43,-66.00,44.00,72.20,f0:2f:74:40:a0:c0
1783352728.5,33.75,-6.43,-65.00,45.00,65.00,f0:2f:74:40:a0:c0
1783352731.5,33.75,-6.43,-66.00,44.00,72.20,f0:2f:74:40:a0:c0
1783352734.5,33.75,-6.43,-66.00,44.00,72.20,f0:2f:74:40:a0:c0
1783352737.5,33.75,-6.43,-66.00,44.00,72.20,f0:2f:74:40:a0:c0
1783352740.5,33.75,-6.43,-66.00,44.00,72.20,f0:2f:74:40:a0:c0
1783352743.5,33.75,-6.43,-66.00,44.00,72.20,f0:2f:74:40:a0:c0
1783352746.5,33.75,-6.43,-66.00,44.00,72.20,f0:2f:74:40:a0:c0
1783352749.5,33.75,-6.43,-66.00,44.00,72.20,f0:2f:74:40:a0:c0
1783352752.5,33.75,-6.43,-66.00,44.00,72.20,f0:2f:74:40:a0:c0
1783352755.5,33.75,-6.43,-66.00,44.00,72.20,f0:2f:74:40:a0:c0
1783352758.5,33.75,-6.43,-66.00,44.00,72.20,f0:2f:74:40:a0:c0
1783352761.5,33.75,-6.43,-66.00,44.00,72.20,f0:2f:74:40:a0:c0
1783352764.5,33.75,-6.43,-66.00,44.00,72.20,f0:2f:74:40:a0:c0
1783352767.5,33.75,-6.43,-66.00,44.00,72.20,f0:2f:74:40:a0:c0
1783352770.5,33.75,-6.43,-66.00,44.00,72.20,f0:2f:74:40:a0:c0
1783352773.5,33.75,-6.43,-66.00,44.00,72.20,f0:2f:74:40:a0:c0
1783352776.5,33.75,-6.43,-66.00,44.00,72.20,f0:2f:74:40:a0:c0
1783352779.5,33.75,-6.43,-66.00,44.00,72.20,f0:2f:74:40:a0:c0
1783352782.5,33.75,-6.43,-66.00,44.00,72.20,f0:2f:74:40:a0:c0
1783352785.5,33.75,-6.43,-66.00,44.00,72.20,f0:2f:74:40:a0:c0
1783352788.5,33.75,-6.43,-66.00,44.00,72.20,f0:2f:74:40:a0:c0
1783352791.5,33.75,-6.43,-66.00,44.00,72.20,f0:2f:74:40:a0:c0
1783352794.5,33.75,-6.43,-66.00,44.00,72.20,f0:2f:74:40:a0:c0
1783352797.5,33.75,-6.43,-66.00,44.00,72.20,f0:2f:74:40:a0:c0
1783352800.5,33.75,-6.43,-65.00,45.00,72.20,f0:2f:74:40:a0:c0
1783352803.5,33.75,-6.43,-66.00,44.00,72.20,f0:2f:74:40:a0:c0
1783352806.5,33.75,-6.43,-66.00,44.00,72.20,f0:2f:74:40:a0:c0
1783352809.5,33.75,-6.43,-66.00,44.00,72.20,f0:2f:74:40:a0:c0
1783352812.5,33.75,-6.43,-66.00,44.00,72.20,f0:2f:74:40:a0:c0
1783352815.5,33.75,-6.43,-66.00,44.00,72.20,f0:2f:74:40:a0:c0
1783352818.5,33.75,-6.43,-66.00,44.00,72.20,f0:2f:74:40:a0:c0
1783352821.5,33.75,-6.43,-66.00,44.00,72.20,f0:2f:74:40:a0:c0
1783352824.5,33.75,-6.43,-66.00,44.00,72.20,f0:2f:74:40:a0:c0
1783352827.5,33.75,-6.43,-66.00,44.00,72.20,f0:2f:74:40:a0:c0
1783352830.5,33.75,-6.43,-66.00,44.00,72.20,f0:2f:74:40:a0:c0
1783352833.5,33.75,-6.43,-66.00,44.00,72.20,f0:2f:74:40:a0:c0
1783352836.5,33.75,-6.43,-66.00,44.00,72.20,f0:2f:74:40:a0:c0
1783352839.5,33.75,-6.43,-66.00,44.00,72.20,f0:2f:74:40:a0:c0
1783352842.5,33.75,-6.43,-66.00,44.00,72.20,f0:2f:74:40:a0:c0
1783352845.5,33.75,-6.43,-66.00,44.00,72.20,f0:2f:74:40:a0:c0
1783352848.5,33.75,-6.43,-66.00,44.00,72.20,f0:2f:74:40:a0:c0
1783352851.5,33.75,-6.43,-66.00,44.00,72.20,f0:2f:74:40:a0:c0
1783352854.5,33.75,-6.43,-66.00,44.00,72.20,f0:2f:74:40:a0:c0
1783352857.5,33.75,-6.43,-67.00,43.00,72.20,f0:2f:74:40:a0:c0
1783352860.5,33.75,-6.43,-68.00,42.00,39.00,f0:2f:74:40:a0:c0
1783352863.5,33.75,-6.43,-72.00,38.00,5.50,f0:2f:74:40:a0:c0
1783352866.5,33.75,-6.43,-65.00,45.00,5.50,f0:2f:74:40:a0:c0
1783352869.5,33.75,-6.43,-66.00,44.00,72.20,f0:2f:74:40:a0:c0
1783352872.5,33.75,-6.43,-65.00,45.00,72.20,f0:2f:74:40:a0:c0
1783352875.5,33.75,-6.43,-66.00,44.00,72.20,f0:2f:74:40:a0:c0
1783352878.5,33.75,-6.43,-66.00,44.00,72.20,f0:2f:74:40:a0:c0
1783352881.5,33.75,-6.43,-66.00,44.00,72.20,f0:2f:74:40:a0:c0
1783352884.5,33.75,-6.43,-66.00,44.00,72.20,f0:2f:74:40:a0:c0
1783352887.5,33.75,-6.43,-64.00,46.00,72.20,f0:2f:74:40:a0:c0
1783352890.5,33.75,-6.43,-66.00,44.00,72.20,f0:2f:74:40:a0:c0
1783352893.5,33.75,-6.43,-65.00,45.00,72.20,f0:2f:74:40:a0:c0
1783352896.5,33.75,-6.43,-65.00,45.00,72.20,f0:2f:74:40:a0:c0
1783352899.5,33.75,-6.43,-65.00,45.00,72.20,f0:2f:74:40:a0:c0
1783352902.5,33.75,-6.43,-66.00,44.00,72.20,f0:2f:74:40:a0:c0
1783352905.5,33.75,-6.43,-66.00,44.00,72.20,f0:2f:74:40:a0:c0
1783352908.5,33.75,-6.43,-65.00,45.00,72.20,f0:2f:74:40:a0:c0
1783352911.5,33.75,-6.43,-65.00,45.00,72.20,f0:2f:74:40:a0:c0
1783352914.5,33.75,-6.43,-65.00,45.00,72.20,f0:2f:74:40:a0:c0
1783352917.5,33.75,-6.43,-64.00,46.00,72.20,f0:2f:74:40:a0:c0
1783352920.5,33.75,-6.43,-65.00,45.00,72.20,f0:2f:74:40:a0:c0
1783352923.5,33.75,-6.43,-66.00,44.00,72.20,f0:2f:74:40:a0:c0
1783352926.5,33.75,-6.43,-65.00,45.00,72.20,f0:2f:74:40:a0:c0
1783352929.5,33.75,-6.43,-65.00,45.00,72.20,f0:2f:74:40:a0:c0
1783352932.5,33.75,-6.43,-65.00,45.00,72.20,f0:2f:74:40:a0:c0
1783352935.5,33.75,-6.43,-66.00,44.00,72.20,f0:2f:74:40:a0:c0
1783352938.5,33.75,-6.43,-66.00,44.00,72.20,f0:2f:74:40:a0:c0
1783352941.5,33.75,-6.43,-65.00,45.00,65.00,f0:2f:74:40:a0:c0
1783352944.5,33.75,-6.43,-66.00,44.00,72.20,f0:2f:74:40:a0:c0
1783352947.5,33.75,-6.43,-66.00,44.00,72.20,f0:2f:74:40:a0:c0
1783352950.5,33.75,-6.43,-66.00,44.00,72.20,f0:2f:74:40:a0:c0
1783352953.5,33.75,-6.43,-66.00,44.00,72.20,f0:2f:74:40:a0:c0
1783352956.5,33.75,-6.43,-66.00,44.00,72.20,f0:2f:74:40:a0:c0
1783352959.5,33.75,-6.43,-66.00,44.00,72.20,f0:2f:74:40:a0:c0
1783352962.5,33.75,-6.43,-66.00,44.00,72.20,f0:2f:74:40:a0:c0
1783352965.5,33.75,-6.43,-66.00,44.00,72.20,f0:2f:74:40:a0:c0
1783352968.5,33.75,-6.43,-66.00,44.00,72.20,f0:2f:74:40:a0:c0
1783352971.5,33.75,-6.43,-66.00,44.00,72.20,f0:2f:74:40:a0:c0
1783352974.5,33.75,-6.43,-66.00,44.00,72.20,f0:2f:74:40:a0:c0
1783352977.5,33.75,-6.43,-66.00,44.00,72.20,f0:2f:74:40:a0:c0
1783352980.5,33.75,-6.43,-65.00,45.00,72.20,f0:2f:74:40:a0:c0
1783352983.5,33.75,-6.43,-66.00,44.00,72.20,f0:2f:74:40:a0:c0
1783352986.5,33.75,-6.43,-65.00,45.00,72.20,f0:2f:74:40:a0:c0
1783352989.5,33.75,-6.43,-66.00,44.00,72.20,f0:2f:74:40:a0:c0
1783352992.5,33.75,-6.43,-66.00,44.00,72.20,f0:2f:74:40:a0:c0
1783352995.5,33.75,-6.43,-66.00,44.00,72.20,f0:2f:74:40:a0:c0
1783352998.5,33.75,-6.43,-66.00,44.00,72.20,f0:2f:74:40:a0:c0
1783353001.5,33.75,-6.43,-67.00,43.00,72.20,f0:2f:74:40:a0:c0
1783353004.5,33.75,-6.43,-67.00,43.00,72.20,f0:2f:74:40:a0:c0
1783353007.5,33.75,-6.43,-67.00,43.00,72.20,f0:2f:74:40:a0:c0
1783353010.5,33.75,-6.43,-67.00,43.00,72.20,f0:2f:74:40:a0:c0
1783353013.5,33.75,-6.43,-67.00,43.00,72.20,f0:2f:74:40:a0:c0
1783353016.5,33.75,-6.43,-67.00,43.00,72.20,f0:2f:74:40:a0:c0
1783353019.5,33.75,-6.43,-67.00,43.00,72.20,f0:2f:74:40:a0:c0
1783353022.5,33.75,-6.43,-67.00,43.00,72.20,f0:2f:74:40:a0:c0
1783353025.5,33.75,-6.43,-67.00,43.00,72.20,f0:2f:74:40:a0:c0
1783353028.5,33.75,-6.43,-67.00,43.00,72.20,f0:2f:74:40:a0:c0
1783353031.5,33.75,-6.43,-67.00,43.00,72.20,f0:2f:74:40:a0:c0
1783353034.5,33.75,-6.43,-67.00,43.00,72.20,f0:2f:74:40:a0:c0
1783353037.5,33.75,-6.43,-67.00,43.00,72.20,f0:2f:74:40:a0:c0
1783353040.5,33.75,-6.43,-67.00,43.00,72.20,f0:2f:74:40:a0:c0
1783353043.5,33.75,-6.43,-67.00,43.00,72.20,f0:2f:74:40:a0:c0
1783353046.5,33.75,-6.43,-67.00,43.00,72.20,f0:2f:74:40:a0:c0
1783353049.5,33.75,-6.43,-67.00,43.00,72.20,f0:2f:74:40:a0:c0
1783353052.5,33.75,-6.43,-67.00,43.00,72.20,f0:2f:74:40:a0:c0
1783353055.5,33.75,-6.43,-67.00,43.00,72.20,f0:2f:74:40:a0:c0
1783353058.5,33.75,-6.43,-67.00,43.00,72.20,f0:2f:74:40:a0:c0
1783353061.5,33.75,-6.43,-67.00,43.00,72.20,f0:2f:74:40:a0:c0
1783353064.5,33.75,-6.43,-67.00,43.00,72.20,f0:2f:74:40:a0:c0
1783353067.5,33.75,-6.43,-67.00,43.00,72.20,f0:2f:74:40:a0:c0
1783353070.5,33.75,-6.43,-66.00,44.00,72.20,f0:2f:74:40:a0:c0
1783353073.5,33.75,-6.43,-67.00,43.00,72.20,f0:2f:74:40:a0:c0
1783353076.5,33.75,-6.43,-66.00,44.00,72.20,f0:2f:74:40:a0:c0
1783353079.5,33.75,-6.43,-67.00,43.00,72.20,f0:2f:74:40:a0:c0
1783353082.5,33.75,-6.43,-66.00,44.00,72.20,f0:2f:74:40:a0:c0
1783353085.5,33.75,-6.43,-66.00,44.00,72.20,f0:2f:74:40:a0:c0
1783353088.5,33.75,-6.43,-67.00,43.00,72.20,f0:2f:74:40:a0:c0
1783353091.5,33.75,-6.43,-66.00,44.00,72.20,f0:2f:74:40:a0:c0
1783353094.5,33.75,-6.43,-67.00,43.00,72.20,f0:2f:74:40:a0:c0
1783353097.5,33.75,-6.43,-67.00,43.00,72.20,f0:2f:74:40:a0:c0
1783353100.5,33.75,-6.43,-67.00,43.00,72.20,f0:2f:74:40:a0:c0
1783353103.5,33.75,-6.43,-66.00,44.00,72.20,f0:2f:74:40:a0:c0
1783353106.5,33.75,-6.43,-66.00,44.00,72.20,f0:2f:74:40:a0:c0
1783353109.5,33.75,-6.43,-66.00,44.00,72.20,f0:2f:74:40:a0:c0
1783353112.5,33.75,-6.43,-66.00,44.00,72.20,f0:2f:74:40:a0:c0
1783353115.5,33.75,-6.43,-67.00,43.00,72.20,f0:2f:74:40:a0:c0
1783353118.5,33.75,-6.43,-66.00,44.00,72.20,f0:2f:74:40:a0:c0
1783353121.5,33.75,-6.43,-67.00,43.00,72.20,f0:2f:74:40:a0:c0
1783353124.5,33.75,-6.43,-67.00,43.00,72.20,f0:2f:74:40:a0:c0
1783353127.5,33.75,-6.43,-67.00,43.00,72.20,f0:2f:74:40:a0:c0
1783353130.5,33.75,-6.43,-65.00,45.00,72.20,f0:2f:74:40:a0:c0
1783353133.5,33.75,-6.43,-66.00,44.00,72.20,f0:2f:74:40:a0:c0
1783353136.5,33.75,-6.43,-66.00,44.00,72.20,f0:2f:74:40:a0:c0
1783353139.5,33.75,-6.43,-67.00,43.00,72.20,f0:2f:74:40:a0:c0
1783353142.5,33.75,-6.43,-67.00,43.00,72.20,f0:2f:74:40:a0:c0
1783353145.5,33.75,-6.43,-66.00,44.00,72.20,f0:2f:74:40:a0:c0
1783353148.5,33.75,-6.43,-66.00,44.00,72.20,f0:2f:74:40:a0:c0
1783353151.5,33.75,-6.43,-66.00,44.00,72.20,f0:2f:74:40:a0:c0
1783353154.5,33.75,-6.43,-67.00,43.00,72.20,f0:2f:74:40:a0:c0
1783353157.5,33.75,-6.43,-67.00,43.00,72.20,f0:2f:74:40:a0:c0
1783353160.5,33.75,-6.43,-66.00,44.00,72.20,f0:2f:74:40:a0:c0
1783353163.5,33.75,-6.43,-66.00,44.00,72.20,f0:2f:74:40:a0:c0
1783353166.5,33.75,-6.43,-66.00,44.00,72.20,f0:2f:74:40:a0:c0
1783353169.5,33.75,-6.43,-66.00,44.00,72.20,f0:2f:74:40:a0:c0
1783353172.5,33.75,-6.43,-67.00,43.00,72.20,f0:2f:74:40:a0:c0
1783353175.5,33.75,-6.43,-67.00,43.00,72.20,f0:2f:74:40:a0:c0
1783353178.5,33.75,-6.43,-67.00,43.00,72.20,f0:2f:74:40:a0:c0
1783353181.5,33.75,-6.43,-67.00,43.00,72.20,f0:2f:74:40:a0:c0
1783353184.5,33.75,-6.43,-67.00,43.00,72.20,f0:2f:74:40:a0:c0
1783353187.5,33.75,-6.43,-67.00,43.00,72.20,f0:2f:74:40:a0:c0
1783353190.5,33.75,-6.43,-66.00,44.00,72.20,f0:2f:74:40:a0:c0
1783353193.5,33.75,-6.43,-67.00,43.00,72.20,f0:2f:74:40:a0:c0
1783353196.5,33.75,-6.43,-67.00,43.00,72.20,f0:2f:74:40:a0:c0
1783353199.5,33.75,-6.43,-67.00,43.00,72.20,f0:2f:74:40:a0:c0
1783353202.5,33.75,-6.43,-66.00,44.00,72.20,f0:2f:74:40:a0:c0
1783353205.5,33.75,-6.43,-66.00,44.00,72.20,f0:2f:74:40:a0:c0
1783353208.5,33.75,-6.43,-66.00,44.00,72.20,f0:2f:74:40:a0:c0
1783353211.5,33.75,-6.43,-66.00,44.00,72.20,f0:2f:74:40:a0:c0
1783353214.5,33.75,-6.43,-67.00,43.00,72.20,f0:2f:74:40:a0:c0
1783353217.5,33.75,-6.43,-67.00,43.00,72.20,f0:2f:74:40:a0:c0
1783353220.5,33.75,-6.43,-67.00,43.00,72.20,f0:2f:74:40:a0:c0
1783353223.5,33.75,-6.43,-68.00,42.00,19.50,f0:2f:74:40:a0:c0
1783353226.5,33.75,-6.43,-68.00,42.00,5.50,f0:2f:74:40:a0:c0
1783353229.5,33.75,-6.43,-66.00,44.00,14.40,f0:2f:74:40:a0:c0
1783353232.5,33.75,-6.43,-67.00,43.00,72.20,f0:2f:74:40:a0:c0
1783353235.5,33.75,-6.43,-67.00,43.00,72.20,f0:2f:74:40:a0:c0
1783353238.5,33.75,-6.43,-66.00,44.00,72.20,f0:2f:74:40:a0:c0
1783353241.5,33.75,-6.43,-66.00,44.00,72.20,f0:2f:74:40:a0:c0
1783353244.5,33.75,-6.43,-67.00,43.00,72.20,f0:2f:74:40:a0:c0
1783353247.5,33.75,-6.43,-67.00,43.00,72.20,f0:2f:74:40:a0:c0
1783353250.5,33.75,-6.43,-66.00,44.00,72.20,f0:2f:74:40:a0:c0
1783353253.5,33.75,-6.43,-67.00,43.00,72.20,f0:2f:74:40:a0:c0
1783353256.5,33.75,-6.43,-66.00,44.00,72.20,f0:2f:74:40:a0:c0
1783353259.5,33.75,-6.43,-66.00,44.00,72.20,f0:2f:74:40:a0:c0
1783353262.5,33.75,-6.43,-67.00,43.00,72.20,f0:2f:74:40:a0:c0
1783353265.5,33.75,-6.43,-67.00,43.00,72.20,f0:2f:74:40:a0:c0
1783353268.5,33.75,-6.43,-67.00,43.00,72.20,f0:2f:74:40:a0:c0
1783353271.5,33.75,-6.43,-67.00,43.00,72.20,f0:2f:74:40:a0:c0
1783353274.5,33.75,-6.43,-66.00,44.00,72.20,f0:2f:74:40:a0:c0
1783353277.5,33.75,-6.43,-67.00,43.00,72.20,f0:2f:74:40:a0:c0
1783353280.5,33.75,-6.43,-67.00,43.00,72.20,f0:2f:74:40:a0:c0
1783353283.5,33.75,-6.43,-68.00,42.00,72.20,f0:2f:74:40:a0:c0
1783353286.5,33.75,-6.43,-67.00,43.00,72.20,f0:2f:74:40:a0:c0
1783353289.5,33.75,-6.43,-68.00,42.00,72.20,f0:2f:74:40:a0:c0
1783353292.5,33.75,-6.43,-67.00,43.00,72.20,f0:2f:74:40:a0:c0
1783353295.5,33.75,-6.43,-67.00,43.00,72.20,f0:2f:74:40:a0:c0
1783353298.5,33.75,-6.43,-67.00,43.00,72.20,f0:2f:74:40:a0:c0
1783353301.5,33.75,-6.43,-67.00,43.00,72.20,f0:2f:74:40:a0:c0
1783353304.5,33.75,-6.43,-66.00,44.00,72.20,f0:2f:74:40:a0:c0
1783353307.5,33.75,-6.43,-66.00,44.00,72.20,f0:2f:74:40:a0:c0
1783353310.5,33.75,-6.43,-66.00,44.00,72.20,f0:2f:74:40:a0:c0
1783353313.5,33.75,-6.43,-67.00,43.00,72.20,f0:2f:74:40:a0:c0
1783353316.5,33.75,-6.43,-67.00,43.00,72.20,f0:2f:74:40:a0:c0
1783353319.5,33.75,-6.43,-67.00,43.00,72.20,f0:2f:74:40:a0:c0
1783353322.5,33.75,-6.43,-66.00,44.00,72.20,f0:2f:74:40:a0:c0
1783353325.5,33.75,-6.43,-66.00,44.00,72.20,f0:2f:74:40:a0:c0
1783353328.5,33.75,-6.43,-67.00,43.00,72.20,f0:2f:74:40:a0:c0
1783353331.5,33.75,-6.43,-67.00,43.00,72.20,f0:2f:74:40:a0:c0
1783353334.5,33.75,-6.43,-67.00,43.00,72.20,f0:2f:74:40:a0:c0
1783353337.5,33.75,-6.43,-67.00,43.00,72.20,f0:2f:74:40:a0:c0
1783353340.5,33.75,-6.43,-67.00,43.00,72.20,f0:2f:74:40:a0:c0
1783353343.5,33.75,-6.43,-67.00,43.00,72.20,f0:2f:74:40:a0:c0
1783353346.5,33.75,-6.43,-67.00,43.00,72.20,f0:2f:74:40:a0:c0
1783353349.5,33.75,-6.43,-66.00,44.00,72.20,f0:2f:74:40:a0:c0
1783353352.5,33.75,-6.43,-67.00,43.00,72.20,f0:2f:74:40:a0:c0
1783353355.5,33.75,-6.43,-67.00,43.00,72.20,f0:2f:74:40:a0:c0
1783353358.5,33.75,-6.43,-66.00,44.00,72.20,f0:2f:74:40:a0:c0
1783353361.5,33.75,-6.43,-65.00,45.00,72.20,f0:2f:74:40:a0:c0
1783353364.5,33.75,-6.43,-65.00,45.00,72.20,f0:2f:74:40:a0:c0
1783353367.5,33.75,-6.43,-65.00,45.00,72.20,f0:2f:74:40:a0:c0
1783353370.5,33.75,-6.43,-66.00,44.00,72.20,f0:2f:74:40:a0:c0
1783353373.5,33.75,-6.43,-66.00,44.00,72.20,f0:2f:74:40:a0:c0
1783353376.5,33.75,-6.43,-66.00,44.00,72.20,f0:2f:74:40:a0:c0
1783353379.5,33.75,-6.43,-66.00,44.00,72.20,f0:2f:74:40:a0:c0
1783353382.5,33.75,-6.43,-66.00,44.00,72.20,f0:2f:74:40:a0:c0
1783353385.5,33.75,-6.43,-65.00,45.00,72.20,f0:2f:74:40:a0:c0
1783353388.5,33.75,-6.43,-66.00,44.00,72.20,f0:2f:74:40:a0:c0
1783353391.5,33.75,-6.43,-64.00,46.00,72.20,f0:2f:74:40:a0:c0
1783353394.5,33.75,-6.43,-65.00,45.00,72.20,f0:2f:74:40:a0:c0
1783353397.5,33.75,-6.43,-66.00,44.00,72.20,f0:2f:74:40:a0:c0
1783353400.5,33.75,-6.43,-66.00,44.00,72.20,f0:2f:74:40:a0:c0
1783353403.5,33.75,-6.43,-66.00,44.00,72.20,f0:2f:74:40:a0:c0
1783353406.5,33.75,-6.43,-65.00,45.00,72.20,f0:2f:74:40:a0:c0
1783353409.5,33.75,-6.43,-66.00,44.00,72.20,f0:2f:74:40:a0:c0
1783353412.5,33.75,-6.43,-65.00,45.00,72.20,f0:2f:74:40:a0:c0
1783353415.5,33.75,-6.43,-66.00,44.00,72.20,f0:2f:74:40:a0:c0
1783353418.5,33.75,-6.43,-65.00,45.00,72.20,f0:2f:74:40:a0:c0
1783353421.5,33.75,-6.43,-66.00,44.00,72.20,f0:2f:74:40:a0:c0
1783353424.5,33.75,-6.43,-65.00,45.00,72.20,f0:2f:74:40:a0:c0
1783353427.5,33.75,-6.43,-67.00,43.00,72.20,f0:2f:74:40:a0:c0
1783353430.5,33.75,-6.43,-66.00,44.00,72.20,f0:2f:74:40:a0:c0
1783353433.5,33.75,-6.43,-67.00,43.00,72.20,f0:2f:74:40:a0:c0
1783353436.5,33.75,-6.43,-65.00,45.00,72.20,f0:2f:74:40:a0:c0
1783353439.5,33.75,-6.43,-66.00,44.00,72.20,f0:2f:74:40:a0:c0
1783353442.5,33.75,-6.43,-65.00,45.00,72.20,f0:2f:74:40:a0:c0
1783353445.5,33.75,-6.43,-66.00,44.00,72.20,f0:2f:74:40:a0:c0
1783353448.5,33.75,-6.43,-66.00,44.00,72.20,f0:2f:74:40:a0:c0
1783353451.5,33.75,-6.43,-66.00,44.00,72.20,f0:2f:74:40:a0:c0
1783353454.5,33.75,-6.43,-66.00,44.00,72.20,f0:2f:74:40:a0:c0
1783353457.5,33.75,-6.43,-66.00,44.00,72.20,f0:2f:74:40:a0:c0
1783353460.5,33.75,-6.43,-66.00,44.00,72.20,f0:2f:74:40:a0:c0
1783353463.5,33.75,-6.43,-66.00,44.00,72.20,f0:2f:74:40:a0:c0
1783353466.5,33.75,-6.43,-66.00,44.00,72.20,f0:2f:74:40:a0:c0
1783353469.5,33.75,-6.43,-66.00,44.00,72.20,f0:2f:74:40:a0:c0
1783353472.5,33.75,-6.43,-65.00,45.00,72.20,f0:2f:74:40:a0:c0
1783353475.5,33.75,-6.43,-66.00,44.00,72.20,f0:2f:74:40:a0:c0
1783353478.5,33.75,-6.43,-66.00,44.00,72.20,f0:2f:74:40:a0:c0
1783353481.5,33.75,-6.43,-66.00,44.00,72.20,f0:2f:74:40:a0:c0
1783353484.5,33.75,-6.43,-66.00,44.00,72.20,f0:2f:74:40:a0:c0
1783353487.5,33.75,-6.43,-66.00,44.00,72.20,f0:2f:74:40:a0:c0
1783353490.5,33.75,-6.43,-66.00,44.00,72.20,f0:2f:74:40:a0:c0
1783353493.5,33.75,-6.43,-66.00,44.00,72.20,f0:2f:74:40:a0:c0
1783353496.5,33.75,-6.43,-65.00,45.00,72.20,f0:2f:74:40:a0:c0
1783353499.5,33.75,-6.43,-65.00,45.00,72.20,f0:2f:74:40:a0:c0
1783353502.5,33.75,-6.43,-66.00,44.00,72.20,f0:2f:74:40:a0:c0
1783353505.5,33.75,-6.43,-66.00,44.00,72.20,f0:2f:74:40:a0:c0
1783353508.5,33.75,-6.43,-65.00,45.00,72.20,f0:2f:74:40:a0:c0
1783353511.5,33.75,-6.43,-66.00,44.00,72.20,f0:2f:74:40:a0:c0
1783353514.5,33.75,-6.43,-66.00,44.00,72.20,f0:2f:74:40:a0:c0
1783353517.5,33.75,-6.43,-66.00,44.00,72.20,f0:2f:74:40:a0:c0
1783353520.5,33.75,-6.43,-66.00,44.00,72.20,f0:2f:74:40:a0:c0
1783353523.5,33.75,-6.43,-65.00,45.00,72.20,f0:2f:74:40:a0:c0
1783353526.5,33.75,-6.43,-66.00,44.00,72.20,f0:2f:74:40:a0:c0
1783353529.5,33.75,-6.43,-66.00,44.00,72.20,f0:2f:74:40:a0:c0
1783353532.5,33.75,-6.43,-65.00,45.00,72.20,f0:2f:74:40:a0:c0
1783353535.5,33.75,-6.43,-65.00,45.00,72.20,f0:2f:74:40:a0:c0
1783353538.5,33.75,-6.43,-65.00,45.00,72.20,f0:2f:74:40:a0:c0
1783353541.5,33.75,-6.43,-65.00,45.00,72.20,f0:2f:74:40:a0:c0
1783353544.5,33.75,-6.43,-65.00,45.00,72.20,f0:2f:74:40:a0:c0
1783353547.5,33.75,-6.43,-66.00,44.00,72.20,f0:2f:74:40:a0:c0
1783353550.5,33.75,-6.43,-66.00,44.00,72.20,f0:2f:74:40:a0:c0
1783353553.5,33.75,-6.43,-65.00,45.00,72.20,f0:2f:74:40:a0:c0
1783353556.5,33.75,-6.43,-65.00,45.00,72.20,f0:2f:74:40:a0:c0
1783353559.5,33.75,-6.43,-65.00,45.00,72.20,f0:2f:74:40:a0:c0
1783353562.5,33.75,-6.43,-65.00,45.00,72.20,f0:2f:74:40:a0:c0
1783353565.5,33.75,-6.43,-65.00,45.00,72.20,f0:2f:74:40:a0:c0
1783353568.5,33.75,-6.43,-65.00,45.00,72.20,f0:2f:74:40:a0:c0
1783353571.5,33.75,-6.43,-65.00,45.00,72.20,f0:2f:74:40:a0:c0
1783353574.5,33.75,-6.43,-65.00,45.00,72.20,f0:2f:74:40:a0:c0
1783353577.5,33.75,-6.43,-65.00,45.00,72.20,f0:2f:74:40:a0:c0
1783353580.5,33.75,-6.43,-66.00,44.00,72.20,f0:2f:74:40:a0:c0
1783353583.5,33.75,-6.43,-65.00,45.00,72.20,f0:2f:74:40:a0:c0
1783353586.5,33.75,-6.43,-65.00,45.00,72.20,f0:2f:74:40:a0:c0
1783353589.5,33.75,-6.43,-65.00,45.00,72.20,f0:2f:74:40:a0:c0
1783353592.5,33.75,-6.43,-65.00,45.00,72.20,f0:2f:74:40:a0:c0
1783353595.5,33.75,-6.43,-64.00,46.00,72.20,f0:2f:74:40:a0:c0
1783353598.5,33.75,-6.43,-65.00,45.00,72.20,f0:2f:74:40:a0:c0
1783353601.5,33.75,-6.43,-65.00,45.00,72.20,f0:2f:74:40:a0:c0
1783353604.5,33.75,-6.43,-65.00,45.00,72.20,f0:2f:74:40:a0:c0
1783353607.5,33.75,-6.43,-66.00,44.00,72.20,f0:2f:74:40:a0:c0
1783353610.5,33.75,-6.43,-66.00,44.00,72.20,f0:2f:74:40:a0:c0
1783353613.5,33.75,-6.43,-66.00,44.00,72.20,f0:2f:74:40:a0:c0
1783353616.5,33.75,-6.43,-65.00,45.00,72.20,f0:2f:74:40:a0:c0
1783353619.5,33.75,-6.43,-66.00,44.00,72.20,f0:2f:74:40:a0:c0
1783353622.5,33.75,-6.43,-66.00,44.00,72.20,f0:2f:74:40:a0:c0
1783353625.5,33.75,-6.43,-65.00,45.00,72.20,f0:2f:74:40:a0:c0
1783353628.5,33.75,-6.43,-65.00,45.00,72.20,f0:2f:74:40:a0:c0
1783353631.5,33.75,-6.43,-65.00,45.00,72.20,f0:2f:74:40:a0:c0
1783353634.5,33.75,-6.43,-66.00,44.00,72.20,f0:2f:74:40:a0:c0
1783353637.5,33.75,-6.43,-66.00,44.00,72.20,f0:2f:74:40:a0:c0
1783353640.5,33.75,-6.43,-65.00,45.00,72.20,f0:2f:74:40:a0:c0
1783353643.5,33.75,-6.43,-65.00,45.00,72.20,f0:2f:74:40:a0:c0
1783353646.5,33.75,-6.43,-66.00,44.00,72.20,f0:2f:74:40:a0:c0
1783353649.5,33.75,-6.43,-65.00,45.00,72.20,f0:2f:74:40:a0:c0
1783353652.5,33.75,-6.43,-66.00,44.00,72.20,f0:2f:74:40:a0:c0
1783353655.5,33.75,-6.43,-65.00,45.00,72.20,f0:2f:74:40:a0:c0
1783353658.5,33.75,-6.43,-66.00,44.00,72.20,f0:2f:74:40:a0:c0
1783353661.5,33.75,-6.43,-65.00,45.00,72.20,f0:2f:74:40:a0:c0
1783353664.5,33.75,-6.43,-65.00,45.00,72.20,f0:2f:74:40:a0:c0
1783353667.5,33.75,-6.43,-65.00,45.00,72.20,f0:2f:74:40:a0:c0
1783353670.5,33.75,-6.43,-65.00,45.00,72.20,f0:2f:74:40:a0:c0
1783353673.5,33.75,-6.43,-65.00,45.00,72.20,f0:2f:74:40:a0:c0
1783353676.5,33.75,-6.43,-65.00,45.00,72.20,f0:2f:74:40:a0:c0
1783353679.5,33.75,-6.43,-65.00,45.00,72.20,f0:2f:74:40:a0:c0
1783353682.5,33.75,-6.43,-66.00,44.00,72.20,f0:2f:74:40:a0:c0
1783353685.5,33.75,-6.43,-66.00,44.00,72.20,f0:2f:74:40:a0:c0
1783353688.5,33.75,-6.43,-65.00,45.00,72.20,f0:2f:74:40:a0:c0
1783353691.5,33.75,-6.43,-66.00,44.00,72.20,f0:2f:74:40:a0:c0
1783353694.5,33.75,-6.43,-66.00,44.00,72.20,f0:2f:74:40:a0:c0
1783353697.5,33.75,-6.43,-66.00,44.00,72.20,f0:2f:74:40:a0:c0
1783353700.5,33.75,-6.43,-66.00,44.00,72.20,f0:2f:74:40:a0:c0
1783353703.5,33.75,-6.43,-62.00,48.00,39.00,f0:2f:74:40:a0:c0
1783353706.5,33.75,-6.43,-66.00,44.00,5.50,f0:2f:74:40:a0:c0
1783353709.5,33.75,-6.43,-64.00,46.00,5.50,f0:2f:74:40:a0:c0
1783353712.5,33.75,-6.43,-67.00,43.00,43.30,f0:2f:74:40:a0:c0
1783353715.5,33.75,-6.43,-67.00,43.00,72.20,f0:2f:74:40:a0:c0
1783353718.5,33.75,-6.43,-66.00,44.00,72.20,f0:2f:74:40:a0:c0
1783353721.5,33.75,-6.43,-65.00,45.00,72.20,f0:2f:74:40:a0:c0
1783353724.5,33.75,-6.43,-65.00,45.00,72.20,f0:2f:74:40:a0:c0
1783353727.5,33.75,-6.43,-65.00,45.00,72.20,f0:2f:74:40:a0:c0
1783353730.5,33.75,-6.43,-66.00,44.00,72.20,f0:2f:74:40:a0:c0
1783353733.5,33.75,-6.43,-65.00,45.00,72.20,f0:2f:74:40:a0:c0
1783353736.5,33.75,-6.43,-65.00,45.00,72.20,f0:2f:74:40:a0:c0
1783353739.5,33.75,-6.43,-66.00,44.00,72.20,f0:2f:74:40:a0:c0
1783353742.5,33.75,-6.43,-66.00,44.00,72.20,f0:2f:74:40:a0:c0
1783353745.5,33.75,-6.43,-66.00,44.00,72.20,f0:2f:74:40:a0:c0
1783353748.5,33.75,-6.43,-66.00,44.00,72.20,f0:2f:74:40:a0:c0
1783353751.5,33.75,-6.43,-67.00,43.00,72.20,f0:2f:74:40:a0:c0
1783353754.5,33.75,-6.43,-65.00,45.00,72.20,f0:2f:74:40:a0:c0
1783353757.5,33.75,-6.43,-66.00,44.00,72.20,f0:2f:74:40:a0:c0
1783353760.5,33.75,-6.43,-66.00,44.00,72.20,f0:2f:74:40:a0:c0
1783353763.5,33.75,-6.43,-64.00,46.00,5.50,f0:2f:74:40:a0:c0
1783353766.5,33.75,-6.43,-64.00,46.00,5.50,f0:2f:74:40:a0:c0
1783353769.5,33.75,-6.43,-64.00,46.00,5.50,f0:2f:74:40:a0:c0
1783353772.5,33.75,-6.43,-67.00,43.00,65.00,f0:2f:74:40:a0:c0
1783353775.5,33.75,-6.43,-66.00,44.00,72.20,f0:2f:74:40:a0:c0
1783353778.5,33.75,-6.43,-65.00,45.00,72.20,f0:2f:74:40:a0:c0
1783353781.5,33.75,-6.43,-65.00,45.00,72.20,f0:2f:74:40:a0:c0
1783353784.5,33.75,-6.43,-66.00,44.00,72.20,f0:2f:74:40:a0:c0
1783353787.5,33.75,-6.43,-65.00,45.00,72.20,f0:2f:74:40:a0:c0
1783353790.5,33.75,-6.43,-66.00,44.00,72.20,f0:2f:74:40:a0:c0
1783353793.5,33.75,-6.43,-65.00,45.00,72.20,f0:2f:74:40:a0:c0
1783353796.5,33.75,-6.43,-66.00,44.00,72.20,f0:2f:74:40:a0:c0
1783353799.5,33.75,-6.43,-66.00,44.00,72.20,f0:2f:74:40:a0:c0
1783353802.5,33.75,-6.43,-66.00,44.00,72.20,f0:2f:74:40:a0:c0
1783353805.5,33.75,-6.43,-66.00,44.00,72.20,f0:2f:74:40:a0:c0
1783353808.5,33.75,-6.43,-65.00,45.00,72.20,f0:2f:74:40:a0:c0
1783353811.5,33.75,-6.43,-65.00,45.00,72.20,f0:2f:74:40:a0:c0
1783353814.5,33.75,-6.43,-66.00,44.00,72.20,f0:2f:74:40:a0:c0
1783353817.5,33.75,-6.43,-66.00,44.00,72.20,f0:2f:74:40:a0:c0
1783353820.5,33.75,-6.43,-66.00,44.00,72.20,f0:2f:74:40:a0:c0
1783353823.5,33.75,-6.43,-65.00,45.00,72.20,f0:2f:74:40:a0:c0
1783353826.5,33.75,-6.43,-65.00,45.00,72.20,f0:2f:74:40:a0:c0
1783353829.5,33.75,-6.43,-66.00,44.00,72.20,f0:2f:74:40:a0:c0
1783353832.5,33.75,-6.43,-65.00,45.00,72.20,f0:2f:74:40:a0:c0
1783353835.5,33.75,-6.43,-65.00,45.00,72.20,f0:2f:74:40:a0:c0
1783353838.5,33.75,-6.43,-66.00,44.00,72.20,f0:2f:74:40:a0:c0
1783353841.5,33.75,-6.43,-66.00,44.00,72.20,f0:2f:74:40:a0:c0
1783353844.5,33.75,-6.43,-66.00,44.00,72.20,f0:2f:74:40:a0:c0
1783353847.5,33.75,-6.43,-66.00,44.00,72.20,f0:2f:74:40:a0:c0
1783353850.5,33.75,-6.43,-66.00,44.00,72.20,f0:2f:74:40:a0:c0
1783353853.5,33.75,-6.43,-66.00,44.00,72.20,f0:2f:74:40:a0:c0
1783353856.5,33.75,-6.43,-66.00,44.00,72.20,f0:2f:74:40:a0:c0
1783353859.5,33.75,-6.43,-66.00,44.00,72.20,f0:2f:74:40:a0:c0
1783353862.5,33.75,-6.43,-65.00,45.00,72.20,f0:2f:74:40:a0:c0
1783353865.5,33.75,-6.43,-66.00,44.00,72.20,f0:2f:74:40:a0:c0
1783353868.5,33.75,-6.43,-65.00,45.00,65.00,f0:2f:74:40:a0:c0
1783353871.5,33.75,-6.43,-67.00,43.00,72.20,f0:2f:74:40:a0:c0
1783353874.5,33.75,-6.43,-67.00,43.00,72.20,f0:2f:74:40:a0:c0
1783353877.5,33.75,-6.43,-67.00,43.00,72.20,f0:2f:74:40:a0:c0
1783353880.5,33.75,-6.43,-66.00,44.00,72.20,f0:2f:74:40:a0:c0
1783353883.5,33.75,-6.43,-66.00,44.00,72.20,f0:2f:74:40:a0:c0
1783353886.5,33.75,-6.43,-66.00,44.00,72.20,f0:2f:74:40:a0:c0
1783353889.5,33.75,-6.43,-66.00,44.00,72.20,f0:2f:74:40:a0:c0
1783353892.5,33.75,-6.43,-65.00,45.00,72.20,f0:2f:74:40:a0:c0
1783353895.5,33.75,-6.43,-66.00,44.00,72.20,f0:2f:74:40:a0:c0
1783353898.5,33.75,-6.43,-65.00,45.00,72.20,f0:2f:74:40:a0:c0
1783353901.5,33.75,-6.43,-65.00,45.00,65.00,f0:2f:74:40:a0:c0
1783353904.5,33.75,-6.43,-65.00,45.00,72.20,f0:2f:74:40:a0:c0
1783353907.5,33.75,-6.43,-66.00,44.00,72.20,f0:2f:74:40:a0:c0
1783353910.5,33.75,-6.43,-65.00,45.00,72.20,f0:2f:74:40:a0:c0
1783353913.5,33.75,-6.43,-66.00,44.00,72.20,f0:2f:74:40:a0:c0
1783353916.5,33.75,-6.43,-65.00,45.00,72.20,f0:2f:74:40:a0:c0
1783353919.5,33.75,-6.43,-66.00,44.00,72.20,f0:2f:74:40:a0:c0
1783353922.5,33.75,-6.43,-66.00,44.00,72.20,f0:2f:74:40:a0:c0
1783353925.5,33.75,-6.43,-65.00,45.00,72.20,f0:2f:74:40:a0:c0
1783353928.5,33.75,-6.43,-65.00,45.00,72.20,f0:2f:74:40:a0:c0
1783353931.5,33.75,-6.43,-66.00,44.00,72.20,f0:2f:74:40:a0:c0
1783353934.5,33.75,-6.43,-66.00,44.00,72.20,f0:2f:74:40:a0:c0
1783353937.5,33.75,-6.43,-65.00,45.00,72.20,f0:2f:74:40:a0:c0
1783353940.5,33.75,-6.43,-65.00,45.00,72.20,f0:2f:74:40:a0:c0
1783353943.5,33.75,-6.43,-66.00,44.00,72.20,f0:2f:74:40:a0:c0
1783353946.5,33.75,-6.43,-66.00,44.00,72.20,f0:2f:74:40:a0:c0
1783353949.5,33.75,-6.43,-66.00,44.00,72.20,f0:2f:74:40:a0:c0
1783353952.5,33.75,-6.43,-65.00,45.00,72.20,f0:2f:74:40:a0:c0
1783353955.5,33.75,-6.43,-66.00,44.00,65.00,f0:2f:74:40:a0:c0
1783353958.5,33.75,-6.43,-65.00,45.00,72.20,f0:2f:74:40:a0:c0
1783353961.5,33.75,-6.43,-66.00,44.00,72.20,f0:2f:74:40:a0:c0
1783353964.5,33.75,-6.43,-65.00,45.00,72.20,f0:2f:74:40:a0:c0
1783353967.5,33.75,-6.43,-66.00,44.00,72.20,f0:2f:74:40:a0:c0
1783353970.5,33.75,-6.43,-65.00,45.00,72.20,f0:2f:74:40:a0:c0
1783353973.5,33.75,-6.43,-65.00,45.00,72.20,f0:2f:74:40:a0:c0
1783353976.5,33.75,-6.43,-65.00,45.00,72.20,f0:2f:74:40:a0:c0
1783353979.5,33.75,-6.43,-65.00,45.00,72.20,f0:2f:74:40:a0:c0
1783353982.5,33.75,-6.43,-65.00,45.00,72.20,f0:2f:74:40:a0:c0
1783353985.5,33.75,-6.43,-65.00,45.00,72.20,f0:2f:74:40:a0:c0
1783353988.5,33.75,-6.43,-65.00,45.00,72.20,f0:2f:74:40:a0:c0
1783353991.5,33.75,-6.43,-65.00,45.00,72.20,f0:2f:74:40:a0:c0
1783353994.5,33.75,-6.43,-65.00,45.00,72.20,f0:2f:74:40:a0:c0
1783353997.5,33.75,-6.43,-66.00,44.00,72.20,f0:2f:74:40:a0:c0
1783354000.5,33.75,-6.43,-65.00,45.00,72.20,f0:2f:74:40:a0:c0
1783354003.5,33.75,-6.43,-65.00,45.00,72.20,f0:2f:74:40:a0:c0
1783354006.5,33.75,-6.43,-65.00,45.00,72.20,f0:2f:74:40:a0:c0
1783354009.5,33.75,-6.43,-66.00,44.00,72.20,f0:2f:74:40:a0:c0
1783354012.5,33.75,-6.43,-66.00,44.00,72.20,f0:2f:74:40:a0:c0
1783354015.5,33.75,-6.43,-65.00,45.00,72.20,f0:2f:74:40:a0:c0
1783354018.5,33.75,-6.43,-65.00,45.00,72.20,f0:2f:74:40:a0:c0
1783354021.5,33.75,-6.43,-65.00,45.00,72.20,f0:2f:74:40:a0:c0
1783354024.5,33.75,-6.43,-65.00,45.00,72.20,f0:2f:74:40:a0:c0
1783354027.5,33.75,-6.43,-66.00,44.00,72.20,f0:2f:74:40:a0:c0
1783354030.5,33.75,-6.43,-64.00,46.00,72.20,f0:2f:74:40:a0:c0
1783354033.5,33.75,-6.43,-66.00,44.00,72.20,f0:2f:74:40:a0:c0
1783354036.5,33.75,-6.43,-66.00,44.00,72.20,f0:2f:74:40:a0:c0
1783354039.5,33.75,-6.43,-65.00,45.00,72.20,f0:2f:74:40:a0:c0
1783354042.5,33.75,-6.43,-65.00,45.00,72.20,f0:2f:74:40:a0:c0
1783354045.5,33.75,-6.43,-65.00,45.00,72.20,f0:2f:74:40:a0:c0
1783354048.5,33.75,-6.43,-65.00,45.00,72.20,f0:2f:74:40:a0:c0
1783354051.5,33.75,-6.43,-66.00,44.00,72.20,f0:2f:74:40:a0:c0
1783354054.5,33.75,-6.43,-65.00,45.00,72.20,f0:2f:74:40:a0:c0
1783354057.5,33.75,-6.43,-65.00,45.00,72.20,f0:2f:74:40:a0:c0
1783354060.5,33.75,-6.43,-66.00,44.00,72.20,f0:2f:74:40:a0:c0
1783354063.5,33.75,-6.43,-65.00,45.00,72.20,f0:2f:74:40:a0:c0
1783354066.5,33.75,-6.43,-65.00,45.00,72.20,f0:2f:74:40:a0:c0
1783354069.5,33.75,-6.43,-65.00,45.00,72.20,f0:2f:74:40:a0:c0
1783354072.5,33.75,-6.43,-65.00,45.00,72.20,f0:2f:74:40:a0:c0
1783354075.5,33.75,-6.43,-66.00,44.00,72.20,f0:2f:74:40:a0:c0
1783354078.5,33.75,-6.43,-65.00,45.00,72.20,f0:2f:74:40:a0:c0
1783354081.5,33.75,-6.43,-65.00,45.00,72.20,f0:2f:74:40:a0:c0
1783354084.5,33.75,-6.43,-65.00,45.00,72.20,f0:2f:74:40:a0:c0
1783354087.5,33.75,-6.43,-65.00,45.00,72.20,f0:2f:74:40:a0:c0
1783354090.5,33.75,-6.43,-65.00,45.00,72.20,f0:2f:74:40:a0:c0
1783354093.5,33.75,-6.43,-65.00,45.00,72.20,f0:2f:74:40:a0:c0
1783354096.5,33.75,-6.43,-65.00,45.00,72.20,f0:2f:74:40:a0:c0
1783354099.5,33.75,-6.43,-65.00,45.00,72.20,f0:2f:74:40:a0:c0
1783354102.5,33.75,-6.43,-65.00,45.00,72.20,f0:2f:74:40:a0:c0
1783354105.5,33.75,-6.43,-65.00,45.00,72.20,f0:2f:74:40:a0:c0
1783354108.5,33.75,-6.43,-66.00,44.00,72.20,f0:2f:74:40:a0:c0
1783354111.5,33.75,-6.43,-65.00,45.00,24.00,f0:2f:74:40:a0:c0
1783354114.5,33.75,-6.43,-66.00,44.00,72.20,f0:2f:74:40:a0:c0
1783354117.5,33.75,-6.43,-65.00,45.00,72.20,f0:2f:74:40:a0:c0
1783354120.5,33.75,-6.43,-66.00,44.00,72.20,f0:2f:74:40:a0:c0
1783354123.5,33.75,-6.43,-66.00,44.00,72.20,f0:2f:74:40:a0:c0
1783354126.5,33.75,-6.43,-65.00,45.00,72.20,f0:2f:74:40:a0:c0
1783354129.5,33.75,-6.43,-65.00,45.00,72.20,f0:2f:74:40:a0:c0
1783354132.5,33.75,-6.43,-65.00,45.00,72.20,f0:2f:74:40:a0:c0
1783354135.5,33.75,-6.43,-65.00,45.00,72.20,f0:2f:74:40:a0:c0
1783354138.5,33.75,-6.43,-65.00,45.00,72.20,f0:2f:74:40:a0:c0
1783354141.5,33.75,-6.43,-65.00,45.00,72.20,f0:2f:74:40:a0:c0
1783354144.5,33.75,-6.43,-66.00,44.00,72.20,f0:2f:74:40:a0:c0
1783354147.5,33.75,-6.43,-65.00,45.00,72.20,f0:2f:74:40:a0:c0
1783354150.5,33.75,-6.43,-65.00,45.00,72.20,f0:2f:74:40:a0:c0
1783354153.5,33.75,-6.43,-65.00,45.00,72.20,f0:2f:74:40:a0:c0
1783354156.5,33.75,-6.43,-65.00,45.00,72.20,f0:2f:74:40:a0:c0
1783354159.5,33.75,-6.43,-65.00,45.00,72.20,f0:2f:74:40:a0:c0
1783354162.5,33.75,-6.43,-65.00,45.00,72.20,f0:2f:74:40:a0:c0
1783354165.5,33.75,-6.43,-65.00,45.00,72.20,f0:2f:74:40:a0:c0
1783354168.5,33.75,-6.43,-65.00,45.00,72.20,f0:2f:74:40:a0:c0
1783354171.5,33.75,-6.43,-65.00,45.00,72.20,f0:2f:74:40:a0:c0
1783354174.5,33.75,-6.43,-65.00,45.00,72.20,f0:2f:74:40:a0:c0
1783354177.5,33.75,-6.43,-65.00,45.00,72.20,f0:2f:74:40:a0:c0
1783354180.5,33.75,-6.43,-66.00,44.00,72.20,f0:2f:74:40:a0:c0
1783354183.5,33.75,-6.43,-69.00,41.00,72.20,f0:2f:74:40:a0:c0
1783354186.5,33.75,-6.43,-65.00,45.00,52.00,f0:2f:74:40:a0:c0
1783354189.5,33.75,-6.43,-68.00,42.00,5.50,f0:2f:74:40:a0:c0
1783354192.5,33.75,-6.43,-65.00,45.00,21.60,f0:2f:74:40:a0:c0
1783354195.5,33.75,-6.43,-66.00,44.00,72.20,f0:2f:74:40:a0:c0
1783354198.5,33.75,-6.43,-65.00,45.00,72.20,f0:2f:74:40:a0:c0
1783354201.5,33.75,-6.43,-65.00,45.00,72.20,f0:2f:74:40:a0:c0
1783354204.5,33.75,-6.43,-65.00,45.00,72.20,f0:2f:74:40:a0:c0
1783354207.5,33.75,-6.43,-65.00,45.00,65.00,f0:2f:74:40:a0:c0
1783354210.5,33.75,-6.43,-68.00,42.00,72.20,f0:2f:74:40:a0:c0
1783354213.5,33.75,-6.43,-66.00,44.00,72.20,f0:2f:74:40:a0:c0
1783354216.5,33.75,-6.43,-66.00,44.00,72.20,f0:2f:74:40:a0:c0
1783354219.5,33.75,-6.43,-66.00,44.00,72.20,f0:2f:74:40:a0:c0
1783354222.5,33.75,-6.43,-66.00,44.00,72.20,f0:2f:74:40:a0:c0
1783354225.5,33.75,-6.43,-66.00,44.00,72.20,f0:2f:74:40:a0:c0
1783354228.5,33.75,-6.43,-65.00,45.00,72.20,f0:2f:74:40:a0:c0
1783354231.5,33.75,-6.43,-66.00,44.00,72.20,f0:2f:74:40:a0:c0
1783354234.5,33.75,-6.43,-65.00,45.00,72.20,f0:2f:74:40:a0:c0
1783354237.5,33.75,-6.43,-66.00,44.00,72.20,f0:2f:74:40:a0:c0
1783354240.5,33.75,-6.43,-65.00,45.00,72.20,f0:2f:74:40:a0:c0
1783354243.5,33.75,-6.43,-65.00,45.00,72.20,f0:2f:74:40:a0:c0
1783354246.5,33.75,-6.43,-65.00,45.00,72.20,f0:2f:74:40:a0:c0
1783354249.5,33.75,-6.43,-65.00,45.00,72.20,f0:2f:74:40:a0:c0
1783354252.5,33.75,-6.43,-65.00,45.00,72.20,f0:2f:74:40:a0:c0
1783354255.5,33.75,-6.43,-65.00,45.00,72.20,f0:2f:74:40:a0:c0
1783354258.5,33.75,-6.43,-65.00,45.00,72.20,f0:2f:74:40:a0:c0
1783354261.5,33.75,-6.43,-65.00,45.00,72.20,f0:2f:74:40:a0:c0
1783354264.5,33.75,-6.43,-65.00,45.00,72.20,f0:2f:74:40:a0:c0
1783354267.5,33.75,-6.43,-64.00,46.00,72.20,f0:2f:74:40:a0:c0
1783354270.5,33.75,-6.43,-65.00,45.00,72.20,f0:2f:74:40:a0:c0
1783354273.5,33.75,-6.43,-65.00,45.00,72.20,f0:2f:74:40:a0:c0
1783354276.5,33.75,-6.43,-65.00,45.00,72.20,f0:2f:74:40:a0:c0
1783354279.5,33.75,-6.43,-65.00,45.00,72.20,f0:2f:74:40:a0:c0
1783354282.5,33.75,-6.43,-65.00,45.00,72.20,f0:2f:74:40:a0:c0
1783354285.5,33.75,-6.43,-65.00,45.00,72.20,f0:2f:74:40:a0:c0
1783354288.5,33.75,-6.43,-65.00,45.00,72.20,f0:2f:74:40:a0:c0
1783354291.5,33.75,-6.43,-65.00,45.00,72.20,f0:2f:74:40:a0:c0
1783354294.5,33.75,-6.43,-66.00,44.00,72.20,f0:2f:74:40:a0:c0
1783354297.5,33.75,-6.43,-65.00,45.00,72.20,f0:2f:74:40:a0:c0
1783354300.5,33.75,-6.43,-65.00,45.00,72.20,f0:2f:74:40:a0:c0
1783354303.5,33.75,-6.43,-65.00,45.00,72.20,f0:2f:74:40:a0:c0
1783354306.5,33.75,-6.43,-65.00,45.00,72.20,f0:2f:74:40:a0:c0
1783354309.5,33.75,-6.43,-65.00,45.00,72.20,f0:2f:74:40:a0:c0
1783354312.5,33.75,-6.43,-65.00,45.00,72.20,f0:2f:74:40:a0:c0
1783354315.5,33.75,-6.43,-64.00,46.00,72.20,f0:2f:74:40:a0:c0
1783354318.5,33.75,-6.43,-65.00,45.00,72.20,f0:2f:74:40:a0:c0
1783354321.5,33.75,-6.43,-65.00,45.00,72.20,f0:2f:74:40:a0:c0
1783354324.5,33.75,-6.43,-66.00,44.00,72.20,f0:2f:74:40:a0:c0
1783354327.5,33.75,-6.43,-66.00,44.00,72.20,f0:2f:74:40:a0:c0
1783354330.5,33.75,-6.43,-66.00,44.00,72.20,f0:2f:74:40:a0:c0
1783354333.5,33.75,-6.43,-65.00,45.00,72.20,f0:2f:74:40:a0:c0
1783354336.5,33.75,-6.43,-66.00,44.00,72.20,f0:2f:74:40:a0:c0
1783354339.5,33.75,-6.43,-65.00,45.00,72.20,f0:2f:74:40:a0:c0
1783354342.5,33.75,-6.43,-65.00,45.00,72.20,f0:2f:74:40:a0:c0
1783354345.5,33.75,-6.43,-65.00,45.00,72.20,f0:2f:74:40:a0:c0
1783354348.5,33.75,-6.43,-66.00,44.00,72.20,f0:2f:74:40:a0:c0
1783354351.5,33.75,-6.43,-65.00,45.00,72.20,f0:2f:74:40:a0:c0
1783354354.5,33.75,-6.43,-65.00,45.00,72.20,f0:2f:74:40:a0:c0
1783354357.5,33.75,-6.43,-65.00,45.00,72.20,f0:2f:74:40:a0:c0
1783354360.5,33.75,-6.43,-65.00,45.00,58.50,f0:2f:74:40:a0:c0
1783354363.5,33.75,-6.43,-60.00,50.00,65.00,f0:2f:74:40:a0:c0
1783354366.5,33.75,-6.43,-65.00,45.00,72.20,f0:2f:74:40:a0:c0
1783354369.5,33.75,-6.43,-65.00,45.00,72.20,f0:2f:74:40:a0:c0
1783354372.5,33.75,-6.43,-66.00,44.00,72.20,f0:2f:74:40:a0:c0
1783354375.5,33.75,-6.43,-64.00,46.00,72.20,f0:2f:74:40:a0:c0
1783354378.5,33.75,-6.43,-65.00,45.00,72.20,f0:2f:74:40:a0:c0
1783354381.5,33.75,-6.43,-65.00,45.00,72.20,f0:2f:74:40:a0:c0
1783354384.5,33.75,-6.43,-65.00,45.00,19.50,f0:2f:74:40:a0:c0
1783354387.5,33.75,-6.43,-67.00,43.00,14.40,f0:2f:74:40:a0:c0
1783354390.5,33.75,-6.43,-67.00,43.00,7.20,f0:2f:74:40:a0:c0
1783354393.5,33.75,-6.43,-65.00,45.00,5.50,f0:2f:74:40:a0:c0
1783354396.5,33.75,-6.43,-66.00,44.00,21.60,f0:2f:74:40:a0:c0
1783354399.5,33.75,-6.43,-65.00,45.00,26.00,f0:2f:74:40:a0:c0
1783354402.6,33.75,-6.43,-66.00,44.00,5.50,f0:2f:74:40:a0:c0
1783354405.5,33.75,-6.43,-67.00,43.00,5.50,f0:2f:74:40:a0:c0
1783354408.5,33.75,-6.43,-66.00,44.00,5.50,f0:2f:74:40:a0:c0
1783354411.5,33.75,-6.43,-65.00,45.00,19.50,f0:2f:74:40:a0:c0
1783354414.5,33.75,-6.43,-65.00,45.00,72.20,f0:2f:74:40:a0:c0
1783354417.5,33.75,-6.43,-65.00,45.00,72.20,f0:2f:74:40:a0:c0
1783354420.5,33.75,-6.43,-65.00,45.00,72.20,f0:2f:74:40:a0:c0
1783354423.5,33.75,-6.43,-65.00,45.00,72.20,f0:2f:74:40:a0:c0
1783354426.5,33.75,-6.43,-65.00,45.00,72.20,f0:2f:74:40:a0:c0
1783354429.5,33.75,-6.43,-65.00,45.00,72.20,f0:2f:74:40:a0:c0
1783354432.5,33.75,-6.43,-65.00,45.00,72.20,f0:2f:74:40:a0:c0
1783354435.5,33.75,-6.43,-65.00,45.00,72.20,f0:2f:74:40:a0:c0
1783354438.5,33.75,-6.43,-65.00,45.00,72.20,f0:2f:74:40:a0:c0
1783354441.5,33.75,-6.43,-65.00,45.00,72.20,f0:2f:74:40:a0:c0
1783354444.5,33.75,-6.43,-65.00,45.00,72.20,f0:2f:74:40:a0:c0
1783354447.5,33.75,-6.43,-65.00,45.00,72.20,f0:2f:74:40:a0:c0
1783354450.5,33.75,-6.43,-65.00,45.00,72.20,f0:2f:74:40:a0:c0
1783354453.5,33.75,-6.43,-65.00,45.00,72.20,f0:2f:74:40:a0:c0
1783354456.5,33.75,-6.43,-65.00,45.00,72.20,f0:2f:74:40:a0:c0
1783354459.5,33.75,-6.43,-65.00,45.00,72.20,f0:2f:74:40:a0:c0
1783354462.5,33.75,-6.43,-65.00,45.00,72.20,f0:2f:74:40:a0:c0
1783354465.5,33.75,-6.43,-65.00,45.00,72.20,f0:2f:74:40:a0:c0
1783354468.5,33.75,-6.43,-65.00,45.00,72.20,f0:2f:74:40:a0:c0
1783354471.5,33.75,-6.43,-65.00,45.00,72.20,f0:2f:74:40:a0:c0
1783354474.5,33.75,-6.43,-65.00,45.00,72.20,f0:2f:74:40:a0:c0
1783354477.5,33.75,-6.43,-65.00,45.00,72.20,f0:2f:74:40:a0:c0
1783354480.5,33.75,-6.43,-65.00,45.00,72.20,f0:2f:74:40:a0:c0
1783354483.5,33.75,-6.43,-65.00,45.00,72.20,f0:2f:74:40:a0:c0
1783354486.5,33.75,-6.43,-65.00,45.00,72.20,f0:2f:74:40:a0:c0
1783354489.5,33.75,-6.43,-65.00,45.00,72.20,f0:2f:74:40:a0:c0
1783354492.5,33.75,-6.43,-65.00,45.00,72.20,f0:2f:74:40:a0:c0
1783354495.5,33.75,-6.43,-65.00,45.00,72.20,f0:2f:74:40:a0:c0
1783354498.5,33.75,-6.43,-65.00,45.00,72.20,f0:2f:74:40:a0:c0
1783354501.5,33.75,-6.43,-65.00,45.00,72.20,f0:2f:74:40:a0:c0
1783354504.5,33.75,-6.43,-65.00,45.00,72.20,f0:2f:74:40:a0:c0
1783354507.5,33.75,-6.43,-65.00,45.00,72.20,f0:2f:74:40:a0:c0
1783354510.5,33.75,-6.43,-65.00,45.00,72.20,f0:2f:74:40:a0:c0
1783354513.5,33.75,-6.43,-65.00,45.00,72.20,f0:2f:74:40:a0:c0
1783354516.5,33.75,-6.43,-65.00,45.00,72.20,f0:2f:74:40:a0:c0
1783354519.5,33.75,-6.43,-65.00,45.00,72.20,f0:2f:74:40:a0:c0
1783354522.5,33.75,-6.43,-65.00,45.00,72.20,f0:2f:74:40:a0:c0
1783354525.5,33.75,-6.43,-65.00,45.00,65.00,f0:2f:74:40:a0:c0
1783354528.5,33.75,-6.43,-65.00,45.00,72.20,f0:2f:74:40:a0:c0
1783354531.5,33.75,-6.43,-65.00,45.00,72.20,f0:2f:74:40:a0:c0
1783354534.5,33.75,-6.43,-65.00,45.00,72.20,f0:2f:74:40:a0:c0
1783354537.5,33.75,-6.43,-65.00,45.00,72.20,f0:2f:74:40:a0:c0
1783354540.5,33.75,-6.43,-65.00,45.00,72.20,f0:2f:74:40:a0:c0
1783354543.5,33.75,-6.43,-65.00,45.00,72.20,f0:2f:74:40:a0:c0
1783354546.5,33.75,-6.43,-65.00,45.00,72.20,f0:2f:74:40:a0:c0
1783354549.5,33.75,-6.43,-65.00,45.00,72.20,f0:2f:74:40:a0:c0
1783354552.5,33.75,-6.43,-65.00,45.00,72.20,f0:2f:74:40:a0:c0
1783354555.5,33.75,-6.43,-65.00,45.00,72.20,f0:2f:74:40:a0:c0
1783354558.5,33.75,-6.43,-65.00,45.00,72.20,f0:2f:74:40:a0:c0
1783354561.5,33.75,-6.43,-65.00,45.00,72.20,f0:2f:74:40:a0:c0
1783354564.5,33.75,-6.43,-65.00,45.00,72.20,f0:2f:74:40:a0:c0
1783354567.5,33.75,-6.43,-65.00,45.00,72.20,f0:2f:74:40:a0:c0
1783354570.5,33.75,-6.43,-65.00,45.00,72.20,f0:2f:74:40:a0:c0
1783354573.5,33.75,-6.43,-65.00,45.00,72.20,f0:2f:74:40:a0:c0
1783354576.5,33.75,-6.43,-65.00,45.00,72.20,f0:2f:74:40:a0:c0
1783354579.5,33.75,-6.43,-65.00,45.00,72.20,f0:2f:74:40:a0:c0
1783354582.5,33.75,-6.43,-65.00,45.00,72.20,f0:2f:74:40:a0:c0
1783354585.5,33.75,-6.43,-65.00,45.00,72.20,f0:2f:74:40:a0:c0
1783354588.5,33.75,-6.43,-65.00,45.00,72.20,f0:2f:74:40:a0:c0
1783354591.5,33.75,-6.43,-65.00,45.00,72.20,f0:2f:74:40:a0:c0
1783354594.5,33.75,-6.43,-65.00,45.00,72.20,f0:2f:74:40:a0:c0
1783354597.5,33.75,-6.43,-65.00,45.00,72.20,f0:2f:74:40:a0:c0
1783354600.5,33.75,-6.43,-65.00,45.00,65.00,f0:2f:74:40:a0:c0
1783354603.5,33.75,-6.43,-65.00,45.00,72.20,f0:2f:74:40:a0:c0
1783354606.5,33.75,-6.43,-65.00,45.00,65.00,f0:2f:74:40:a0:c0
1783354609.5,33.75,-6.43,-65.00,45.00,65.00,f0:2f:74:40:a0:c0
1783354612.5,33.75,-6.43,-65.00,45.00,65.00,f0:2f:74:40:a0:c0
1783354615.5,33.75,-6.43,-65.00,45.00,65.00,f0:2f:74:40:a0:c0
1783354618.5,33.75,-6.43,-65.00,45.00,72.20,f0:2f:74:40:a0:c0
1783354621.5,33.75,-6.43,-65.00,45.00,72.20,f0:2f:74:40:a0:c0
1783354624.5,33.75,-6.43,-65.00,45.00,72.20,f0:2f:74:40:a0:c0
1783354627.5,33.75,-6.43,-65.00,45.00,72.20,f0:2f:74:40:a0:c0
1783354630.5,33.75,-6.43,-65.00,45.00,72.20,f0:2f:74:40:a0:c0
1783354633.5,33.75,-6.43,-65.00,45.00,72.20,f0:2f:74:40:a0:c0
1783354636.5,33.75,-6.43,-65.00,45.00,72.20,f0:2f:74:40:a0:c0
1783354639.5,33.75,-6.43,-65.00,45.00,72.20,f0:2f:74:40:a0:c0
1783354642.5,33.75,-6.43,-64.00,46.00,72.20,f0:2f:74:40:a0:c0
1783354645.5,33.75,-6.43,-65.00,45.00,72.20,f0:2f:74:40:a0:c0
1783354648.5,33.75,-6.43,-65.00,45.00,72.20,f0:2f:74:40:a0:c0
1783354651.5,33.75,-6.43,-65.00,45.00,72.20,f0:2f:74:40:a0:c0
1783354654.5,33.75,-6.43,-65.00,45.00,72.20,f0:2f:74:40:a0:c0
1783354657.5,33.75,-6.43,-64.00,46.00,72.20,f0:2f:74:40:a0:c0
1783354660.5,33.75,-6.43,-65.00,45.00,72.20,f0:2f:74:40:a0:c0
1783354663.5,33.75,-6.43,-66.00,44.00,72.20,f0:2f:74:40:a0:c0
1783354666.5,33.75,-6.43,-65.00,45.00,65.00,f0:2f:74:40:a0:c0
1783354669.5,33.75,-6.43,-65.00,45.00,72.20,f0:2f:74:40:a0:c0
1783354672.5,33.75,-6.43,-64.00,46.00,72.20,f0:2f:74:40:a0:c0
1783354675.5,33.75,-6.43,-65.00,45.00,72.20,f0:2f:74:40:a0:c0
1783354678.5,33.75,-6.43,-65.00,45.00,72.20,f0:2f:74:40:a0:c0
1783354681.5,33.75,-6.43,-65.00,45.00,72.20,f0:2f:74:40:a0:c0
1783354684.5,33.75,-6.43,-65.00,45.00,72.20,f0:2f:74:40:a0:c0
1783354687.5,33.75,-6.43,-65.00,45.00,72.20,f0:2f:74:40:a0:c0
1783354690.5,33.75,-6.43,-65.00,45.00,72.20,f0:2f:74:40:a0:c0
1783354693.5,33.75,-6.43,-65.00,45.00,72.20,f0:2f:74:40:a0:c0
1783354696.5,33.75,-6.43,-65.00,45.00,72.20,f0:2f:74:40:a0:c0
1783354699.5,33.75,-6.43,-65.00,45.00,72.20,f0:2f:74:40:a0:c0
1783354702.5,33.75,-6.43,-65.00,45.00,72.20,f0:2f:74:40:a0:c0
1783354705.5,33.75,-6.43,-65.00,45.00,72.20,f0:2f:74:40:a0:c0
1783354708.5,33.75,-6.43,-65.00,45.00,72.20,f0:2f:74:40:a0:c0
1783354711.5,33.75,-6.43,-65.00,45.00,72.20,f0:2f:74:40:a0:c0
1783354714.5,33.75,-6.43,-65.00,45.00,72.20,f0:2f:74:40:a0:c0
1783354717.5,33.75,-6.43,-65.00,45.00,72.20,f0:2f:74:40:a0:c0
1783354720.5,33.75,-6.43,-65.00,45.00,72.20,f0:2f:74:40:a0:c0
1783354723.5,33.75,-6.43,-65.00,45.00,72.20,f0:2f:74:40:a0:c0
1783354726.5,33.75,-6.43,-65.00,45.00,72.20,f0:2f:74:40:a0:c0
1783354729.5,33.75,-6.43,-65.00,45.00,72.20,f0:2f:74:40:a0:c0
1783354732.5,33.75,-6.43,-65.00,45.00,72.20,f0:2f:74:40:a0:c0
1783354735.5,33.75,-6.43,-65.00,45.00,72.20,f0:2f:74:40:a0:c0
1783354738.5,33.75,-6.43,-65.00,45.00,72.20,f0:2f:74:40:a0:c0
1783354741.5,33.75,-6.43,-66.00,44.00,72.20,f0:2f:74:40:a0:c0
1783354744.5,33.75,-6.43,-65.00,45.00,72.20,f0:2f:74:40:a0:c0
1783354747.5,33.75,-6.43,-66.00,44.00,72.20,f0:2f:74:40:a0:c0
1783354750.5,33.75,-6.43,-65.00,45.00,72.20,f0:2f:74:40:a0:c0
1783354753.5,33.75,-6.43,-66.00,44.00,72.20,f0:2f:74:40:a0:c0
1783354756.5,33.75,-6.43,-66.00,44.00,72.20,f0:2f:74:40:a0:c0
1783354759.5,33.75,-6.43,-65.00,45.00,72.20,f0:2f:74:40:a0:c0
1783354762.5,33.75,-6.43,-65.00,45.00,72.20,f0:2f:74:40:a0:c0
1783354765.5,33.75,-6.43,-65.00,45.00,72.20,f0:2f:74:40:a0:c0
1783354768.5,33.75,-6.43,-65.00,45.00,72.20,f0:2f:74:40:a0:c0
1783354771.5,33.75,-6.43,-65.00,45.00,72.20,f0:2f:74:40:a0:c0
1783354774.5,33.75,-6.43,-65.00,45.00,72.20,f0:2f:74:40:a0:c0
1783354777.5,33.75,-6.43,-66.00,44.00,72.20,f0:2f:74:40:a0:c0
1783354780.5,33.75,-6.43,-65.00,45.00,72.20,f0:2f:74:40:a0:c0
1783354783.5,33.75,-6.43,-65.00,45.00,72.20,f0:2f:74:40:a0:c0
1783354786.5,33.75,-6.43,-65.00,45.00,72.20,f0:2f:74:40:a0:c0
1783354789.5,33.75,-6.43,-65.00,45.00,72.20,f0:2f:74:40:a0:c0
1783354792.5,33.75,-6.43,-65.00,45.00,72.20,f0:2f:74:40:a0:c0
1783354795.5,33.75,-6.43,-65.00,45.00,72.20,f0:2f:74:40:a0:c0
1783354798.5,33.75,-6.43,-65.00,45.00,72.20,f0:2f:74:40:a0:c0
1783354801.5,33.75,-6.43,-65.00,45.00,72.20,f0:2f:74:40:a0:c0
1783354804.5,33.75,-6.43,-65.00,45.00,72.20,f0:2f:74:40:a0:c0
1783354807.5,33.75,-6.43,-65.00,45.00,72.20,f0:2f:74:40:a0:c0
1783354810.5,33.75,-6.43,-65.00,45.00,72.20,f0:2f:74:40:a0:c0
1783354813.5,33.75,-6.43,-65.00,45.00,72.20,f0:2f:74:40:a0:c0
1783354816.5,33.75,-6.43,-65.00,45.00,72.20,f0:2f:74:40:a0:c0
1783354819.5,33.75,-6.43,-65.00,45.00,72.20,f0:2f:74:40:a0:c0
1783354822.5,33.75,-6.43,-66.00,44.00,72.20,f0:2f:74:40:a0:c0
1783354825.5,33.75,-6.43,-65.00,45.00,72.20,f0:2f:74:40:a0:c0
1783354828.5,33.75,-6.43,-65.00,45.00,72.20,f0:2f:74:40:a0:c0
1783354831.5,33.75,-6.43,-65.00,45.00,72.20,f0:2f:74:40:a0:c0
1783354834.5,33.75,-6.43,-65.00,45.00,72.20,f0:2f:74:40:a0:c0
1783354837.5,33.75,-6.43,-66.00,44.00,72.20,f0:2f:74:40:a0:c0
1783354840.5,33.75,-6.43,-65.00,45.00,72.20,f0:2f:74:40:a0:c0
1783354843.5,33.75,-6.43,-65.00,45.00,72.20,f0:2f:74:40:a0:c0
1783354846.5,33.75,-6.43,-65.00,45.00,72.20,f0:2f:74:40:a0:c0
1783354849.5,33.75,-6.43,-65.00,45.00,72.20,f0:2f:74:40:a0:c0
1783354852.5,33.75,-6.43,-65.00,45.00,72.20,f0:2f:74:40:a0:c0
1783354855.5,33.75,-6.43,-65.00,45.00,72.20,f0:2f:74:40:a0:c0
1783354858.5,33.75,-6.43,-66.00,44.00,72.20,f0:2f:74:40:a0:c0
1783354861.5,33.75,-6.43,-64.00,46.00,72.20,f0:2f:74:40:a0:c0
1783354864.5,33.75,-6.43,-65.00,45.00,72.20,f0:2f:74:40:a0:c0
1783354867.5,33.75,-6.43,-66.00,44.00,72.20,f0:2f:74:40:a0:c0
1783354870.5,33.75,-6.43,-66.00,44.00,72.20,f0:2f:74:40:a0:c0
1783354873.5,33.75,-6.43,-66.00,44.00,72.20,f0:2f:74:40:a0:c0
1783354876.5,33.75,-6.43,-65.00,45.00,72.20,f0:2f:74:40:a0:c0
1783354879.5,33.75,-6.43,-65.00,45.00,72.20,f0:2f:74:40:a0:c0
1783354882.5,33.75,-6.43,-65.00,45.00,72.20,f0:2f:74:40:a0:c0
1783354885.5,33.75,-6.43,-65.00,45.00,72.20,f0:2f:74:40:a0:c0
1783354888.5,33.75,-6.43,-66.00,44.00,72.20,f0:2f:74:40:a0:c0
1783354891.5,33.75,-6.43,-66.00,44.00,72.20,f0:2f:74:40:a0:c0
1783354894.5,33.75,-6.43,-66.00,44.00,72.20,f0:2f:74:40:a0:c0
1783354897.5,33.75,-6.43,-65.00,45.00,72.20,f0:2f:74:40:a0:c0
1783354900.5,33.75,-6.43,-66.00,44.00,72.20,f0:2f:74:40:a0:c0
1783354903.5,33.75,-6.43,-65.00,45.00,72.20,f0:2f:74:40:a0:c0
1783354906.5,33.75,-6.43,-65.00,45.00,72.20,f0:2f:74:40:a0:c0
1783354909.5,33.75,-6.43,-66.00,44.00,65.00,f0:2f:74:40:a0:c0
1783354912.5,33.75,-6.43,-66.00,44.00,72.20,f0:2f:74:40:a0:c0
1783354915.5,33.75,-6.43,-65.00,45.00,72.20,f0:2f:74:40:a0:c0
1783354918.5,33.75,-6.43,-65.00,45.00,72.20,f0:2f:74:40:a0:c0
1783354921.5,33.75,-6.43,-66.00,44.00,72.20,f0:2f:74:40:a0:c0
1783354924.5,33.75,-6.43,-65.00,45.00,72.20,f0:2f:74:40:a0:c0
1783354927.5,33.75,-6.43,-66.00,44.00,72.20,f0:2f:74:40:a0:c0
1783354930.5,33.75,-6.43,-65.00,45.00,72.20,f0:2f:74:40:a0:c0
1783354933.5,33.75,-6.43,-65.00,45.00,72.20,f0:2f:74:40:a0:c0
1783354936.5,33.75,-6.43,-66.00,44.00,72.20,f0:2f:74:40:a0:c0
1783354939.5,33.75,-6.43,-66.00,44.00,72.20,f0:2f:74:40:a0:c0
1783354942.5,33.75,-6.43,-66.00,44.00,72.20,f0:2f:74:40:a0:c0
1783354945.5,33.75,-6.43,-66.00,44.00,72.20,f0:2f:74:40:a0:c0
1783354948.5,33.75,-6.43,-66.00,44.00,72.20,f0:2f:74:40:a0:c0
1783354951.5,33.75,-6.43,-65.00,45.00,72.20,f0:2f:74:40:a0:c0
1783354954.5,33.75,-6.43,-66.00,44.00,72.20,f0:2f:74:40:a0:c0
1783354957.5,33.75,-6.43,-66.00,44.00,72.20,f0:2f:74:40:a0:c0
1783354960.5,33.75,-6.43,-66.00,44.00,72.20,f0:2f:74:40:a0:c0
1783354963.5,33.75,-6.43,-66.00,44.00,72.20,f0:2f:74:40:a0:c0
1783354966.5,33.75,-6.43,-66.00,44.00,72.20,f0:2f:74:40:a0:c0
1783354969.5,33.75,-6.43,-65.00,45.00,72.20,f0:2f:74:40:a0:c0
1783354972.5,33.75,-6.43,-65.00,45.00,72.20,f0:2f:74:40:a0:c0
1783354975.5,33.75,-6.43,-65.00,45.00,72.20,f0:2f:74:40:a0:c0
1783354978.5,33.75,-6.43,-65.00,45.00,72.20,f0:2f:74:40:a0:c0
1783354981.5,33.75,-6.43,-65.00,45.00,72.20,f0:2f:74:40:a0:c0
1783354984.5,33.75,-6.43,-65.00,45.00,72.20,f0:2f:74:40:a0:c0
1783354987.5,33.75,-6.43,-65.00,45.00,58.50,f0:2f:74:40:a0:c0
1783354990.5,33.75,-6.43,-66.00,44.00,5.50,f0:2f:74:40:a0:c0
1783354993.5,33.75,-6.43,-65.00,45.00,5.50,f0:2f:74:40:a0:c0
1783354996.5,33.75,-6.43,-65.00,45.00,28.80,f0:2f:74:40:a0:c0
1783354999.5,33.75,-6.43,-65.00,45.00,72.20,f0:2f:74:40:a0:c0
1783355002.5,33.75,-6.43,-65.00,45.00,72.20,f0:2f:74:40:a0:c0
1783355005.5,33.75,-6.43,-65.00,45.00,72.20,f0:2f:74:40:a0:c0
1783355008.5,33.75,-6.43,-65.00,45.00,72.20,f0:2f:74:40:a0:c0
1783355011.5,33.75,-6.43,-65.00,45.00,72.20,f0:2f:74:40:a0:c0
1783355014.5,33.75,-6.43,-65.00,45.00,72.20,f0:2f:74:40:a0:c0
1783355017.5,33.75,-6.43,-65.00,45.00,72.20,f0:2f:74:40:a0:c0
1783355020.5,33.75,-6.43,-65.00,45.00,72.20,f0:2f:74:40:a0:c0
1783355023.5,33.75,-6.43,-65.00,45.00,72.20,f0:2f:74:40:a0:c0
1783355026.5,33.75,-6.43,-64.00,46.00,39.00,f0:2f:74:40:a0:c0
1783355029.5,33.75,-6.43,-64.00,46.00,5.50,f0:2f:74:40:a0:c0
1783355032.5,33.75,-6.43,-64.00,46.00,6.50,f0:2f:74:40:a0:c0
1783355035.5,33.75,-6.43,-63.00,47.00,6.50,f0:2f:74:40:a0:c0
1783355038.5,33.75,-6.43,-65.00,45.00,28.80,f0:2f:74:40:a0:c0
1783355041.5,33.75,-6.43,-65.00,45.00,72.20,f0:2f:74:40:a0:c0
1783355044.5,33.75,-6.43,-65.00,45.00,72.20,f0:2f:74:40:a0:c0
1783355047.5,33.75,-6.43,-65.00,45.00,72.20,f0:2f:74:40:a0:c0
1783355050.5,33.75,-6.43,-65.00,45.00,72.20,f0:2f:74:40:a0:c0
1783355053.5,33.75,-6.43,-65.00,45.00,72.20,f0:2f:74:40:a0:c0
1783355056.5,33.75,-6.43,-65.00,45.00,72.20,f0:2f:74:40:a0:c0
1783355059.5,33.75,-6.43,-65.00,45.00,65.00,f0:2f:74:40:a0:c0
1783355062.5,33.75,-6.43,-64.00,46.00,26.00,f0:2f:74:40:a0:c0
1783355065.5,33.75,-6.43,-63.00,47.00,5.50,f0:2f:74:40:a0:c0
1783355068.5,33.75,-6.43,-63.00,47.00,5.50,f0:2f:74:40:a0:c0
1783355071.5,33.75,-6.43,-63.00,47.00,5.50,f0:2f:74:40:a0:c0
1783355074.5,33.75,-6.43,-65.00,45.00,5.50,f0:2f:74:40:a0:c0
1783355077.5,33.75,-6.43,-65.00,45.00,65.00,f0:2f:74:40:a0:c0
1783355080.5,33.75,-6.43,-64.00,46.00,5.50,f0:2f:74:40:a0:c0
1783355083.5,33.75,-6.43,-63.00,47.00,5.50,f0:2f:74:40:a0:c0
1783355086.5,33.75,-6.43,-65.00,45.00,6.50,f0:2f:74:40:a0:c0
1783355089.5,33.75,-6.43,-65.00,45.00,72.20,f0:2f:74:40:a0:c0
1783355092.5,33.75,-6.43,-65.00,45.00,65.00,f0:2f:74:40:a0:c0
1783355095.5,33.75,-6.43,-65.00,45.00,72.20,f0:2f:74:40:a0:c0
1783355098.5,33.75,-6.43,-64.00,46.00,5.50,f0:2f:74:40:a0:c0
1783355101.5,33.75,-6.43,-63.00,47.00,5.50,f0:2f:74:40:a0:c0
1783355104.5,33.75,-6.43,-64.00,46.00,5.50,f0:2f:74:40:a0:c0
1783355107.5,33.75,-6.43,-65.00,45.00,5.50,f0:2f:74:40:a0:c0
1783355110.5,33.75,-6.43,-65.00,45.00,52.00,f0:2f:74:40:a0:c0
1783355113.5,33.75,-6.43,-65.00,45.00,72.20,f0:2f:74:40:a0:c0
1783355116.5,33.75,-6.43,-65.00,45.00,72.20,f0:2f:74:40:a0:c0
1783355119.5,33.75,-6.43,-65.00,45.00,72.20,f0:2f:74:40:a0:c0
1783355122.5,33.75,-6.43,-66.00,44.00,58.50,f0:2f:74:40:a0:c0
1783355125.5,33.75,-6.43,-65.00,45.00,6.50,f0:2f:74:40:a0:c0
1783355128.5,33.75,-6.43,-65.00,45.00,5.50,f0:2f:74:40:a0:c0
1783355131.5,33.75,-6.43,-65.00,45.00,26.00,f0:2f:74:40:a0:c0
1783355134.5,33.75,-6.43,-65.00,45.00,5.50,f0:2f:74:40:a0:c0
1783355137.5,33.75,-6.43,-65.00,45.00,5.50,f0:2f:74:40:a0:c0
1783355140.5,33.75,-6.43,-65.00,45.00,13.00,f0:2f:74:40:a0:c0
1783355143.5,33.75,-6.43,-66.00,44.00,72.20,f0:2f:74:40:a0:c0
1783355146.5,33.75,-6.43,-67.00,43.00,26.00,f0:2f:74:40:a0:c0
1783355150.2,33.75,-6.43,-64.00,46.00,5.50,f0:2f:74:40:a0:c0
1783355152.6,33.75,-6.43,-64.00,46.00,5.50,f0:2f:74:40:a0:c0
1783355155.5,33.75,-6.43,-65.00,45.00,58.50,f0:2f:74:40:a0:c0
1783355158.5,33.75,-6.43,-64.00,46.00,72.20,f0:2f:74:40:a0:c0
1783355161.5,33.75,-6.43,-65.00,45.00,72.20,f0:2f:74:40:a0:c0
1783355164.5,33.75,-6.43,-66.00,44.00,72.20,f0:2f:74:40:a0:c0
1783355167.5,33.75,-6.43,-65.00,45.00,72.20,f0:2f:74:40:a0:c0
1783355170.5,33.75,-6.43,-65.00,45.00,13.00,f0:2f:74:40:a0:c0
1783355173.5,33.75,-6.43,-64.00,46.00,6.50,f0:2f:74:40:a0:c0
1783355176.5,33.75,-6.43,-61.00,49.00,6.50,f0:2f:74:40:a0:c0
1783355179.5,33.75,-6.43,-63.00,47.00,6.50,f0:2f:74:40:a0:c0
1783355182.5,33.75,-6.43,-63.00,47.00,6.50,f0:2f:74:40:a0:c0
1783355185.5,33.75,-6.43,-65.00,45.00,58.50,f0:2f:74:40:a0:c0
1783355188.5,33.75,-6.43,-65.00,45.00,72.20,f0:2f:74:40:a0:c0
1783355191.5,33.75,-6.43,-66.00,44.00,72.20,f0:2f:74:40:a0:c0
1783355194.5,33.75,-6.43,-64.00,46.00,5.50,f0:2f:74:40:a0:c0
1783355197.5,33.75,-6.43,-65.00,45.00,14.40,f0:2f:74:40:a0:c0
1783355200.5,33.75,-6.43,-66.00,44.00,14.40,f0:2f:74:40:a0:c0
1783355203.5,33.75,-6.43,-66.00,44.00,72.20,f0:2f:74:40:a0:c0
1783355206.5,33.75,-6.43,-66.00,44.00,72.20,f0:2f:74:40:a0:c0
1783355209.5,33.75,-6.43,-64.00,46.00,72.20,f0:2f:74:40:a0:c0
1783355212.5,33.75,-6.43,-66.00,44.00,72.20,f0:2f:74:40:a0:c0
1783355215.5,33.75,-6.43,-66.00,44.00,72.20,f0:2f:74:40:a0:c0
1783355218.5,33.75,-6.43,-65.00,45.00,72.20,f0:2f:74:40:a0:c0
1783355221.5,33.75,-6.43,-65.00,45.00,72.20,f0:2f:74:40:a0:c0
1783355224.5,33.75,-6.43,-65.00,45.00,72.20,f0:2f:74:40:a0:c0
1783355227.5,33.75,-6.43,-65.00,45.00,72.20,f0:2f:74:40:a0:c0
1783355230.5,33.75,-6.43,-65.00,45.00,72.20,f0:2f:74:40:a0:c0
1783355233.5,33.75,-6.43,-65.00,45.00,72.20,f0:2f:74:40:a0:c0
1783355236.5,33.75,-6.43,-65.00,45.00,72.20,f0:2f:74:40:a0:c0
1783355239.5,33.75,-6.43,-65.00,45.00,72.20,f0:2f:74:40:a0:c0
1783355242.5,33.75,-6.43,-65.00,45.00,72.20,f0:2f:74:40:a0:c0
1783355245.5,33.75,-6.43,-65.00,45.00,72.20,f0:2f:74:40:a0:c0
1783355248.5,33.75,-6.43,-65.00,45.00,72.20,f0:2f:74:40:a0:c0
1783355251.5,33.75,-6.43,-65.00,45.00,72.20,f0:2f:74:40:a0:c0
1783355254.5,33.75,-6.43,-65.00,45.00,72.20,f0:2f:74:40:a0:c0
1783355257.5,33.75,-6.43,-64.00,46.00,72.20,f0:2f:74:40:a0:c0
1783355260.5,33.75,-6.43,-65.00,45.00,72.20,f0:2f:74:40:a0:c0
1783355263.5,33.75,-6.43,-65.00,45.00,72.20,f0:2f:74:40:a0:c0
1783355266.5,33.75,-6.43,-65.00,45.00,72.20,f0:2f:74:40:a0:c0
1783355269.5,33.75,-6.43,-62.00,48.00,57.70,f0:2f:74:40:a0:c0
1783355272.5,33.75,-6.43,-62.00,48.00,5.50,f0:2f:74:40:a0:c0
1783355275.5,33.75,-6.43,-62.00,48.00,5.50,f0:2f:74:40:a0:c0
1783355278.5,33.75,-6.43,-65.00,45.00,43.30,f0:2f:74:40:a0:c0
1783355281.5,33.75,-6.43,-64.00,46.00,72.20,f0:2f:74:40:a0:c0
1783355284.5,33.75,-6.43,-65.00,45.00,72.20,f0:2f:74:40:a0:c0
1783355287.5,33.75,-6.43,-65.00,45.00,72.20,f0:2f:74:40:a0:c0
1783355290.5,33.75,-6.43,-64.00,46.00,72.20,f0:2f:74:40:a0:c0
1783355293.5,33.75,-6.43,-65.00,45.00,72.20,f0:2f:74:40:a0:c0
1783355296.5,33.75,-6.43,-64.00,46.00,72.20,f0:2f:74:40:a0:c0
1783355299.5,33.75,-6.43,-65.00,45.00,72.20,f0:2f:74:40:a0:c0
1783355302.5,33.75,-6.43,-65.00,45.00,72.20,f0:2f:74:40:a0:c0
1783355305.5,33.75,-6.43,-65.00,45.00,72.20,f0:2f:74:40:a0:c0
1783355308.5,33.75,-6.43,-65.00,45.00,72.20,f0:2f:74:40:a0:c0
1783355311.5,33.75,-6.43,-65.00,45.00,72.20,f0:2f:74:40:a0:c0
1783355314.5,33.75,-6.43,-65.00,45.00,72.20,f0:2f:74:40:a0:c0
1783355317.5,33.75,-6.43,-65.00,45.00,72.20,f0:2f:74:40:a0:c0
1783355320.5,33.75,-6.43,-66.00,44.00,72.20,f0:2f:74:40:a0:c0
1783355323.5,33.75,-6.43,-67.00,43.00,5.50,f0:2f:74:40:a0:c0
1783355326.5,33.75,-6.43,-68.00,42.00,5.50,f0:2f:74:40:a0:c0
1783355329.5,33.75,-6.43,-65.00,45.00,52.00,f0:2f:74:40:a0:c0
1783355332.5,33.75,-6.43,-65.00,45.00,72.20,f0:2f:74:40:a0:c0
1783355335.5,33.75,-6.43,-65.00,45.00,72.20,f0:2f:74:40:a0:c0
1783355338.5,33.75,-6.43,-65.00,45.00,72.20,f0:2f:74:40:a0:c0
1783355341.5,33.75,-6.43,-65.00,45.00,72.20,f0:2f:74:40:a0:c0
1783355344.5,33.75,-6.43,-65.00,45.00,72.20,f0:2f:74:40:a0:c0
1783355347.5,33.75,-6.43,-65.00,45.00,72.20,f0:2f:74:40:a0:c0
1783355350.5,33.75,-6.43,-65.00,45.00,72.20,f0:2f:74:40:a0:c0
1783355353.5,33.75,-6.43,-65.00,45.00,72.20,f0:2f:74:40:a0:c0
1783355356.5,33.75,-6.43,-64.00,46.00,72.20,f0:2f:74:40:a0:c0
1783355359.5,33.75,-6.43,-65.00,45.00,72.20,f0:2f:74:40:a0:c0
1783355362.5,33.75,-6.43,-65.00,45.00,72.20,f0:2f:74:40:a0:c0
1783355365.5,33.75,-6.43,-65.00,45.00,72.20,f0:2f:74:40:a0:c0
1783355368.5,33.75,-6.43,-65.00,45.00,72.20,f0:2f:74:40:a0:c0
1783355371.5,33.75,-6.43,-65.00,45.00,72.20,f0:2f:74:40:a0:c0
1783355374.5,33.75,-6.43,-65.00,45.00,72.20,f0:2f:74:40:a0:c0
1783355377.5,33.75,-6.43,-65.00,45.00,72.20,f0:2f:74:40:a0:c0
1783355380.5,33.75,-6.43,-65.00,45.00,72.20,f0:2f:74:40:a0:c0
1783355383.5,33.75,-6.43,-65.00,45.00,72.20,f0:2f:74:40:a0:c0
1783355386.5,33.75,-6.43,-65.00,45.00,72.20,f0:2f:74:40:a0:c0
1783355389.5,33.75,-6.43,-65.00,45.00,72.20,f0:2f:74:40:a0:c0
1783355392.5,33.75,-6.43,-65.00,45.00,72.20,f0:2f:74:40:a0:c0
1783355395.5,33.75,-6.43,-65.00,45.00,72.20,f0:2f:74:40:a0:c0
1783355398.5,33.75,-6.43,-65.00,45.00,72.20,f0:2f:74:40:a0:c0
1783355401.5,33.75,-6.43,-65.00,45.00,72.20,f0:2f:74:40:a0:c0
1783355404.5,33.75,-6.43,-65.00,45.00,72.20,f0:2f:74:40:a0:c0
1783355407.5,33.75,-6.43,-65.00,45.00,72.20,f0:2f:74:40:a0:c0
1783355410.5,33.75,-6.43,-65.00,45.00,72.20,f0:2f:74:40:a0:c0
1783355413.5,33.75,-6.43,-66.00,44.00,72.20,f0:2f:74:40:a0:c0
1783355416.5,33.75,-6.43,-65.00,45.00,72.20,f0:2f:74:40:a0:c0
1783355419.5,33.75,-6.43,-65.00,45.00,6.50,f0:2f:74:40:a0:c0
1783355422.5,33.75,-6.43,-65.00,45.00,5.50,f0:2f:74:40:a0:c0
1783355425.5,33.75,-6.43,-66.00,44.00,5.50,f0:2f:74:40:a0:c0
1783355428.5,33.75,-6.43,-65.00,45.00,19.50,f0:2f:74:40:a0:c0
1783355431.5,33.75,-6.43,-65.00,45.00,72.20,f0:2f:74:40:a0:c0
1783355434.5,33.75,-6.43,-65.00,45.00,72.20,f0:2f:74:40:a0:c0
1783355437.5,33.75,-6.43,-65.00,45.00,72.20,f0:2f:74:40:a0:c0
1783355440.5,33.75,-6.43,-65.00,45.00,72.20,f0:2f:74:40:a0:c0
1783355443.5,33.75,-6.43,-65.00,45.00,72.20,f0:2f:74:40:a0:c0
1783355446.5,33.75,-6.43,-65.00,45.00,72.20,f0:2f:74:40:a0:c0
1783355449.5,33.75,-6.43,-65.00,45.00,5.50,f0:2f:74:40:a0:c0
1783355452.5,33.75,-6.43,-65.00,45.00,5.50,f0:2f:74:40:a0:c0
1783355455.5,33.75,-6.43,-65.00,45.00,57.70,f0:2f:74:40:a0:c0
1783355458.5,33.75,-6.43,-65.00,45.00,28.80,f0:2f:74:40:a0:c0
1783355461.5,33.75,-6.43,-65.00,45.00,72.20,f0:2f:74:40:a0:c0
1783355464.5,33.75,-6.43,-65.00,45.00,72.20,f0:2f:74:40:a0:c0
1783355467.5,33.75,-6.43,-65.00,45.00,72.20,f0:2f:74:40:a0:c0
1783355470.5,33.75,-6.43,-65.00,45.00,72.20,f0:2f:74:40:a0:c0
1783355473.5,33.75,-6.43,-65.00,45.00,72.20,f0:2f:74:40:a0:c0
1783355476.5,33.75,-6.43,-65.00,45.00,72.20,f0:2f:74:40:a0:c0
1783355479.5,33.75,-6.43,-65.00,45.00,72.20,f0:2f:74:40:a0:c0
1783355482.5,33.75,-6.43,-65.00,45.00,72.20,f0:2f:74:40:a0:c0
1783355485.5,33.75,-6.43,-65.00,45.00,72.20,f0:2f:74:40:a0:c0
1783355488.5,33.75,-6.43,-65.00,45.00,72.20,f0:2f:74:40:a0:c0
1783355491.5,33.75,-6.43,-65.00,45.00,72.20,f0:2f:74:40:a0:c0
1783355494.5,33.75,-6.43,-65.00,45.00,72.20,f0:2f:74:40:a0:c0
1783355497.5,33.75,-6.43,-64.00,46.00,72.20,f0:2f:74:40:a0:c0
1783355500.5,33.75,-6.43,-65.00,45.00,72.20,f0:2f:74:40:a0:c0
1783355503.5,33.75,-6.43,-65.00,45.00,72.20,f0:2f:74:40:a0:c0
1783355506.5,33.75,-6.43,-65.00,45.00,72.20,f0:2f:74:40:a0:c0
1783355509.5,33.75,-6.43,-65.00,45.00,72.20,f0:2f:74:40:a0:c0
1783355512.5,33.75,-6.43,-65.00,45.00,72.20,f0:2f:74:40:a0:c0
1783355515.5,33.75,-6.43,-65.00,45.00,72.20,f0:2f:74:40:a0:c0
1783355518.5,33.75,-6.43,-65.00,45.00,72.20,f0:2f:74:40:a0:c0
1783355521.5,33.75,-6.43,-65.00,45.00,72.20,f0:2f:74:40:a0:c0
1783355524.5,33.75,-6.43,-65.00,45.00,72.20,f0:2f:74:40:a0:c0
1783355527.5,33.75,-6.43,-65.00,45.00,72.20,f0:2f:74:40:a0:c0
1783355530.5,33.75,-6.43,-65.00,45.00,72.20,f0:2f:74:40:a0:c0
1783355533.5,33.75,-6.43,-65.00,45.00,72.20,f0:2f:74:40:a0:c0
1783355536.5,33.75,-6.43,-65.00,45.00,72.20,f0:2f:74:40:a0:c0
1783355539.5,33.75,-6.43,-65.00,45.00,72.20,f0:2f:74:40:a0:c0
1783355542.5,33.75,-6.43,-65.00,45.00,72.20,f0:2f:74:40:a0:c0
1783355545.5,33.75,-6.43,-65.00,45.00,72.20,f0:2f:74:40:a0:c0
1783355548.5,33.75,-6.43,-65.00,45.00,72.20,f0:2f:74:40:a0:c0
1783355551.5,33.75,-6.43,-65.00,45.00,72.20,f0:2f:74:40:a0:c0
1783355554.5,33.75,-6.43,-65.00,45.00,72.20,f0:2f:74:40:a0:c0
1783355557.5,33.75,-6.43,-65.00,45.00,65.00,f0:2f:74:40:a0:c0
1783355560.5,33.75,-6.43,-65.00,45.00,72.20,f0:2f:74:40:a0:c0
1783355563.5,33.75,-6.43,-65.00,45.00,72.20,f0:2f:74:40:a0:c0
1783355566.5,33.75,-6.43,-66.00,44.00,52.00,f0:2f:74:40:a0:c0
1783355569.5,33.75,-6.43,-65.00,45.00,5.50,f0:2f:74:40:a0:c0
1783355572.5,33.75,-6.43,-66.00,44.00,6.50,f0:2f:74:40:a0:c0
1783355575.5,33.75,-6.43,-64.00,46.00,58.50,f0:2f:74:40:a0:c0
1783355578.5,33.75,-6.43,-65.00,45.00,72.20,f0:2f:74:40:a0:c0
1783355581.5,33.75,-6.43,-65.00,45.00,65.00,f0:2f:74:40:a0:c0
1783355584.5,33.75,-6.43,-65.00,45.00,57.70,f0:2f:74:40:a0:c0
1783355587.5,33.75,-6.43,-66.00,44.00,58.50,f0:2f:74:40:a0:c0
1783355590.5,33.75,-6.43,-65.00,45.00,65.00,f0:2f:74:40:a0:c0
1783355593.5,33.75,-6.43,-66.00,44.00,65.00,f0:2f:74:40:a0:c0
1783355596.5,33.75,-6.43,-65.00,45.00,65.00,f0:2f:74:40:a0:c0
1783355599.5,33.75,-6.43,-65.00,45.00,58.50,f0:2f:74:40:a0:c0
1783355602.5,33.75,-6.43,-65.00,45.00,57.70,f0:2f:74:40:a0:c0
1783355605.5,33.75,-6.43,-66.00,44.00,72.20,f0:2f:74:40:a0:c0
1783355608.5,33.75,-6.43,-65.00,45.00,65.00,f0:2f:74:40:a0:c0
1783355611.5,33.75,-6.43,-66.00,44.00,72.20,f0:2f:74:40:a0:c0
1783355614.5,33.75,-6.43,-65.00,45.00,72.20,f0:2f:74:40:a0:c0
1783355617.5,33.75,-6.43,-65.00,45.00,72.20,f0:2f:74:40:a0:c0
1783355620.5,33.75,-6.43,-66.00,44.00,72.20,f0:2f:74:40:a0:c0
1783355623.5,33.75,-6.43,-65.00,45.00,72.20,f0:2f:74:40:a0:c0
1783355626.5,33.75,-6.43,-65.00,45.00,72.20,f0:2f:74:40:a0:c0
1783355629.5,33.75,-6.43,-65.00,45.00,72.20,f0:2f:74:40:a0:c0
1783355632.5,33.75,-6.43,-65.00,45.00,72.20,f0:2f:74:40:a0:c0
1783355635.5,33.75,-6.43,-64.00,46.00,72.20,f0:2f:74:40:a0:c0
1783355638.5,33.75,-6.43,-65.00,45.00,72.20,f0:2f:74:40:a0:c0
1783355641.5,33.75,-6.43,-65.00,45.00,72.20,f0:2f:74:40:a0:c0
1783355644.5,33.75,-6.43,-66.00,44.00,72.20,f0:2f:74:40:a0:c0
1783355647.5,33.75,-6.43,-65.00,45.00,72.20,f0:2f:74:40:a0:c0
1783355650.5,33.75,-6.43,-65.00,45.00,72.20,f0:2f:74:40:a0:c0
1783355653.5,33.75,-6.43,-65.00,45.00,72.20,f0:2f:74:40:a0:c0
1783355656.5,33.75,-6.43,-65.00,45.00,72.20,f0:2f:74:40:a0:c0
1783355659.5,33.75,-6.43,-65.00,45.00,72.20,f0:2f:74:40:a0:c0
1783355662.5,33.75,-6.43,-65.00,45.00,72.20,f0:2f:74:40:a0:c0
1783355665.5,33.75,-6.43,-65.00,45.00,72.20,f0:2f:74:40:a0:c0
1783355668.5,33.75,-6.43,-65.00,45.00,72.20,f0:2f:74:40:a0:c0
1783355671.5,33.75,-6.43,-65.00,45.00,72.20,f0:2f:74:40:a0:c0
1783355674.5,33.75,-6.43,-66.00,44.00,72.20,f0:2f:74:40:a0:c0
1783355677.5,33.75,-6.43,-66.00,44.00,72.20,f0:2f:74:40:a0:c0
1783355680.5,33.75,-6.43,-66.00,44.00,72.20,f0:2f:74:40:a0:c0
1783355683.5,33.75,-6.43,-66.00,44.00,72.20,f0:2f:74:40:a0:c0
1783355686.5,33.75,-6.43,-66.00,44.00,72.20,f0:2f:74:40:a0:c0
1783355689.5,33.75,-6.43,-65.00,45.00,72.20,f0:2f:74:40:a0:c0
1783355692.5,33.75,-6.43,-65.00,45.00,72.20,f0:2f:74:40:a0:c0
1783355695.5,33.75,-6.43,-65.00,45.00,72.20,f0:2f:74:40:a0:c0
1783355698.5,33.75,-6.43,-65.00,45.00,72.20,f0:2f:74:40:a0:c0
1783355701.5,33.75,-6.43,-66.00,44.00,72.20,f0:2f:74:40:a0:c0
1783355704.5,33.75,-6.43,-66.00,44.00,72.20,f0:2f:74:40:a0:c0
1783355707.5,33.75,-6.43,-65.00,45.00,72.20,f0:2f:74:40:a0:c0
1783355710.5,33.75,-6.43,-66.00,44.00,72.20,f0:2f:74:40:a0:c0
1783355713.5,33.75,-6.43,-65.00,45.00,72.20,f0:2f:74:40:a0:c0
1783355716.5,33.75,-6.43,-65.00,45.00,72.20,f0:2f:74:40:a0:c0
1783355719.5,33.75,-6.43,-65.00,45.00,28.80,f0:2f:74:40:a0:c0
1783355722.5,33.75,-6.43,-66.00,44.00,72.20,f0:2f:74:40:a0:c0
1783355725.5,33.75,-6.43,-65.00,45.00,72.20,f0:2f:74:40:a0:c0
1783355728.5,33.75,-6.43,-66.00,44.00,72.20,f0:2f:74:40:a0:c0
1783355731.5,33.75,-6.43,-65.00,45.00,28.80,f0:2f:74:40:a0:c0
1783355734.5,33.75,-6.43,-64.00,46.00,5.50,f0:2f:74:40:a0:c0
1783355737.5,33.75,-6.43,-65.00,45.00,7.20,f0:2f:74:40:a0:c0
1783355740.5,33.75,-6.43,-63.00,47.00,5.50,f0:2f:74:40:a0:c0
1783355743.5,33.75,-6.43,-63.00,47.00,5.50,f0:2f:74:40:a0:c0
1783355746.5,33.75,-6.43,-66.00,44.00,39.00,f0:2f:74:40:a0:c0
1783355749.5,33.75,-6.43,-65.00,45.00,52.00,f0:2f:74:40:a0:c0
1783355752.5,33.75,-6.43,-64.00,46.00,28.80,f0:2f:74:40:a0:c0
1783355755.5,33.75,-6.43,-64.00,46.00,43.30,f0:2f:74:40:a0:c0
1783355758.5,33.75,-6.43,-65.00,45.00,65.00,f0:2f:74:40:a0:c0
1783355761.5,33.75,-6.43,-65.00,45.00,65.00,f0:2f:74:40:a0:c0
1783355764.5,33.75,-6.43,-65.00,45.00,72.20,f0:2f:74:40:a0:c0
1783355767.5,33.75,-6.43,-65.00,45.00,72.20,f0:2f:74:40:a0:c0
1783355770.5,33.75,-6.43,-66.00,44.00,43.30,f0:2f:74:40:a0:c0
1783355773.5,33.75,-6.43,-65.00,45.00,72.20,f0:2f:74:40:a0:c0
1783355776.5,33.75,-6.43,-66.00,44.00,72.20,f0:2f:74:40:a0:c0
1783355779.5,33.75,-6.43,-66.00,44.00,72.20,f0:2f:74:40:a0:c0
1783355782.5,33.75,-6.43,-65.00,45.00,72.20,f0:2f:74:40:a0:c0
1783355785.5,33.75,-6.43,-63.00,47.00,72.20,f0:2f:74:40:a0:c0
1783355788.5,33.75,-6.43,-64.00,46.00,39.00,f0:2f:74:40:a0:c0
1783355791.5,33.75,-6.43,-66.00,44.00,5.50,f0:2f:74:40:a0:c0
1783355794.5,33.75,-6.43,-66.00,44.00,6.50,f0:2f:74:40:a0:c0
1783355797.5,33.75,-6.43,-65.00,45.00,14.40,f0:2f:74:40:a0:c0
1783355800.5,33.75,-6.43,-65.00,45.00,65.00,f0:2f:74:40:a0:c0
1783355803.5,33.75,-6.43,-65.00,45.00,72.20,f0:2f:74:40:a0:c0
1783355806.5,33.75,-6.43,-65.00,45.00,72.20,f0:2f:74:40:a0:c0
1783355809.5,33.75,-6.43,-65.00,45.00,72.20,f0:2f:74:40:a0:c0
1783355812.5,33.75,-6.43,-65.00,45.00,72.20,f0:2f:74:40:a0:c0
1783355815.5,33.75,-6.43,-65.00,45.00,72.20,f0:2f:74:40:a0:c0
1783355818.5,33.75,-6.43,-65.00,45.00,72.20,f0:2f:74:40:a0:c0
1783355821.5,33.75,-6.43,-65.00,45.00,72.20,f0:2f:74:40:a0:c0
1783355824.5,33.75,-6.43,-65.00,45.00,72.20,f0:2f:74:40:a0:c0
1783355827.5,33.75,-6.43,-65.00,45.00,72.20,f0:2f:74:40:a0:c0
1783355830.5,33.75,-6.43,-65.00,45.00,72.20,f0:2f:74:40:a0:c0
1783355833.5,33.75,-6.43,-65.00,45.00,65.00,f0:2f:74:40:a0:c0
1783355836.5,33.75,-6.43,-65.00,45.00,65.00,f0:2f:74:40:a0:c0
1783355839.5,33.75,-6.43,-66.00,44.00,72.20,f0:2f:74:40:a0:c0
1783355842.5,33.75,-6.43,-65.00,45.00,72.20,f0:2f:74:40:a0:c0
1783355845.5,33.75,-6.43,-65.00,45.00,72.20,f0:2f:74:40:a0:c0
1783355848.5,33.75,-6.43,-65.00,45.00,72.20,f0:2f:74:40:a0:c0
1783355851.5,33.75,-6.43,-65.00,45.00,72.20,f0:2f:74:40:a0:c0
1783355854.5,33.75,-6.43,-65.00,45.00,72.20,f0:2f:74:40:a0:c0
1783355857.5,33.75,-6.43,-66.00,44.00,72.20,f0:2f:74:40:a0:c0
1783355860.5,33.75,-6.43,-65.00,45.00,72.20,f0:2f:74:40:a0:c0
1783355863.5,33.75,-6.43,-65.00,45.00,72.20,f0:2f:74:40:a0:c0
1783355866.5,33.75,-6.43,-65.00,45.00,72.20,f0:2f:74:40:a0:c0
1783355869.5,33.75,-6.43,-65.00,45.00,72.20,f0:2f:74:40:a0:c0
1783355872.5,33.75,-6.43,-66.00,44.00,72.20,f0:2f:74:40:a0:c0
1783355875.5,33.75,-6.43,-65.00,45.00,72.20,f0:2f:74:40:a0:c0
1783355878.5,33.75,-6.43,-65.00,45.00,72.20,f0:2f:74:40:a0:c0
1783355881.5,33.75,-6.43,-65.00,45.00,72.20,f0:2f:74:40:a0:c0
1783355884.5,33.75,-6.43,-65.00,45.00,72.20,f0:2f:74:40:a0:c0
1783355887.5,33.75,-6.43,-65.00,45.00,72.20,f0:2f:74:40:a0:c0
1783355890.5,33.75,-6.43,-65.00,45.00,72.20,f0:2f:74:40:a0:c0
1783355893.5,33.75,-6.43,-65.00,45.00,72.20,f0:2f:74:40:a0:c0
1783355896.5,33.75,-6.43,-65.00,45.00,72.20,f0:2f:74:40:a0:c0
1783355899.5,33.75,-6.43,-65.00,45.00,72.20,f0:2f:74:40:a0:c0
1783355902.5,33.75,-6.43,-65.00,45.00,72.20,f0:2f:74:40:a0:c0
1783355905.5,33.75,-6.43,-64.00,46.00,57.70,f0:2f:74:40:a0:c0
1783355908.5,33.75,-6.43,-65.00,45.00,65.00,f0:2f:74:40:a0:c0
1783355911.5,33.75,-6.43,-65.00,45.00,19.50,f0:2f:74:40:a0:c0
1783355914.5,33.75,-6.43,-65.00,45.00,65.00,f0:2f:74:40:a0:c0
1783355917.5,33.75,-6.43,-65.00,45.00,72.20,f0:2f:74:40:a0:c0
1783355920.5,33.75,-6.43,-65.00,45.00,24.00,f0:2f:74:40:a0:c0
1783355923.5,33.75,-6.43,-65.00,45.00,72.20,f0:2f:74:40:a0:c0
1783355926.5,33.75,-6.43,-65.00,45.00,72.20,f0:2f:74:40:a0:c0
1783355929.5,33.75,-6.43,-65.00,45.00,72.20,f0:2f:74:40:a0:c0
1783355932.5,33.75,-6.43,-65.00,45.00,72.20,f0:2f:74:40:a0:c0
1783355935.5,33.75,-6.43,-65.00,45.00,72.20,f0:2f:74:40:a0:c0
1783355938.5,33.75,-6.43,-65.00,45.00,72.20,f0:2f:74:40:a0:c0
1783355941.5,33.75,-6.43,-66.00,44.00,72.20,f0:2f:74:40:a0:c0
1783355944.5,33.75,-6.43,-65.00,45.00,72.20,f0:2f:74:40:a0:c0
1783355947.5,33.75,-6.43,-65.00,45.00,72.20,f0:2f:74:40:a0:c0
1783355950.5,33.75,-6.43,-65.00,45.00,72.20,f0:2f:74:40:a0:c0
1783355953.5,33.75,-6.43,-65.00,45.00,72.20,f0:2f:74:40:a0:c0
1783355956.5,33.75,-6.43,-65.00,45.00,72.20,f0:2f:74:40:a0:c0
1783355959.5,33.75,-6.43,-65.00,45.00,72.20,f0:2f:74:40:a0:c0
1783355962.5,33.75,-6.43,-65.00,45.00,72.20,f0:2f:74:40:a0:c0
1783355965.5,33.75,-6.43,-65.00,45.00,72.20,f0:2f:74:40:a0:c0
1783355968.5,33.75,-6.43,-65.00,45.00,72.20,f0:2f:74:40:a0:c0
1783355971.5,33.75,-6.43,-65.00,45.00,72.20,f0:2f:74:40:a0:c0
1783355974.5,33.75,-6.43,-65.00,45.00,72.20,f0:2f:74:40:a0:c0
1783355977.5,33.75,-6.43,-65.00,45.00,72.20,f0:2f:74:40:a0:c0
1783355980.5,33.75,-6.43,-65.00,45.00,72.20,f0:2f:74:40:a0:c0
1783355983.5,33.75,-6.43,-65.00,45.00,72.20,f0:2f:74:40:a0:c0
1783355986.5,33.75,-6.43,-65.00,45.00,72.20,f0:2f:74:40:a0:c0
1783355989.5,33.75,-6.43,-65.00,45.00,72.20,f0:2f:74:40:a0:c0
1783355992.5,33.75,-6.43,-65.00,45.00,72.20,f0:2f:74:40:a0:c0
1783355995.5,33.75,-6.43,-65.00,45.00,72.20,f0:2f:74:40:a0:c0
1783355998.5,33.75,-6.43,-65.00,45.00,72.20,f0:2f:74:40:a0:c0
1783356001.5,33.75,-6.43,-65.00,45.00,72.20,f0:2f:74:40:a0:c0
1783356004.5,33.75,-6.43,-65.00,45.00,72.20,f0:2f:74:40:a0:c0
1783356007.5,33.75,-6.43,-65.00,45.00,72.20,f0:2f:74:40:a0:c0
1783356010.5,33.75,-6.43,-65.00,45.00,72.20,f0:2f:74:40:a0:c0
1783356013.5,33.75,-6.43,-65.00,45.00,72.20,f0:2f:74:40:a0:c0
1783356016.5,33.75,-6.43,-66.00,44.00,72.20,f0:2f:74:40:a0:c0
1783356019.5,33.75,-6.43,-65.00,45.00,72.20,f0:2f:74:40:a0:c0
1783356022.5,33.75,-6.43,-65.00,45.00,72.20,f0:2f:74:40:a0:c0
1783356025.5,33.75,-6.43,-65.00,45.00,72.20,f0:2f:74:40:a0:c0
1783356028.5,33.75,-6.43,-65.00,45.00,72.20,f0:2f:74:40:a0:c0
1783356031.5,33.75,-6.43,-65.00,45.00,72.20,f0:2f:74:40:a0:c0
1783356034.5,33.75,-6.43,-65.00,45.00,72.20,f0:2f:74:40:a0:c0
1783356037.5,33.75,-6.43,-65.00,45.00,72.20,f0:2f:74:40:a0:c0
1783356040.5,33.75,-6.43,-65.00,45.00,52.00,f0:2f:74:40:a0:c0
1783356043.5,33.75,-6.43,-66.00,44.00,72.20,f0:2f:74:40:a0:c0
1783356046.5,33.75,-6.43,-65.00,45.00,72.20,f0:2f:74:40:a0:c0
1783356049.5,33.75,-6.43,-65.00,45.00,72.20,f0:2f:74:40:a0:c0
1783356052.5,33.75,-6.43,-65.00,45.00,72.20,f0:2f:74:40:a0:c0
1783356055.5,33.75,-6.43,-65.00,45.00,72.20,f0:2f:74:40:a0:c0
1783356058.5,33.75,-6.43,-65.00,45.00,72.20,f0:2f:74:40:a0:c0
1783356061.5,33.75,-6.43,-65.00,45.00,72.20,f0:2f:74:40:a0:c0
1783356064.5,33.75,-6.43,-65.00,45.00,72.20,f0:2f:74:40:a0:c0
1783356067.5,33.75,-6.43,-65.00,45.00,72.20,f0:2f:74:40:a0:c0
1783356070.5,33.75,-6.43,-65.00,45.00,72.20,f0:2f:74:40:a0:c0
1783356073.5,33.75,-6.43,-65.00,45.00,72.20,f0:2f:74:40:a0:c0
1783356076.5,33.75,-6.43,-65.00,45.00,72.20,f0:2f:74:40:a0:c0
1783356079.5,33.75,-6.43,-65.00,45.00,72.20,f0:2f:74:40:a0:c0
1783356082.5,33.75,-6.43,-65.00,45.00,6.50,f0:2f:74:40:a0:c0
1783356085.5,33.75,-6.43,-65.00,45.00,13.00,f0:2f:74:40:a0:c0
1783356088.5,33.75,-6.43,-65.00,45.00,39.00,f0:2f:74:40:a0:c0
1783356091.5,33.75,-6.43,-67.00,43.00,5.50,f0:2f:74:40:a0:c0
1783356094.5,33.75,-6.43,-67.00,43.00,13.00,f0:2f:74:40:a0:c0
1783356097.5,33.75,-6.43,-64.00,46.00,52.00,f0:2f:74:40:a0:c0
1783356100.5,33.75,-6.43,-66.00,44.00,28.80,f0:2f:74:40:a0:c0
1783356103.5,33.75,-6.43,-66.00,44.00,5.50,f0:2f:74:40:a0:c0
1783356106.5,33.75,-6.43,-67.00,43.00,5.50,f0:2f:74:40:a0:c0
1783356109.5,33.75,-6.43,-66.00,44.00,5.50,f0:2f:74:40:a0:c0
1783356112.5,33.75,-6.43,-68.00,42.00,5.50,f0:2f:74:40:a0:c0
1783356115.5,33.75,-6.43,-65.00,45.00,72.20,f0:2f:74:40:a0:c0
1783356118.5,33.75,-6.43,-65.00,45.00,72.20,f0:2f:74:40:a0:c0
1783356121.5,33.75,-6.43,-65.00,45.00,72.20,f0:2f:74:40:a0:c0
1783356124.5,33.75,-6.43,-65.00,45.00,72.20,f0:2f:74:40:a0:c0
1783356127.5,33.75,-6.43,-65.00,45.00,72.20,f0:2f:74:40:a0:c0
1783356130.5,33.75,-6.43,-65.00,45.00,72.20,f0:2f:74:40:a0:c0
1783356133.5,33.75,-6.43,-65.00,45.00,72.20,f0:2f:74:40:a0:c0
1783356136.5,33.75,-6.43,-65.00,45.00,72.20,f0:2f:74:40:a0:c0
1783356139.5,33.75,-6.43,-65.00,45.00,72.20,f0:2f:74:40:a0:c0
1783356142.5,33.75,-6.43,-65.00,45.00,72.20,f0:2f:74:40:a0:c0
1783356145.5,33.75,-6.43,-65.00,45.00,72.20,f0:2f:74:40:a0:c0
1783356148.5,33.75,-6.43,-65.00,45.00,72.20,f0:2f:74:40:a0:c0
1783356151.5,33.75,-6.43,-65.00,45.00,72.20,f0:2f:74:40:a0:c0
1783356154.5,33.75,-6.43,-65.00,45.00,72.20,f0:2f:74:40:a0:c0
1783356157.5,33.75,-6.43,-65.00,45.00,72.20,f0:2f:74:40:a0:c0
1783356160.5,33.75,-6.43,-65.00,45.00,72.20,f0:2f:74:40:a0:c0
1783356163.5,33.75,-6.43,-65.00,45.00,72.20,f0:2f:74:40:a0:c0
1783356166.5,33.75,-6.43,-65.00,45.00,72.20,f0:2f:74:40:a0:c0
1783356169.5,33.75,-6.43,-65.00,45.00,72.20,f0:2f:74:40:a0:c0
1783356172.5,33.75,-6.43,-65.00,45.00,72.20,f0:2f:74:40:a0:c0
1783356175.5,33.75,-6.43,-65.00,45.00,72.20,f0:2f:74:40:a0:c0
1783356178.5,33.75,-6.43,-65.00,45.00,72.20,f0:2f:74:40:a0:c0
1783356181.5,33.75,-6.43,-66.00,44.00,72.20,f0:2f:74:40:a0:c0
1783356184.5,33.75,-6.43,-65.00,45.00,72.20,f0:2f:74:40:a0:c0
1783356187.5,33.75,-6.43,-65.00,45.00,72.20,f0:2f:74:40:a0:c0
1783356190.5,33.75,-6.43,-65.00,45.00,72.20,f0:2f:74:40:a0:c0
1783356193.5,33.75,-6.43,-65.00,45.00,72.20,f0:2f:74:40:a0:c0
1783356196.5,33.75,-6.43,-65.00,45.00,72.20,f0:2f:74:40:a0:c0
1783356199.5,33.75,-6.43,-65.00,45.00,72.20,f0:2f:74:40:a0:c0
1783356202.5,33.75,-6.43,-65.00,45.00,65.00,f0:2f:74:40:a0:c0
1783356205.5,33.75,-6.43,-65.00,45.00,28.80,f0:2f:74:40:a0:c0
1783356208.5,33.75,-6.43,-65.00,45.00,19.50,f0:2f:74:40:a0:c0
1783356211.5,33.75,-6.43,-66.00,44.00,5.50,f0:2f:74:40:a0:c0
1783356214.5,33.75,-6.43,-66.00,44.00,6.50,f0:2f:74:40:a0:c0
1783356217.5,33.75,-6.43,-65.00,45.00,7.20,f0:2f:74:40:a0:c0
1783356220.5,33.75,-6.43,-65.00,45.00,28.80,f0:2f:74:40:a0:c0
1783356223.5,33.75,-6.43,-65.00,45.00,21.60,f0:2f:74:40:a0:c0
1783356226.5,33.75,-6.43,-65.00,45.00,43.30,f0:2f:74:40:a0:c0
1783356229.5,33.75,-6.43,-65.00,45.00,72.20,f0:2f:74:40:a0:c0
1783356232.5,33.75,-6.43,-65.00,45.00,72.20,f0:2f:74:40:a0:c0
1783356235.5,33.75,-6.43,-65.00,45.00,72.20,f0:2f:74:40:a0:c0
1783356238.5,33.75,-6.43,-65.00,45.00,52.00,f0:2f:74:40:a0:c0
1783356241.5,33.75,-6.43,-65.00,45.00,65.00,f0:2f:74:40:a0:c0
1783356244.5,33.75,-6.43,-65.00,45.00,65.00,f0:2f:74:40:a0:c0
1783356247.5,33.75,-6.43,-66.00,44.00,52.00,f0:2f:74:40:a0:c0
1783356250.5,33.75,-6.43,-65.00,45.00,72.20,f0:2f:74:40:a0:c0
1783356253.5,33.75,-6.43,-65.00,45.00,72.20,f0:2f:74:40:a0:c0
1783356256.5,33.75,-6.43,-65.00,45.00,72.20,f0:2f:74:40:a0:c0
1783356259.5,33.75,-6.43,-65.00,45.00,72.20,f0:2f:74:40:a0:c0
1783356262.5,33.75,-6.43,-65.00,45.00,65.00,f0:2f:74:40:a0:c0
1783356265.5,33.75,-6.43,-65.00,45.00,65.00,f0:2f:74:40:a0:c0
1783356268.5,33.75,-6.43,-65.00,45.00,65.00,f0:2f:74:40:a0:c0
1783356271.5,33.75,-6.43,-65.00,45.00,72.20,f0:2f:74:40:a0:c0
1783356274.5,33.75,-6.43,-65.00,45.00,72.20,f0:2f:74:40:a0:c0
1783356277.5,33.75,-6.43,-65.00,45.00,72.20,f0:2f:74:40:a0:c0
1783356280.5,33.75,-6.43,-65.00,45.00,72.20,f0:2f:74:40:a0:c0
1783356283.5,33.75,-6.43,-65.00,45.00,72.20,f0:2f:74:40:a0:c0
1783356286.5,33.75,-6.43,-65.00,45.00,58.50,f0:2f:74:40:a0:c0
1783356289.5,33.75,-6.43,-65.00,45.00,52.00,f0:2f:74:40:a0:c0
1783356292.5,33.75,-6.43,-65.00,45.00,39.00,f0:2f:74:40:a0:c0
1783356295.5,33.75,-6.43,-65.00,45.00,26.00,f0:2f:74:40:a0:c0
1783356298.5,33.75,-6.43,-65.00,45.00,39.00,f0:2f:74:40:a0:c0
1783356301.5,33.75,-6.43,-65.00,45.00,57.70,f0:2f:74:40:a0:c0
1783356304.5,33.75,-6.43,-65.00,45.00,28.80,f0:2f:74:40:a0:c0
1783356307.5,33.75,-6.43,-65.00,45.00,52.00,f0:2f:74:40:a0:c0
1783356310.5,33.75,-6.43,-65.00,45.00,57.70,f0:2f:74:40:a0:c0
1783356313.5,33.75,-6.43,-65.00,45.00,14.40,f0:2f:74:40:a0:c0
1783356316.5,33.75,-6.43,-65.00,45.00,5.50,f0:2f:74:40:a0:c0
1783356319.5,33.75,-6.43,-65.00,45.00,19.50,f0:2f:74:40:a0:c0
1783356322.5,33.75,-6.43,-65.00,45.00,65.00,f0:2f:74:40:a0:c0
1783356325.5,33.75,-6.43,-65.00,45.00,21.60,f0:2f:74:40:a0:c0
1783356328.5,33.75,-6.43,-66.00,44.00,5.50,f0:2f:74:40:a0:c0
1783356331.5,33.75,-6.43,-65.00,45.00,26.00,f0:2f:74:40:a0:c0
1783356334.5,33.75,-6.43,-65.00,45.00,21.60,f0:2f:74:40:a0:c0
1783356337.5,33.75,-6.43,-65.00,45.00,72.20,f0:2f:74:40:a0:c0
1783356340.5,33.75,-6.43,-65.00,45.00,72.20,f0:2f:74:40:a0:c0
1783356343.5,33.75,-6.43,-65.00,45.00,72.20,f0:2f:74:40:a0:c0
1783356346.5,33.75,-6.43,-65.00,45.00,26.00,f0:2f:74:40:a0:c0
1783356349.5,33.75,-6.43,-65.00,45.00,5.50,f0:2f:74:40:a0:c0
1783356352.5,33.75,-6.43,-65.00,45.00,5.50,f0:2f:74:40:a0:c0
1783356355.5,33.75,-6.43,-65.00,45.00,5.50,f0:2f:74:40:a0:c0
1783356358.5,33.75,-6.43,-65.00,45.00,6.50,f0:2f:74:40:a0:c0
1783356361.5,33.75,-6.43,-65.00,45.00,5.50,f0:2f:74:40:a0:c0
1783356364.5,33.75,-6.43,-65.00,45.00,19.50,f0:2f:74:40:a0:c0
1783356367.5,33.75,-6.43,-65.00,45.00,65.00,f0:2f:74:40:a0:c0
1783356370.5,33.75,-6.43,-65.00,45.00,43.30,f0:2f:74:40:a0:c0
1783356373.5,33.75,-6.43,-65.00,45.00,58.50,f0:2f:74:40:a0:c0
1783356376.5,33.75,-6.43,-65.00,45.00,72.20,f0:2f:74:40:a0:c0
1783356379.5,33.75,-6.43,-65.00,45.00,72.20,f0:2f:74:40:a0:c0
1783356382.5,33.75,-6.43,-65.00,45.00,58.50,f0:2f:74:40:a0:c0
1783356385.5,33.75,-6.43,-65.00,45.00,72.20,f0:2f:74:40:a0:c0
1783356388.5,33.75,-6.43,-65.00,45.00,72.20,f0:2f:74:40:a0:c0
1783356391.5,33.75,-6.43,-65.00,45.00,72.20,f0:2f:74:40:a0:c0
1783356394.5,33.75,-6.43,-65.00,45.00,72.20,f0:2f:74:40:a0:c0
1783356397.5,33.75,-6.43,-65.00,45.00,72.20,f0:2f:74:40:a0:c0
1783356400.5,33.75,-6.43,-65.00,45.00,72.20,f0:2f:74:40:a0:c0
1783356403.5,33.75,-6.43,-65.00,45.00,72.20,f0:2f:74:40:a0:c0
1783356406.5,33.75,-6.43,-65.00,45.00,57.70,f0:2f:74:40:a0:c0
1783356409.5,33.75,-6.43,-65.00,45.00,39.00,f0:2f:74:40:a0:c0
1783356412.5,33.75,-6.43,-65.00,45.00,72.20,f0:2f:74:40:a0:c0
1783356415.5,33.75,-6.43,-65.00,45.00,72.20,f0:2f:74:40:a0:c0
1783356418.5,33.75,-6.43,-65.00,45.00,72.20,f0:2f:74:40:a0:c0
1783356421.5,33.75,-6.43,-65.00,45.00,65.00,f0:2f:74:40:a0:c0
1783356424.5,33.75,-6.43,-65.00,45.00,65.00,f0:2f:74:40:a0:c0
1783356427.5,33.75,-6.43,-65.00,45.00,72.20,f0:2f:74:40:a0:c0
1783356430.5,33.75,-6.43,-65.00,45.00,65.00,f0:2f:74:40:a0:c0
1783356433.5,33.75,-6.43,-65.00,45.00,57.70,f0:2f:74:40:a0:c0
1783356436.5,33.75,-6.43,-65.00,45.00,58.50,f0:2f:74:40:a0:c0
1783356439.5,33.75,-6.43,-65.00,45.00,21.60,f0:2f:74:40:a0:c0
1783356442.5,33.75,-6.43,-65.00,45.00,72.20,f0:2f:74:40:a0:c0
1783356445.5,33.75,-6.43,-66.00,44.00,39.00,f0:2f:74:40:a0:c0
1783356448.5,33.75,-6.43,-64.00,46.00,6.50,f0:2f:74:40:a0:c0
1783356451.5,33.75,-6.43,-64.00,46.00,52.00,f0:2f:74:40:a0:c0
1783356454.5,33.75,-6.43,-65.00,45.00,52.00,f0:2f:74:40:a0:c0
1783356457.5,33.75,-6.43,-63.00,47.00,6.50,f0:2f:74:40:a0:c0
1783356460.5,33.75,-6.43,-65.00,45.00,6.50,f0:2f:74:40:a0:c0
1783356463.5,33.75,-6.43,-62.00,48.00,5.50,f0:2f:74:40:a0:c0
1783356466.5,33.75,-6.43,-62.00,48.00,5.50,f0:2f:74:40:a0:c0
1783356469.5,33.75,-6.43,-61.00,49.00,5.50,f0:2f:74:40:a0:c0
1783356472.5,33.75,-6.43,-66.00,44.00,7.20,f0:2f:74:40:a0:c0
1783356475.5,33.75,-6.43,-64.00,46.00,26.00,f0:2f:74:40:a0:c0
1783356478.5,33.75,-6.43,-61.00,49.00,5.50,f0:2f:74:40:a0:c0
1783356481.5,33.75,-6.43,-64.00,46.00,6.50,f0:2f:74:40:a0:c0
1783356484.5,33.75,-6.43,-65.00,45.00,14.40,f0:2f:74:40:a0:c0
1783356487.5,33.75,-6.43,-65.00,45.00,72.20,f0:2f:74:40:a0:c0
1783356490.5,33.75,-6.43,-61.00,49.00,13.00,f0:2f:74:40:a0:c0
1783356493.5,33.75,-6.43,-61.00,49.00,6.50,f0:2f:74:40:a0:c0
1783356496.5,33.75,-6.43,-60.00,50.00,5.50,f0:2f:74:40:a0:c0
1783356499.5,33.75,-6.43,-62.00,48.00,5.50,f0:2f:74:40:a0:c0
1783356502.5,33.75,-6.43,-61.00,49.00,5.50,f0:2f:74:40:a0:c0
1783356505.5,33.75,-6.43,-64.00,46.00,5.50,f0:2f:74:40:a0:c0
1783356508.5,33.75,-6.43,-60.00,50.00,6.50,f0:2f:74:40:a0:c0
1783356511.5,33.75,-6.43,-61.00,49.00,5.50,f0:2f:74:40:a0:c0
1783356514.5,33.75,-6.43,-61.00,49.00,6.50,f0:2f:74:40:a0:c0
1783356517.5,33.75,-6.43,-62.00,48.00,5.50,f0:2f:74:40:a0:c0
1783356520.5,33.75,-6.43,-61.00,49.00,65.00,f0:2f:74:40:a0:c0
1783356523.8,33.75,-6.43,-62.00,48.00,13.00,f0:2f:74:40:a0:c0
1783356526.5,33.75,-6.43,-61.00,49.00,6.50,f0:2f:74:40:a0:c0
1783356529.5,33.75,-6.43,-61.00,49.00,5.50,f0:2f:74:40:a0:c0
1783356532.5,33.75,-6.43,-62.00,48.00,5.50,f0:2f:74:40:a0:c0
1783356535.5,33.75,-6.43,-62.00,48.00,5.50,f0:2f:74:40:a0:c0
1783356538.5,33.75,-6.43,-65.00,45.00,6.50,f0:2f:74:40:a0:c0
1783356541.5,33.75,-6.43,-63.00,47.00,19.50,f0:2f:74:40:a0:c0
1783356544.5,33.75,-6.43,-62.00,48.00,5.50,f0:2f:74:40:a0:c0
1783356547.5,33.75,-6.43,-62.00,48.00,5.50,f0:2f:74:40:a0:c0
1783356550.5,33.75,-6.43,-61.00,49.00,5.50,f0:2f:74:40:a0:c0
1783356553.5,33.75,-6.43,-61.00,49.00,5.50,f0:2f:74:40:a0:c0
1783356556.5,33.75,-6.43,-61.00,49.00,5.50,f0:2f:74:40:a0:c0
1783356559.5,33.75,-6.43,-63.00,47.00,5.50,f0:2f:74:40:a0:c0
1783356562.5,33.75,-6.43,-61.00,49.00,5.50,f0:2f:74:40:a0:c0
1783356565.5,33.75,-6.43,-61.00,49.00,6.50,f0:2f:74:40:a0:c0
1783356568.5,33.75,-6.43,-62.00,48.00,6.50,f0:2f:74:40:a0:c0
1783356571.5,33.75,-6.43,-64.00,46.00,5.50,f0:2f:74:40:a0:c0
1783356574.5,33.75,-6.43,-66.00,44.00,5.50,f0:2f:74:40:a0:c0
1783356577.5,33.75,-6.43,-66.00,44.00,6.50,f0:2f:74:40:a0:c0
1783356580.5,33.75,-6.43,-65.00,45.00,7.20,f0:2f:74:40:a0:c0
1783356583.5,33.75,-6.43,-66.00,44.00,6.50,f0:2f:74:40:a0:c0
1783356586.5,33.75,-6.43,-67.00,43.00,6.50,f0:2f:74:40:a0:c0
1783356589.5,33.75,-6.43,-64.00,46.00,5.50,f0:2f:74:40:a0:c0
1783356592.5,33.75,-6.43,-66.00,44.00,13.00,f0:2f:74:40:a0:c0
1783356595.5,33.75,-6.43,-65.00,45.00,57.70,f0:2f:74:40:a0:c0
1783356598.5,33.75,-6.43,-65.00,45.00,72.20,f0:2f:74:40:a0:c0
1783356601.5,33.75,-6.43,-65.00,45.00,5.50,f0:2f:74:40:a0:c0
1783356604.5,33.75,-6.43,-65.00,45.00,19.50,f0:2f:74:40:a0:c0
1783356607.5,33.75,-6.43,-65.00,45.00,26.00,f0:2f:74:40:a0:c0
1783356610.5,33.75,-6.43,-65.00,45.00,65.00,f0:2f:74:40:a0:c0
1783356613.5,33.75,-6.43,-65.00,45.00,65.00,f0:2f:74:40:a0:c0
1783356616.5,33.75,-6.43,-65.00,45.00,57.70,f0:2f:74:40:a0:c0
1783356619.5,33.75,-6.43,-65.00,45.00,72.20,f0:2f:74:40:a0:c0
1783356622.5,33.75,-6.43,-65.00,45.00,72.20,f0:2f:74:40:a0:c0
1783356625.5,33.75,-6.43,-65.00,45.00,72.20,f0:2f:74:40:a0:c0
1783356628.5,33.75,-6.43,-65.00,45.00,72.20,f0:2f:74:40:a0:c0
1783356631.5,33.75,-6.43,-65.00,45.00,72.20,f0:2f:74:40:a0:c0
1783356634.5,33.75,-6.43,-65.00,45.00,65.00,f0:2f:74:40:a0:c0
1783356637.5,33.75,-6.43,-65.00,45.00,72.20,f0:2f:74:40:a0:c0
1783356640.5,33.75,-6.43,-63.00,47.00,57.70,f0:2f:74:40:a0:c0
1783356643.5,33.75,-6.43,-64.00,46.00,19.50,f0:2f:74:40:a0:c0
1783356646.5,33.75,-6.43,-65.00,45.00,6.50,f0:2f:74:40:a0:c0
1783356649.5,33.75,-6.43,-64.00,46.00,5.50,f0:2f:74:40:a0:c0
1783356652.5,33.75,-6.43,-65.00,45.00,5.50,f0:2f:74:40:a0:c0
1783356655.5,33.75,-6.43,-65.00,45.00,72.20,f0:2f:74:40:a0:c0
1783356658.5,33.75,-6.43,-64.00,46.00,65.00,f0:2f:74:40:a0:c0
1783356661.5,33.75,-6.43,-65.00,45.00,5.50,f0:2f:74:40:a0:c0
1783356664.5,33.75,-6.43,-65.00,45.00,52.00,f0:2f:74:40:a0:c0
1783356667.5,33.75,-6.43,-65.00,45.00,72.20,f0:2f:74:40:a0:c0
1783356670.5,33.75,-6.43,-65.00,45.00,65.00,f0:2f:74:40:a0:c0
1783356673.5,33.75,-6.43,-65.00,45.00,57.70,f0:2f:74:40:a0:c0
1783356676.5,33.75,-6.43,-65.00,45.00,65.00,f0:2f:74:40:a0:c0
1783356679.5,33.75,-6.43,-65.00,45.00,58.50,f0:2f:74:40:a0:c0
1783356682.5,33.75,-6.43,-65.00,45.00,72.20,f0:2f:74:40:a0:c0
1783356685.5,33.75,-6.43,-65.00,45.00,58.50,f0:2f:74:40:a0:c0
1783356688.5,33.75,-6.43,-65.00,45.00,72.20,f0:2f:74:40:a0:c0
1783356691.5,33.75,-6.43,-65.00,45.00,58.50,f0:2f:74:40:a0:c0
1783356694.5,33.75,-6.43,-65.00,45.00,65.00,f0:2f:74:40:a0:c0
1783356697.5,33.75,-6.43,-65.00,45.00,72.20,f0:2f:74:40:a0:c0
1783356700.5,33.75,-6.43,-64.00,46.00,72.20,f0:2f:74:40:a0:c0
1783356703.5,33.75,-6.43,-64.00,46.00,65.00,f0:2f:74:40:a0:c0
1783356706.5,33.75,-6.43,-63.00,47.00,5.50,f0:2f:74:40:a0:c0
1783356709.5,33.75,-6.43,-65.00,45.00,5.50,f0:2f:74:40:a0:c0
1783356712.5,33.75,-6.43,-62.00,48.00,5.50,f0:2f:74:40:a0:c0
1783356715.5,33.75,-6.43,-65.00,45.00,26.00,f0:2f:74:40:a0:c0
1783356718.5,33.75,-6.43,-64.00,46.00,14.40,f0:2f:74:40:a0:c0
1783356721.5,33.75,-6.43,-65.00,45.00,14.40,f0:2f:74:40:a0:c0
1783356724.5,33.75,-6.43,-65.00,45.00,5.50,f0:2f:74:40:a0:c0
1783356727.5,33.75,-6.43,-65.00,45.00,72.20,f0:2f:74:40:a0:c0
1783356730.5,33.75,-6.43,-64.00,46.00,19.50,f0:2f:74:40:a0:c0
1783356733.5,33.75,-6.43,-65.00,45.00,5.50,f0:2f:74:40:a0:c0
1783356736.5,33.75,-6.43,-65.00,45.00,5.50,f0:2f:74:40:a0:c0
1783356739.5,33.75,-6.43,-65.00,45.00,72.20,f0:2f:74:40:a0:c0
1783356742.5,33.75,-6.43,-65.00,45.00,72.20,f0:2f:74:40:a0:c0
1783356745.5,33.75,-6.43,-65.00,45.00,72.20,f0:2f:74:40:a0:c0
1783356748.5,33.75,-6.43,-65.00,45.00,72.20,f0:2f:74:40:a0:c0
1783356751.5,33.75,-6.43,-65.00,45.00,72.20,f0:2f:74:40:a0:c0
1783356754.5,33.75,-6.43,-65.00,45.00,65.00,f0:2f:74:40:a0:c0
1783356757.5,33.75,-6.43,-65.00,45.00,72.20,f0:2f:74:40:a0:c0
1783356760.5,33.75,-6.43,-65.00,45.00,72.20,f0:2f:74:40:a0:c0
1783356763.5,33.75,-6.43,-65.00,45.00,72.20,f0:2f:74:40:a0:c0
1783356766.5,33.75,-6.43,-65.00,45.00,72.20,f0:2f:74:40:a0:c0
1783356769.5,33.75,-6.43,-65.00,45.00,65.00,f0:2f:74:40:a0:c0
1783356772.5,33.75,-6.43,-64.00,46.00,72.20,f0:2f:74:40:a0:c0
1783356775.5,33.75,-6.43,-64.00,46.00,72.20,f0:2f:74:40:a0:c0
1783356778.5,33.75,-6.43,-64.00,46.00,72.20,f0:2f:74:40:a0:c0
1783356781.5,33.75,-6.43,-65.00,45.00,72.20,f0:2f:74:40:a0:c0
1783356784.5,33.75,-6.43,-65.00,45.00,72.20,f0:2f:74:40:a0:c0
1783356787.5,33.75,-6.43,-64.00,46.00,72.20,f0:2f:74:40:a0:c0
1783356790.5,33.75,-6.43,-64.00,46.00,72.20,f0:2f:74:40:a0:c0
1783356793.5,33.75,-6.43,-65.00,45.00,72.20,f0:2f:74:40:a0:c0
1783356796.5,33.75,-6.43,-65.00,45.00,72.20,f0:2f:74:40:a0:c0
1783356799.5,33.75,-6.43,-65.00,45.00,72.20,f0:2f:74:40:a0:c0
1783356802.5,33.75,-6.43,-66.00,44.00,72.20,f0:2f:74:40:a0:c0
1783356805.5,33.75,-6.43,-65.00,45.00,5.50,f0:2f:74:40:a0:c0
1783356808.5,33.75,-6.43,-66.00,44.00,5.50,f0:2f:74:40:a0:c0
1783356811.5,33.75,-6.43,-68.00,42.00,5.50,f0:2f:74:40:a0:c0
1783356814.5,33.75,-6.43,-67.00,43.00,5.50,f0:2f:74:40:a0:c0
1783356817.5,33.75,-6.43,-65.00,45.00,26.00,f0:2f:74:40:a0:c0
1783356820.5,33.75,-6.43,-62.00,48.00,5.50,f0:2f:74:40:a0:c0
1783356823.5,33.75,-6.43,-63.00,47.00,5.50,f0:2f:74:40:a0:c0
1783356826.5,33.75,-6.43,-63.00,47.00,6.50,f0:2f:74:40:a0:c0
1783356829.5,33.75,-6.43,-64.00,46.00,7.20,f0:2f:74:40:a0:c0
1783356832.5,33.75,-6.43,-64.00,46.00,5.50,f0:2f:74:40:a0:c0
1783356835.5,33.75,-6.43,-64.00,46.00,5.50,f0:2f:74:40:a0:c0
1783356838.5,33.75,-6.43,-63.00,47.00,5.50,f0:2f:74:40:a0:c0
1783356841.5,33.75,-6.43,-64.00,46.00,57.70,f0:2f:74:40:a0:c0
1783356844.5,33.75,-6.43,-65.00,45.00,72.20,f0:2f:74:40:a0:c0
1783356847.5,33.75,-6.43,-65.00,45.00,58.50,f0:2f:74:40:a0:c0
1783356850.5,33.75,-6.43,-62.00,48.00,6.50,f0:2f:74:40:a0:c0
1783356853.5,33.75,-6.43,-62.00,48.00,5.50,f0:2f:74:40:a0:c0
1783356856.5,33.75,-6.43,-62.00,48.00,5.50,f0:2f:74:40:a0:c0
1783356859.5,33.75,-6.43,-63.00,47.00,6.50,f0:2f:74:40:a0:c0
1783356862.5,33.75,-6.43,-62.00,48.00,5.50,f0:2f:74:40:a0:c0
1783356865.5,33.75,-6.43,-65.00,45.00,5.50,f0:2f:74:40:a0:c0
1783356868.5,33.75,-6.43,-63.00,47.00,72.20,f0:2f:74:40:a0:c0
1783356871.5,33.75,-6.43,-63.00,47.00,5.50,f0:2f:74:40:a0:c0
1783356874.5,33.75,-6.43,-62.00,48.00,5.50,f0:2f:74:40:a0:c0
1783356877.5,33.75,-6.43,-63.00,47.00,6.50,f0:2f:74:40:a0:c0
1783356880.5,33.75,-6.43,-63.00,47.00,5.50,f0:2f:74:40:a0:c0
1783356883.5,33.75,-6.43,-62.00,48.00,5.50,f0:2f:74:40:a0:c0
1783356886.5,33.75,-6.43,-62.00,48.00,5.50,f0:2f:74:40:a0:c0
1783356889.5,33.75,-6.43,-62.00,48.00,5.50,f0:2f:74:40:a0:c0
1783356892.5,33.75,-6.43,-63.00,47.00,5.50,f0:2f:74:40:a0:c0
1783356895.5,33.75,-6.43,-64.00,46.00,5.50,f0:2f:74:40:a0:c0
1783356898.5,33.75,-6.43,-65.00,45.00,5.50,f0:2f:74:40:a0:c0
1783356901.5,33.75,-6.43,-68.00,42.00,5.50,f0:2f:74:40:a0:c0
1783356904.5,33.67,-6.42,-68.00,42.00,72.20,f0:2f:74:40:a0:c0
1783356907.5,33.67,-6.42,-67.00,43.00,72.20,f0:2f:74:40:a0:c0
1783356910.5,33.75,-6.25,-67.00,43.00,72.20,f0:2f:74:40:a0:c0
1783356913.5,33.75,-6.25,-67.00,43.00,72.20,f0:2f:74:40:a0:c0
1783356916.5,34.22,-5.97,-65.00,45.00,58.50,f0:2f:74:40:a0:c0
1783356919.8,34.36,-5.70,-65.00,45.00,5.50,f0:2f:74:40:a0:c0
1783356922.9,34.47,-5.46,-64.00,46.00,6.50,f0:2f:74:40:a0:c0
1783356925.5,34.47,-5.46,-66.00,44.00,39.00,f0:2f:74:40:a0:c0
1783356928.5,34.82,-4.94,-64.00,46.00,72.20,f0:2f:74:40:a0:c0
1783356931.5,35.28,-4.40,-63.00,47.00,72.20,f0:2f:74:40:a0:c0
1783356934.5,35.73,-3.87,-63.00,47.00,72.20,f0:2f:74:40:a0:c0
1783356937.5,36.44,-3.03,-59.00,51.00,72.20,f0:2f:74:40:a0:c0
1783356940.5,36.87,-2.47,-64.00,46.00,72.20,f0:2f:74:40:a0:c0
1783356943.5,36.95,-2.49,-61.00,49.00,72.20,f0:2f:74:40:a0:c0
1783356946.5,36.33,-2.49,-62.00,48.00,72.20,f0:2f:74:40:a0:c0
1783356949.5,35.49,-2.50,-60.00,50.00,72.20,f0:2f:74:40:a0:c0
1783356952.5,34.68,-2.46,-58.00,52.00,72.20,f0:2f:74:40:a0:c0
1783356955.5,33.89,-2.42,-60.00,50.00,72.20,f0:2f:74:40:a0:c0
1783356958.5,33.10,-2.62,-59.00,51.00,72.20,f0:2f:74:40:a0:c0
1783356961.5,32.32,-2.98,-58.00,52.00,72.20,f0:2f:74:40:a0:c0
1783356964.5,31.81,-3.17,-57.00,53.00,72.20,f0:2f:74:40:a0:c0
1783356967.5,31.06,-3.20,-56.00,54.00,72.20,f0:2f:74:40:a0:c0
1783356970.5,30.24,-3.22,-56.00,54.00,72.20,f0:2f:74:40:a0:c0
1783356973.5,29.42,-3.23,-53.00,57.00,72.20,f0:2f:74:40:a0:c0
1783356976.5,28.59,-3.19,-50.00,60.00,72.20,f0:2f:74:40:a0:c0
1783356979.5,27.79,-3.22,-53.00,57.00,72.20,f0:2f:74:40:a0:c0
1783356982.5,26.90,-3.22,-49.00,61.00,72.20,f0:2f:74:40:a0:c0
1783356985.5,26.03,-3.21,-49.00,61.00,72.20,f0:2f:74:40:a0:c0
1783356988.5,25.23,-3.22,-50.00,60.00,72.20,f0:2f:74:40:a0:c0
1783356991.5,24.40,-3.19,-48.00,62.00,72.20,f0:2f:74:40:a0:c0
1783356994.5,23.59,-3.15,-47.00,63.00,72.20,f0:2f:74:40:a0:c0
1783356997.5,22.77,-3.11,-48.00,62.00,72.20,f0:2f:74:40:a0:c0
1783357000.5,21.94,-3.09,-51.00,59.00,72.20,f0:2f:74:40:a0:c0
1783357003.5,21.09,-3.12,-47.00,63.00,72.20,f0:2f:74:40:a0:c0
1783357006.5,20.22,-3.13,-46.00,64.00,72.20,f0:2f:74:40:a0:c0
1783357009.5,19.29,-3.20,-44.00,66.00,72.20,f0:2f:74:40:a0:c0
1783357012.5,18.52,-3.17,-46.00,64.00,72.20,f0:2f:74:40:a0:c0
1783357015.5,17.70,-3.21,-47.00,63.00,72.20,f0:2f:74:40:a0:c0
1783357018.5,16.89,-3.33,-45.00,65.00,72.20,f0:2f:74:40:a0:c0
1783357021.5,16.08,-3.50,-46.00,64.00,72.20,f0:2f:74:40:a0:c0
1783357024.5,15.24,-3.79,-44.00,66.00,72.20,f0:2f:74:40:a0:c0
1783357027.5,14.95,-3.91,-43.00,67.00,72.20,f0:2f:74:40:a0:c0
1783357030.5,14.11,-3.92,-44.00,66.00,72.20,f0:2f:74:40:a0:c0
1783357033.5,13.26,-3.96,-41.00,69.00,72.20,f0:2f:74:40:a0:c0
1783357036.5,12.44,-4.05,-41.00,69.00,72.20,f0:2f:74:40:a0:c0
1783357039.5,11.66,-4.33,-41.00,69.00,72.20,f0:2f:74:40:a0:c0
1783357042.5,11.37,-4.49,-37.00,70.00,72.20,f0:2f:74:40:a0:c0
1783357045.5,10.73,-4.46,-36.00,70.00,72.20,f0:2f:74:40:a0:c0
1783357048.5,9.88,-4.36,-39.00,70.00,72.20,f0:2f:74:40:a0:c0
1783357051.5,9.02,-4.24,-39.00,70.00,72.20,f0:2f:74:40:a0:c0
1783357054.5,8.13,-4.17,-35.00,70.00,72.20,f0:2f:74:40:a0:c0
1783357057.5,7.25,-4.09,-38.00,70.00,72.20,f0:2f:74:40:a0:c0
1783357060.5,6.30,-4.08,-33.00,70.00,72.20,f0:2f:74:40:a0:c0
1783357063.5,5.37,-3.98,-36.00,70.00,72.20,f0:2f:74:40:a0:c0
1783357066.5,4.50,-3.91,-31.00,70.00,72.20,f0:2f:74:40:a0:c0
1783357069.5,3.89,-3.89,-34.00,70.00,72.20,f0:2f:74:40:a0:c0
1783357072.5,3.01,-3.93,-32.00,70.00,72.20,f0:2f:74:40:a0:c0
1783357075.5,2.17,-3.94,-36.00,70.00,72.20,f0:2f:74:40:a0:c0
1783357078.5,1.28,-3.89,-35.00,70.00,72.20,f0:2f:74:40:a0:c0
1783357081.5,0.45,-3.73,-39.00,70.00,72.20,f0:2f:74:40:a0:c0
1783357084.5,-0.12,-3.16,-35.00,70.00,72.20,f0:2f:74:40:a0:c0
1783357087.5,-0.26,-2.42,-32.00,70.00,72.20,f0:2f:74:40:a0:c0
1783357090.5,-0.37,-1.67,-31.00,70.00,72.20,f0:2f:74:40:a0:c0
1783357093.5,-0.58,-1.12,-36.00,70.00,72.20,f0:2f:74:40:a0:c0
1783357096.5,-0.83,-1.15,-36.00,70.00,72.20,f0:2f:74:40:a0:c0
1783357099.5,-1.37,-1.51,-38.00,70.00,72.20,f0:2f:74:40:a0:c0
1783357102.5,-2.15,-2.04,-35.00,70.00,72.20,f0:2f:74:40:a0:c0
1783357105.5,-2.70,-2.45,-38.00,70.00,72.20,f0:2f:74:40:a0:c0
1783357108.5,-3.25,-2.90,-37.00,70.00,72.20,f0:2f:74:40:a0:c0
1783357111.5,-4.13,-3.52,-39.00,70.00,72.20,f0:2f:74:40:a0:c0
1783357114.5,-4.94,-4.02,-40.00,70.00,72.20,f0:2f:74:40:a0:c0
1783357117.5,-5.47,-4.18,-40.00,70.00,72.20,f0:2f:74:40:a0:c0
1783357120.5,-6.31,-4.41,-43.00,67.00,72.20,f0:2f:74:40:a0:c0
1783357123.5,-7.12,-4.54,-42.00,68.00,72.20,f0:2f:74:40:a0:c0
1783357126.5,-7.93,-4.76,-43.00,67.00,72.20,f0:2f:74:40:a0:c0
1783357129.5,-8.68,-5.00,-45.00,65.00,72.20,f0:2f:74:40:a0:c0
1783357132.5,-9.41,-5.18,-47.00,63.00,72.20,f0:2f:74:40:a0:c0
1783357135.5,-10.17,-5.29,-46.00,64.00,72.20,f0:2f:74:40:a0:c0
1783357138.5,-10.91,-5.45,-47.00,63.00,72.20,f0:2f:74:40:a0:c0
1783357141.5,-11.68,-5.60,-47.00,63.00,72.20,f0:2f:74:40:a0:c0
1783357144.5,-12.51,-6.01,-48.00,62.00,72.20,f0:2f:74:40:a0:c0
1783357147.5,-12.64,-6.04,-48.00,62.00,72.20,f0:2f:74:40:a0:c0
1783357150.5,-12.01,-5.74,-50.00,60.00,72.20,f0:2f:74:40:a0:c0
1783357153.5,-11.49,-5.54,-46.00,64.00,72.20,f0:2f:74:40:a0:c0
1783357156.5,-10.66,-5.24,-43.00,67.00,72.20,f0:2f:74:40:a0:c0
1783357159.5,-9.90,-5.11,-45.00,65.00,72.20,f0:2f:74:40:a0:c0
1783357162.5,-9.11,-4.88,-42.00,68.00,72.20,f0:2f:74:40:a0:c0
1783357165.5,-8.37,-4.64,-43.00,67.00,72.20,f0:2f:74:40:a0:c0
1783357168.5,-7.65,-4.49,-39.00,70.00,72.20,f0:2f:74:40:a0:c0
1783357171.5,-6.90,-4.45,-42.00,68.00,72.20,f0:2f:74:40:a0:c0
1783357174.5,-6.13,-4.40,-36.00,70.00,72.20,f0:2f:74:40:a0:c0
1783357177.5,-5.33,-4.21,-38.00,70.00,72.20,f0:2f:74:40:a0:c0
1783357180.5,-4.50,-3.90,-40.00,70.00,72.20,f0:2f:74:40:a0:c0
1783357183.5,-3.93,-3.56,-34.00,70.00,72.20,f0:2f:74:40:a0:c0
1783357186.5,-3.32,-3.18,-37.00,70.00,72.20,f0:2f:74:40:a0:c0
1783357189.5,-2.45,-2.48,-34.00,70.00,72.20,f0:2f:74:40:a0:c0
1783357192.5,-1.86,-1.99,-35.00,70.00,72.20,f0:2f:74:40:a0:c0
1783357195.5,-0.97,-1.50,-36.00,70.00,72.20,f0:2f:74:40:a0:c0
1783357198.5,-0.35,-1.08,-33.00,70.00,72.20,f0:2f:74:40:a0:c0
1783357201.5,-0.22,-0.98,-37.00,70.00,72.20,f0:2f:74:40:a0:c0
1783357204.5,-0.28,-0.93,-34.00,70.00,72.20,f0:2f:74:40:a0:c0
1783357207.5,-0.42,-0.78,-34.00,70.00,72.20,f0:2f:74:40:a0:c0
1783357210.5,-0.82,-0.24,-40.00,70.00,72.20,f0:2f:74:40:a0:c0
1783357213.5,-1.54,0.56,-37.00,70.00,72.20,f0:2f:74:40:a0:c0
1783357216.5,-2.03,1.11,-39.00,70.00,72.20,f0:2f:74:40:a0:c0
1783357219.5,-2.54,1.65,-39.00,70.00,72.20,f0:2f:74:40:a0:c0
1783357222.5,-2.97,2.19,-40.00,70.00,72.20,f0:2f:74:40:a0:c0
1783357225.5,-3.64,2.94,-37.00,70.00,72.20,f0:2f:74:40:a0:c0
1783357228.5,-4.16,3.37,-40.00,70.00,72.20,f0:2f:74:40:a0:c0
1783357231.5,-4.75,4.15,-40.00,70.00,72.20,f0:2f:74:40:a0:c0
1783357234.5,-4.89,4.87,-42.00,68.00,72.20,f0:2f:74:40:a0:c0
1783357237.5,-4.86,5.00,-44.00,66.00,72.20,f0:2f:74:40:a0:c0
1783357240.5,-4.86,5.00,-44.00,66.00,72.20,f0:2f:74:40:a0:c0
1783357243.5,-4.86,5.00,-44.00,66.00,72.20,f0:2f:74:40:a0:c0
1783357246.5,-4.86,5.00,-43.00,67.00,72.20,f0:2f:74:40:a0:c0
1783357249.5,-4.86,5.00,-44.00,66.00,72.20,f0:2f:74:40:a0:c0
1783357252.5,-4.86,5.00,-43.00,67.00,72.20,f0:2f:74:40:a0:c0
1783357255.5,-4.86,5.00,-43.00,67.00,72.20,f0:2f:74:40:a0:c0
1783357258.5,-4.86,5.00,-44.00,66.00,72.20,f0:2f:74:40:a0:c0
1783357261.5,-4.86,5.00,-44.00,66.00,72.20,f0:2f:74:40:a0:c0
1783357264.5,-4.86,5.00,-44.00,66.00,72.20,f0:2f:74:40:a0:c0
1783357267.5,-4.86,5.00,-44.00,66.00,72.20,f0:2f:74:40:a0:c0
1783357270.5,-4.86,5.00,-44.00,66.00,72.20,f0:2f:74:40:a0:c0
1783357273.5,-4.86,5.00,-44.00,66.00,72.20,f0:2f:74:40:a0:c0
1783357276.5,-4.82,5.05,-40.00,70.00,72.20,f0:2f:74:40:a0:c0
1783357279.5,-4.83,5.08,-42.00,68.00,72.20,f0:2f:74:40:a0:c0
1783357282.5,-4.83,5.08,-42.00,68.00,72.20,f0:2f:74:40:a0:c0
1783357285.5,-4.83,5.08,-42.00,68.00,72.20,f0:2f:74:40:a0:c0
1783357288.5,-4.83,5.08,-42.00,68.00,72.20,f0:2f:74:40:a0:c0
1783357291.5,-4.83,5.08,-42.00,68.00,72.20,f0:2f:74:40:a0:c0
1783357294.5,-4.83,5.08,-42.00,68.00,72.20,f0:2f:74:40:a0:c0
1783357297.5,-4.83,5.08,-42.00,68.00,72.20,f0:2f:74:40:a0:c0
1783357300.5,-4.83,5.08,-42.00,68.00,72.20,f0:2f:74:40:a0:c0
1783357303.5,-4.83,5.08,-42.00,68.00,72.20,f0:2f:74:40:a0:c0
1783357306.5,-4.83,5.08,-42.00,68.00,72.20,f0:2f:74:40:a0:c0
1783357309.5,-4.83,5.08,-42.00,68.00,72.20,f0:2f:74:40:a0:c0
1783357312.5,-4.83,5.08,-42.00,68.00,72.20,f0:2f:74:40:a0:c0
1783357315.5,-4.83,5.08,-42.00,68.00,72.20,f0:2f:74:40:a0:c0
1783357318.5,-4.83,5.08,-42.00,68.00,72.20,f0:2f:74:40:a0:c0
1783357321.5,-4.83,5.08,-42.00,68.00,72.20,f0:2f:74:40:a0:c0
1783357324.5,-4.83,5.08,-42.00,68.00,72.20,f0:2f:74:40:a0:c0
1783357327.5,-4.83,5.08,-42.00,68.00,72.20,f0:2f:74:40:a0:c0
1783357330.5,-4.83,5.08,-42.00,68.00,72.20,f0:2f:74:40:a0:c0
1783357333.5,-4.83,5.08,-42.00,68.00,72.20,f0:2f:74:40:a0:c0
1783357336.5,-4.83,5.08,-42.00,68.00,72.20,f0:2f:74:40:a0:c0
1783357339.5,-4.83,5.08,-42.00,68.00,72.20,f0:2f:74:40:a0:c0
1783357342.5,-4.83,5.08,-42.00,68.00,72.20,f0:2f:74:40:a0:c0
1783357345.5,-4.83,5.08,-42.00,68.00,72.20,f0:2f:74:40:a0:c0
1783357348.5,-4.83,5.08,-42.00,68.00,72.20,f0:2f:74:40:a0:c0
1783357351.5,-4.83,5.08,-42.00,68.00,72.20,f0:2f:74:40:a0:c0
1783357354.5,-4.88,5.08,-44.00,66.00,72.20,f0:2f:74:40:a0:c0
1783357357.5,-4.84,4.98,-42.00,68.00,72.20,f0:2f:74:40:a0:c0
1783357360.5,-4.53,4.92,-43.00,67.00,65.00,f0:2f:74:40:a0:c0
1783357363.5,-4.66,5.45,-45.00,65.00,65.00,f0:2f:74:40:a0:c0
1783357366.5,-4.74,6.19,-44.00,66.00,65.00,f0:2f:74:40:a0:c0
1783357369.5,-4.77,6.96,-41.00,69.00,72.20,f0:2f:74:40:a0:c0
1783357372.5,-4.83,7.76,-46.00,64.00,72.20,f0:2f:74:40:a0:c0
1783357375.5,-5.18,8.09,-51.00,59.00,72.20,f0:2f:74:40:a0:c0
1783357378.5,-5.97,8.09,-47.00,63.00,72.20,f0:2f:74:40:a0:c0
1783357381.5,-6.73,8.07,-48.00,62.00,72.20,f0:2f:74:40:a0:c0
1783357384.5,-7.52,8.10,-53.00,57.00,72.20,f0:2f:74:40:a0:c0
1783357387.5,-8.31,8.06,-48.00,62.00,72.20,f0:2f:74:40:a0:c0
1783357390.5,-9.07,8.01,-52.00,58.00,72.20,f0:2f:74:40:a0:c0
1783357393.5,-9.86,7.98,-54.00,56.00,72.20,f0:2f:74:40:a0:c0
1783357396.5,-10.68,7.96,-54.00,56.00,72.20,f0:2f:74:40:a0:c0
1783357399.5,-11.41,7.89,-52.00,58.00,72.20,f0:2f:74:40:a0:c0
1783357402.5,-12.14,7.91,-53.00,57.00,72.20,f0:2f:74:40:a0:c0
1783357405.5,-12.89,7.88,-54.00,56.00,72.20,f0:2f:74:40:a0:c0
1783357408.5,-13.63,7.86,-51.00,59.00,72.20,f0:2f:74:40:a0:c0
1783357411.5,-13.87,7.69,-52.00,58.00,72.20,f0:2f:74:40:a0:c0
1783357414.5,-13.83,7.73,-52.00,58.00,72.20,f0:2f:74:40:a0:c0
1783357417.5,-13.18,7.90,-53.00,57.00,72.20,f0:2f:74:40:a0:c0
1783357420.5,-12.37,7.93,-56.00,54.00,72.20,f0:2f:74:40:a0:c0
1783357423.5,-11.84,7.94,-53.00,57.00,72.20,f0:2f:74:40:a0:c0
1783357426.5,-11.01,7.94,-51.00,59.00,72.20,f0:2f:74:40:a0:c0
1783357429.5,-10.20,8.00,-52.00,58.00,72.20,f0:2f:74:40:a0:c0
1783357432.5,-9.42,8.06,-51.00,59.00,72.20,f0:2f:74:40:a0:c0
1783357435.5,-8.65,8.06,-52.00,58.00,72.20,f0:2f:74:40:a0:c0
1783357438.5,-7.93,8.10,-51.00,59.00,72.20,f0:2f:74:40:a0:c0
1783357441.5,-7.17,8.14,-50.00,60.00,72.20,f0:2f:74:40:a0:c0
1783357444.5,-6.46,8.10,-47.00,63.00,72.20,f0:2f:74:40:a0:c0
1783357447.5,-5.71,8.09,-46.00,64.00,72.20,f0:2f:74:40:a0:c0
1783357450.5,-4.96,7.96,-48.00,62.00,72.20,f0:2f:74:40:a0:c0
1783357453.5,-4.72,7.32,-47.00,63.00,72.20,f0:2f:74:40:a0:c0
1783357456.5,-4.67,6.53,-42.00,68.00,72.20,f0:2f:74:40:a0:c0
1783357459.5,-4.66,5.74,-40.00,70.00,72.20,f0:2f:74:40:a0:c0
1783357462.5,-4.45,5.00,-45.00,65.00,72.20,f0:2f:74:40:a0:c0
1783357465.5,-4.46,4.84,-42.00,68.00,72.20,f0:2f:74:40:a0:c0
1783357468.5,-4.46,4.84,-42.00,68.00,72.20,f0:2f:74:40:a0:c0
1783357471.5,-4.46,4.84,-42.00,68.00,72.20,f0:2f:74:40:a0:c0
1783357474.5,-4.46,4.84,-42.00,68.00,72.20,f0:2f:74:40:a0:c0
1783357477.5,-4.46,4.84,-42.00,68.00,72.20,f0:2f:74:40:a0:c0
1783357480.5,-4.46,4.84,-42.00,68.00,72.20,f0:2f:74:40:a0:c0
1783357483.5,-4.46,4.84,-42.00,68.00,72.20,f0:2f:74:40:a0:c0
1783357486.5,-4.46,4.84,-42.00,68.00,72.20,f0:2f:74:40:a0:c0
1783357489.5,-4.46,4.84,-42.00,68.00,72.20,f0:2f:74:40:a0:c0
1783357492.5,-4.46,4.84,-42.00,68.00,72.20,f0:2f:74:40:a0:c0
1783357495.5,-4.46,4.84,-42.00,68.00,72.20,f0:2f:74:40:a0:c0
1783357498.5,-4.46,4.84,-42.00,68.00,72.20,f0:2f:74:40:a0:c0
1783357501.5,-4.46,4.84,-42.00,68.00,72.20,f0:2f:74:40:a0:c0
1783357504.5,-4.45,4.82,-43.00,67.00,72.20,f0:2f:74:40:a0:c0
1783357507.5,-4.45,4.94,-42.00,68.00,72.20,f0:2f:74:40:a0:c0
1783357510.5,-4.51,5.00,-44.00,66.00,72.20,f0:2f:74:40:a0:c0
1783357513.5,-4.50,4.96,-43.00,67.00,72.20,f0:2f:74:40:a0:c0
1783357516.5,-4.50,4.96,-43.00,67.00,72.20,f0:2f:74:40:a0:c0
1783357519.5,-4.50,4.96,-43.00,67.00,72.20,f0:2f:74:40:a0:c0
1783357522.5,-4.50,4.96,-43.00,67.00,72.20,f0:2f:74:40:a0:c0
1783357525.5,-4.50,4.96,-43.00,67.00,72.20,f0:2f:74:40:a0:c0
1783357528.5,-4.50,4.96,-43.00,67.00,72.20,f0:2f:74:40:a0:c0
1783357531.5,-4.50,4.96,-43.00,67.00,72.20,f0:2f:74:40:a0:c0
1783357534.5,-4.50,4.96,-43.00,67.00,72.20,f0:2f:74:40:a0:c0
1783357537.5,-4.50,4.96,-43.00,67.00,72.20,f0:2f:74:40:a0:c0
1783357540.5,-4.50,4.96,-42.00,68.00,72.20,f0:2f:74:40:a0:c0
1783357543.5,-4.50,4.96,-43.00,67.00,72.20,f0:2f:74:40:a0:c0
1783357546.5,-4.50,4.96,-42.00,68.00,72.20,f0:2f:74:40:a0:c0
1783357549.5,-4.50,4.96,-43.00,67.00,72.20,f0:2f:74:40:a0:c0
1783357552.5,-4.50,4.98,-42.00,68.00,72.20,f0:2f:74:40:a0:c0
1783357555.5,-4.60,5.01,-42.00,68.00,72.20,f0:2f:74:40:a0:c0
1783357558.5,-4.66,4.90,-40.00,70.00,72.20,f0:2f:74:40:a0:c0
1783357561.5,-4.59,4.43,-41.00,69.00,72.20,f0:2f:74:40:a0:c0
1783357564.5,-4.30,3.68,-40.00,70.00,72.20,f0:2f:74:40:a0:c0
1783357567.5,-3.79,3.15,-40.00,70.00,72.20,f0:2f:74:40:a0:c0
1783357570.5,-3.18,2.41,-36.00,70.00,72.20,f0:2f:74:40:a0:c0
1783357573.5,-2.81,1.87,-35.00,70.00,72.20,f0:2f:74:40:a0:c0
1783357576.5,-2.19,1.00,-35.00,70.00,72.20,f0:2f:74:40:a0:c0
1783357579.5,-1.78,0.48,-35.00,70.00,72.20,f0:2f:74:40:a0:c0
1783357582.5,-1.10,-0.40,-33.00,70.00,72.20,f0:2f:74:40:a0:c0
1783357585.5,-0.60,-0.94,-33.00,70.00,72.20,f0:2f:74:40:a0:c0
1783357588.5,-0.31,-1.30,-34.00,70.00,72.20,f0:2f:74:40:a0:c0
1783357591.5,-0.32,-1.30,-35.00,70.00,72.20,f0:2f:74:40:a0:c0
1783357594.5,-0.33,-1.31,-33.00,70.00,72.20,f0:2f:74:40:a0:c0
1783357597.5,-0.40,-1.47,-36.00,70.00,72.20,f0:2f:74:40:a0:c0
1783357600.5,-0.28,-2.28,-37.00,70.00,72.20,f0:2f:74:40:a0:c0
1783357603.5,-0.15,-3.09,-33.00,70.00,72.20,f0:2f:74:40:a0:c0
1783357606.5,0.43,-3.61,-30.00,70.00,72.20,f0:2f:74:40:a0:c0
1783357609.5,1.29,-3.67,-33.00,70.00,72.20,f0:2f:74:40:a0:c0
1783357612.5,1.86,-3.67,-31.00,70.00,72.20,f0:2f:74:40:a0:c0
1783357615.5,2.66,-3.68,-33.00,70.00,72.20,f0:2f:74:40:a0:c0
1783357618.5,3.50,-3.68,-35.00,70.00,72.20,f0:2f:74:40:a0:c0
1783357621.5,4.38,-3.68,-31.00,70.00,72.20,f0:2f:74:40:a0:c0
1783357624.5,5.28,-3.89,-34.00,70.00,72.20,f0:2f:74:40:a0:c0
1783357627.5,6.13,-3.95,-33.00,70.00,72.20,f0:2f:74:40:a0:c0
1783357630.5,6.63,-3.97,-36.00,70.00,72.20,f0:2f:74:40:a0:c0
1783357633.5,7.44,-3.97,-32.00,70.00,72.20,f0:2f:74:40:a0:c0
1783357636.5,8.28,-3.99,-39.00,70.00,72.20,f0:2f:74:40:a0:c0
1783357639.5,9.15,-3.97,-38.00,70.00,72.20,f0:2f:74:40:a0:c0
1783357642.5,10.06,-3.99,-40.00,70.00,72.20,f0:2f:74:40:a0:c0
1783357645.5,10.96,-4.13,-42.00,68.00,72.20,f0:2f:74:40:a0:c0
1783357648.5,11.68,-4.41,-41.00,69.00,72.20,f0:2f:74:40:a0:c0
1783357651.5,11.72,-4.40,-41.00,69.00,72.20,f0:2f:74:40:a0:c0
1783357654.5,11.72,-4.40,-41.00,69.00,72.20,f0:2f:74:40:a0:c0
1783357657.5,11.72,-4.40,-42.00,68.00,72.20,f0:2f:74:40:a0:c0
1783357660.5,11.72,-4.40,-42.00,68.00,72.20,f0:2f:74:40:a0:c0
1783357663.5,11.72,-4.40,-42.00,68.00,72.20,f0:2f:74:40:a0:c0
1783357666.5,11.72,-4.40,-41.00,69.00,72.20,f0:2f:74:40:a0:c0
1783357669.5,11.72,-4.40,-42.00,68.00,72.20,f0:2f:74:40:a0:c0
1783357672.5,11.72,-4.40,-41.00,69.00,72.20,f0:2f:74:40:a0:c0
1783357675.5,11.72,-4.40,-41.00,69.00,72.20,f0:2f:74:40:a0:c0
1783357678.5,11.72,-4.40,-41.00,69.00,72.20,f0:2f:74:40:a0:c0
1783357681.5,11.72,-4.40,-41.00,69.00,72.20,f0:2f:74:40:a0:c0
1783357684.5,11.72,-4.40,-41.00,69.00,72.20,f0:2f:74:40:a0:c0
1783357687.5,11.72,-4.40,-41.00,69.00,72.20,f0:2f:74:40:a0:c0
1783357690.5,11.72,-4.40,-41.00,69.00,65.00,f0:2f:74:40:a0:c0
1783357693.5,11.91,-4.37,-45.00,65.00,57.70,f0:2f:74:40:a0:c0
1783357696.5,12.28,-4.39,-40.00,70.00,65.00,f0:2f:74:40:a0:c0
1783357699.5,13.09,-4.28,-39.00,70.00,72.20,f0:2f:74:40:a0:c0
1783357702.5,13.87,-4.19,-42.00,68.00,72.20,f0:2f:74:40:a0:c0
1783357705.5,14.68,-3.94,-46.00,64.00,72.20,f0:2f:74:40:a0:c0
1783357708.5,15.25,-3.83,-44.00,66.00,72.20,f0:2f:74:40:a0:c0
1783357711.5,15.26,-3.72,-45.00,65.00,72.20,f0:2f:74:40:a0:c0
1783357714.5,15.26,-3.72,-46.00,64.00,72.20,f0:2f:74:40:a0:c0
1783357717.5,15.26,-3.72,-46.00,64.00,72.20,f0:2f:74:40:a0:c0
1783357720.5,15.26,-3.72,-46.00,64.00,72.20,f0:2f:74:40:a0:c0
1783357723.5,15.26,-3.72,-46.00,64.00,72.20,f0:2f:74:40:a0:c0
1783357726.5,15.26,-3.72,-46.00,64.00,72.20,f0:2f:74:40:a0:c0
1783357729.5,15.26,-3.72,-46.00,64.00,72.20,f0:2f:74:40:a0:c0
1783357732.5,15.26,-3.72,-46.00,64.00,72.20,f0:2f:74:40:a0:c0
1783357735.5,15.26,-3.72,-46.00,64.00,72.20,f0:2f:74:40:a0:c0
1783357738.5,15.26,-3.72,-46.00,64.00,72.20,f0:2f:74:40:a0:c0
1783357741.5,15.26,-3.72,-46.00,64.00,72.20,f0:2f:74:40:a0:c0
1783357744.5,15.26,-3.72,-46.00,64.00,72.20,f0:2f:74:40:a0:c0
1783357747.5,15.26,-3.72,-46.00,64.00,72.20,f0:2f:74:40:a0:c0
1783357750.5,15.26,-3.72,-46.00,64.00,65.00,f0:2f:74:40:a0:c0
1783357753.5,15.28,-3.72,-49.00,61.00,65.00,f0:2f:74:40:a0:c0
1783357756.5,15.52,-3.80,-43.00,67.00,72.20,f0:2f:74:40:a0:c0
1783357759.5,16.20,-3.72,-44.00,66.00,72.20,f0:2f:74:40:a0:c0
1783357762.5,17.02,-3.65,-49.00,61.00,65.00,f0:2f:74:40:a0:c0
1783357765.5,17.83,-3.56,-43.00,67.00,65.00,f0:2f:74:40:a0:c0
1783357768.5,18.67,-3.42,-45.00,65.00,72.20,f0:2f:74:40:a0:c0
1783357771.5,19.50,-3.33,-43.00,67.00,72.20,f0:2f:74:40:a0:c0
1783357774.5,20.04,-3.29,-47.00,63.00,72.20,f0:2f:74:40:a0:c0
1783357777.5,20.83,-3.27,-49.00,61.00,72.20,f0:2f:74:40:a0:c0
1783357780.5,21.69,-3.23,-45.00,65.00,72.20,f0:2f:74:40:a0:c0
1783357783.5,22.56,-3.23,-50.00,60.00,72.20,f0:2f:74:40:a0:c0
1783357786.5,23.40,-3.21,-48.00,62.00,57.70,f0:2f:74:40:a0:c0
1783357789.5,24.28,-3.19,-48.00,62.00,72.20,f0:2f:74:40:a0:c0
1783357792.5,25.14,-3.15,-50.00,60.00,72.20,f0:2f:74:40:a0:c0
1783357795.5,26.01,-3.12,-50.00,60.00,72.20,f0:2f:74:40:a0:c0
1783357798.5,26.88,-3.06,-49.00,61.00,72.20,f0:2f:74:40:a0:c0
1783357801.5,27.43,-3.06,-47.00,63.00,72.20,f0:2f:74:40:a0:c0
1783357804.5,28.26,-3.05,-50.00,60.00,72.20,f0:2f:74:40:a0:c0
1783357807.5,29.10,-3.10,-55.00,55.00,72.20,f0:2f:74:40:a0:c0
1783357810.5,29.98,-3.07,-52.00,58.00,72.20,f0:2f:74:40:a0:c0
1783357813.5,30.87,-3.04,-55.00,55.00,72.20,f0:2f:74:40:a0:c0
1783357816.5,31.71,-3.14,-55.00,55.00,72.20,f0:2f:74:40:a0:c0
1783357819.5,32.53,-2.88,-57.00,53.00,43.30,f0:2f:74:40:a0:c0
1783357822.5,33.33,-2.71,-57.00,53.00,65.00,f0:2f:74:40:a0:c0
1783357825.5,34.16,-2.69,-57.00,53.00,57.70,f0:2f:74:40:a0:c0
1783357828.5,34.99,-2.71,-59.00,51.00,72.20,f0:2f:74:40:a0:c0
1783357831.5,35.59,-2.71,-60.00,50.00,65.00,f0:2f:74:40:a0:c0
1783357834.5,36.69,-2.71,-60.00,50.00,72.20,f0:2f:74:40:a0:c0
1783357837.5,36.98,-2.65,-60.00,50.00,72.20,f0:2f:74:40:a0:c0
1783357840.5,36.70,-2.64,-62.00,48.00,72.20,f0:2f:74:40:a0:c0
1783357843.5,35.95,-2.66,-61.00,49.00,72.20,f0:2f:74:40:a0:c0
1783357846.5,35.42,-2.69,-60.00,50.00,72.20,f0:2f:74:40:a0:c0
1783357849.5,34.64,-2.64,-60.00,50.00,72.20,f0:2f:74:40:a0:c0
1783357852.5,33.79,-2.73,-56.00,54.00,65.00,f0:2f:74:40:a0:c0
1783357855.5,32.97,-2.84,-55.00,55.00,72.20,f0:2f:74:40:a0:c0
1783357858.5,32.17,-3.03,-57.00,53.00,72.20,f0:2f:74:40:a0:c0
1783357861.5,31.39,-3.16,-55.00,55.00,72.20,f0:2f:74:40:a0:c0
1783357864.5,30.56,-3.11,-55.00,55.00,72.20,f0:2f:74:40:a0:c0
1783357867.5,29.66,-3.11,-55.00,55.00,72.20,f0:2f:74:40:a0:c0
1783357870.5,28.82,-3.08,-50.00,60.00,65.00,f0:2f:74:40:a0:c0
1783357873.5,27.98,-3.09,-53.00,57.00,65.00,f0:2f:74:40:a0:c0
1783357876.5,27.33,-3.11,-55.00,55.00,72.20,f0:2f:74:40:a0:c0
1783357879.5,26.46,-3.17,-51.00,59.00,72.20,f0:2f:74:40:a0:c0
1783357882.5,25.58,-3.18,-48.00,62.00,72.20,f0:2f:74:40:a0:c0
1783357885.5,24.69,-3.17,-51.00,59.00,72.20,f0:2f:74:40:a0:c0
1783357888.5,23.88,-3.11,-50.00,60.00,72.20,f0:2f:74:40:a0:c0
1783357891.5,23.31,-3.12,-51.00,59.00,72.20,f0:2f:74:40:a0:c0
1783357894.5,22.39,-3.11,-48.00,62.00,72.20,f0:2f:74:40:a0:c0
1783357897.5,21.55,-3.13,-48.00,62.00,72.20,f0:2f:74:40:a0:c0
1783357900.5,20.56,-3.19,-48.00,62.00,72.20,f0:2f:74:40:a0:c0
1783357903.5,19.60,-3.21,-47.00,63.00,72.20,f0:2f:74:40:a0:c0
1783357906.5,19.06,-3.15,-46.00,64.00,65.00,f0:2f:74:40:a0:c0
1783357909.5,18.22,-3.09,-46.00,64.00,65.00,f0:2f:74:40:a0:c0
1783357912.5,17.37,-3.23,-46.00,64.00,72.20,f0:2f:74:40:a0:c0
1783357915.5,16.49,-3.39,-45.00,65.00,72.20,f0:2f:74:40:a0:c0
1783357918.5,15.69,-3.62,-48.00,62.00,72.20,f0:2f:74:40:a0:c0
1783357921.5,15.17,-3.86,-47.00,63.00,72.20,f0:2f:74:40:a0:c0
1783357924.5,14.61,-4.00,-42.00,68.00,72.20,f0:2f:74:40:a0:c0
1783357927.5,13.74,-4.01,-43.00,67.00,72.20,f0:2f:74:40:a0:c0
1783357930.5,12.84,-4.03,-43.00,67.00,72.20,f0:2f:74:40:a0:c0
1783357933.5,12.04,-4.14,-38.00,70.00,72.20,f0:2f:74:40:a0:c0
1783357936.5,11.61,-4.40,-44.00,66.00,72.20,f0:2f:74:40:a0:c0
1783357939.5,11.01,-4.38,-41.00,69.00,72.20,f0:2f:74:40:a0:c0
1783357942.5,10.13,-4.29,-35.00,70.00,57.70,f0:2f:74:40:a0:c0
1783357945.5,9.22,-4.17,-37.00,70.00,65.00,f0:2f:74:40:a0:c0
1783357948.5,8.66,-4.10,-34.00,70.00,72.20,f0:2f:74:40:a0:c0
1783357951.5,7.69,-4.02,-38.00,70.00,72.20,f0:2f:74:40:a0:c0
1783357954.5,6.71,-3.98,-36.00,70.00,72.20,f0:2f:74:40:a0:c0
1783357957.5,5.78,-3.99,-39.00,70.00,72.20,f0:2f:74:40:a0:c0
1783357960.5,4.89,-3.92,-32.00,70.00,72.20,f0:2f:74:40:a0:c0
1783357963.5,4.04,-3.87,-34.00,70.00,72.20,f0:2f:74:40:a0:c0
1783357966.5,3.48,-3.87,-34.00,70.00,72.20,f0:2f:74:40:a0:c0
1783357969.5,2.56,-3.87,-32.00,70.00,72.20,f0:2f:74:40:a0:c0
1783357972.5,1.62,-3.83,-38.00,70.00,72.20,f0:2f:74:40:a0:c0
1783357975.5,0.79,-3.80,-41.00,69.00,72.20,f0:2f:74:40:a0:c0
1783357978.5,0.09,-3.39,-37.00,70.00,65.00,f0:2f:74:40:a0:c0
1783357981.5,-0.21,-2.70,-37.00,70.00,72.20,f0:2f:74:40:a0:c0
1783357984.5,-0.39,-1.85,-32.00,70.00,72.20,f0:2f:74:40:a0:c0
1783357987.5,-0.58,-1.17,-35.00,70.00,72.20,f0:2f:74:40:a0:c0
1783357990.5,-0.82,-1.16,-34.00,70.00,72.20,f0:2f:74:40:a0:c0
1783357993.5,-1.36,-1.58,-36.00,70.00,72.20,f0:2f:74:40:a0:c0
1783357996.5,-2.17,-2.11,-38.00,70.00,72.20,f0:2f:74:40:a0:c0
1783357999.5,-2.67,-2.49,-34.00,70.00,72.20,f0:2f:74:40:a0:c0
1783358002.5,-3.48,-3.12,-35.00,70.00,72.20,f0:2f:74:40:a0:c0
1783358005.5,-4.06,-3.53,-41.00,69.00,72.20,f0:2f:74:40:a0:c0
1783358008.5,-4.91,-4.06,-38.00,70.00,72.20,f0:2f:74:40:a0:c0
1783358011.5,-5.42,-4.14,-38.00,70.00,72.20,f0:2f:74:40:a0:c0
1783358014.5,-6.29,-4.39,-41.00,69.00,72.20,f0:2f:74:40:a0:c0
1783358017.5,-7.16,-4.54,-45.00,65.00,72.20,f0:2f:74:40:a0:c0
1783358020.5,-7.97,-4.80,-41.00,69.00,72.20,f0:2f:74:40:a0:c0
1783358023.5,-8.73,-5.00,-43.00,67.00,72.20,f0:2f:74:40:a0:c0
1783358026.5,-9.28,-5.13,-46.00,64.00,72.20,f0:2f:74:40:a0:c0
1783358029.5,-9.28,-5.13,-45.00,65.00,72.20,f0:2f:74:40:a0:c0
1783358032.5,-9.82,-5.24,-46.00,64.00,72.20,f0:2f:74:40:a0:c0
1783358035.5,-10.67,-5.34,-46.00,64.00,72.20,f0:2f:74:40:a0:c0
1783358038.5,-11.19,-5.48,-45.00,65.00,72.20,f0:2f:74:40:a0:c0
1783358041.5,-11.96,-5.71,-45.00,65.00,72.20,f0:2f:74:40:a0:c0
1783358044.5,-12.70,-6.03,-49.00,61.00,72.20,f0:2f:74:40:a0:c0
1783358047.5,-12.62,-5.98,-48.00,62.00,72.20,f0:2f:74:40:a0:c0
1783358050.5,-11.91,-5.68,-48.00,62.00,72.20,f0:2f:74:40:a0:c0
1783358053.5,-11.12,-5.42,-49.00,61.00,72.20,f0:2f:74:40:a0:c0
1783358056.5,-10.59,-5.27,-47.00,63.00,72.20,f0:2f:74:40:a0:c0
1783358059.5,-9.78,-5.06,-46.00,64.00,72.20,f0:2f:74:40:a0:c0
1783358062.5,-8.84,-4.82,-46.00,64.00,72.20,f0:2f:74:40:a0:c0
1783358065.5,-8.01,-4.65,-44.00,66.00,72.20,f0:2f:74:40:a0:c0
1783358068.5,-7.26,-4.56,-43.00,67.00,72.20,f0:2f:74:40:a0:c0
1783358071.5,-6.52,-4.44,-42.00,68.00,72.20,f0:2f:74:40:a0:c0
1783358074.5,-6.01,-4.31,-40.00,70.00,72.20,f0:2f:74:40:a0:c0
1783358077.5,-5.23,-4.15,-36.00,70.00,72.20,f0:2f:74:40:a0:c0
1783358080.5,-4.39,-3.87,-40.00,70.00,72.20,f0:2f:74:40:a0:c0
1783358083.5,-3.78,-3.48,-38.00,70.00,72.20,f0:2f:74:40:a0:c0
1783358086.5,-2.87,-2.81,-39.00,70.00,72.20,f0:2f:74:40:a0:c0
1783358089.5,-2.29,-2.28,-34.00,70.00,72.20,f0:2f:74:40:a0:c0
1783358092.5,-1.66,-1.86,-36.00,70.00,72.20,f0:2f:74:40:a0:c0
1783358095.5,-0.79,-1.35,-33.00,70.00,72.20,f0:2f:74:40:a0:c0
1783358098.5,-0.35,-0.98,-33.00,70.00,72.20,f0:2f:74:40:a0:c0
1783358101.5,-0.30,-1.00,-34.00,70.00,72.20,f0:2f:74:40:a0:c0
1783358104.5,-0.30,-1.00,-34.00,70.00,72.20,f0:2f:74:40:a0:c0
1783358107.5,-0.32,-0.98,-36.00,70.00,72.20,f0:2f:74:40:a0:c0
1783358110.5,-0.40,-0.94,-38.00,70.00,72.20,f0:2f:74:40:a0:c0
1783358113.5,-0.71,-0.52,-36.00,70.00,72.20,f0:2f:74:40:a0:c0
1783358116.5,-1.16,0.02,-38.00,70.00,72.20,f0:2f:74:40:a0:c0
1783358119.5,-1.89,0.84,-36.00,70.00,72.20,f0:2f:74:40:a0:c0
1783358122.5,-2.36,1.41,-41.00,69.00,72.20,f0:2f:74:40:a0:c0
1783358125.5,-2.81,1.99,-39.00,70.00,72.20,f0:2f:74:40:a0:c0
1783358128.5,-3.28,2.53,-41.00,69.00,72.20,f0:2f:74:40:a0:c0
1783358131.5,-4.02,3.37,-39.00,70.00,72.20,f0:2f:74:40:a0:c0
1783358134.5,-4.52,3.90,-45.00,65.00,72.20,f0:2f:74:40:a0:c0
1783358137.5,-4.83,4.55,-40.00,70.00,72.20,f0:2f:74:40:a0:c0
1783358140.5,-4.69,4.99,-45.00,65.00,72.20,f0:2f:74:40:a0:c0
1783358143.5,-4.64,5.85,-45.00,65.00,72.20,f0:2f:74:40:a0:c0
1783358146.5,-4.68,6.65,-46.00,64.00,72.20,f0:2f:74:40:a0:c0
1783358149.5,-4.75,7.51,-45.00,65.00,72.20,f0:2f:74:40:a0:c0
1783358152.5,-5.08,8.12,-46.00,64.00,72.20,f0:2f:74:40:a0:c0
1783358155.5,-5.74,8.14,-47.00,63.00,72.20,f0:2f:74:40:a0:c0
1783358158.5,-6.53,8.07,-50.00,60.00,72.20,f0:2f:74:40:a0:c0
1783358161.5,-7.34,8.06,-48.00,62.00,72.20,f0:2f:74:40:a0:c0
1783358164.5,-8.14,8.05,-53.00,57.00,72.20,f0:2f:74:40:a0:c0
1783358167.5,-8.92,8.04,-53.00,57.00,72.20,f0:2f:74:40:a0:c0
1783358170.5,-9.68,7.99,-51.00,59.00,72.20,f0:2f:74:40:a0:c0
1783358173.5,-10.48,7.93,-53.00,57.00,72.20,f0:2f:74:40:a0:c0
1783358176.5,-11.24,7.93,-53.00,57.00,72.20,f0:2f:74:40:a0:c0
1783358179.5,-11.78,7.92,-55.00,55.00,72.20,f0:2f:74:40:a0:c0
1783358182.5,-12.55,7.90,-54.00,56.00,72.20,f0:2f:74:40:a0:c0
1783358185.5,-13.27,7.86,-53.00,57.00,72.20,f0:2f:74:40:a0:c0
1783358188.5,-13.83,7.67,-56.00,54.00,65.00,f0:2f:74:40:a0:c0
1783358191.5,-13.84,7.73,-54.00,56.00,57.70,f0:2f:74:40:a0:c0
1783358194.5,-13.11,7.93,-53.00,57.00,57.70,f0:2f:74:40:a0:c0
1783358197.5,-12.25,7.96,-53.00,57.00,65.00,f0:2f:74:40:a0:c0
1783358200.5,-11.73,7.96,-52.00,58.00,65.00,f0:2f:74:40:a0:c0
1783358203.5,-10.86,7.93,-52.00,58.00,72.20,f0:2f:74:40:a0:c0
1783358206.5,-10.03,8.01,-54.00,56.00,72.20,f0:2f:74:40:a0:c0
1783358209.5,-9.22,8.04,-52.00,58.00,72.20,f0:2f:74:40:a0:c0
1783358212.5,-8.42,8.08,-50.00,60.00,72.20,f0:2f:74:40:a0:c0
1783358215.5,-7.70,8.10,-50.00,60.00,72.20,f0:2f:74:40:a0:c0
1783358218.5,-6.91,8.15,-49.00,61.00,72.20,f0:2f:74:40:a0:c0
1783358221.5,-6.16,8.12,-46.00,64.00,65.00,f0:2f:74:40:a0:c0
1783358224.5,-5.73,8.13,-47.00,63.00,65.00,f0:2f:74:40:a0:c0
1783358227.5,-5.09,7.89,-47.00,63.00,72.20,f0:2f:74:40:a0:c0
1783358230.5,-4.73,7.16,-45.00,65.00,72.20,f0:2f:74:40:a0:c0
1783358233.5,-4.65,6.33,-45.00,65.00,72.20,f0:2f:74:40:a0:c0
1783358236.5,-4.63,5.79,-44.00,66.00,72.20,f0:2f:74:40:a0:c0
1783358239.5,-4.48,4.89,-42.00,68.00,72.20,f0:2f:74:40:a0:c0
1783358242.5,-4.51,4.81,-39.00,70.00,72.20,f0:2f:74:40:a0:c0
1783358245.5,-4.49,4.82,-39.00,70.00,72.20,f0:2f:74:40:a0:c0
1783358248.5,-4.48,4.86,-40.00,70.00,72.20,f0:2f:74:40:a0:c0
1783358251.5,-4.48,4.86,-40.00,70.00,72.20,f0:2f:74:40:a0:c0
1783358254.5,-4.48,4.86,-40.00,70.00,72.20,f0:2f:74:40:a0:c0
1783358257.5,-4.48,4.86,-40.00,70.00,72.20,f0:2f:74:40:a0:c0
1783358260.5,-4.48,4.86,-40.00,70.00,72.20,f0:2f:74:40:a0:c0
1783358263.5,-4.48,4.86,-40.00,70.00,72.20,f0:2f:74:40:a0:c0
1783358266.5,-4.48,4.86,-39.00,70.00,72.20,f0:2f:74:40:a0:c0
1783358269.5,-4.48,4.86,-39.00,70.00,72.20,f0:2f:74:40:a0:c0
1783358272.5,-4.48,4.86,-39.00,70.00,72.20,f0:2f:74:40:a0:c0
1783358275.5,-4.48,4.86,-40.00,70.00,72.20,f0:2f:74:40:a0:c0
1783358278.5,-4.48,4.86,-40.00,70.00,72.20,f0:2f:74:40:a0:c0
1783358281.5,-4.48,4.86,-40.00,70.00,72.20,f0:2f:74:40:a0:c0
1783358284.5,-4.48,4.86,-40.00,70.00,72.20,f0:2f:74:40:a0:c0
1783358287.5,-4.48,4.87,-46.00,64.00,72.20,f0:2f:74:40:a0:c0
1783358290.5,-4.53,4.88,-44.00,66.00,65.00,f0:2f:74:40:a0:c0
1783358293.5,-4.55,4.56,-43.00,67.00,72.20,f0:2f:74:40:a0:c0
1783358296.5,-4.27,4.04,-38.00,70.00,72.20,f0:2f:74:40:a0:c0
1783358299.5,-3.81,3.30,-38.00,70.00,72.20,f0:2f:74:40:a0:c0
1783358302.5,-3.43,2.80,-33.00,70.00,72.20,f0:2f:74:40:a0:c0
1783358305.5,-2.81,1.98,-37.00,70.00,72.20,f0:2f:74:40:a0:c0
1783358308.5,-2.44,1.40,-37.00,70.00,65.00,f0:2f:74:40:a0:c0
1783358311.5,-1.83,0.60,-33.00,70.00,65.00,f0:2f:74:40:a0:c0
1783358314.5,-1.43,0.06,-35.00,70.00,72.20,f0:2f:74:40:a0:c0
1783358317.5,-0.72,-0.75,-34.00,70.00,72.20,f0:2f:74:40:a0:c0
1783358320.5,-0.40,-1.33,-32.00,70.00,72.20,f0:2f:74:40:a0:c0
1783358323.5,-0.31,-1.36,-34.00,70.00,72.20,f0:2f:74:40:a0:c0
1783358326.5,-0.35,-1.38,-35.00,70.00,72.20,f0:2f:74:40:a0:c0
1783358329.5,-0.41,-1.66,-33.00,70.00,72.20,f0:2f:74:40:a0:c0
1783358332.5,-0.27,-2.45,-33.00,70.00,72.20,f0:2f:74:40:a0:c0
1783358335.5,-0.01,-3.37,-35.00,70.00,72.20,f0:2f:74:40:a0:c0
1783358338.5,0.73,-3.69,-35.00,70.00,72.20,f0:2f:74:40:a0:c0
1783358341.5,1.57,-3.66,-33.00,70.00,72.20,f0:2f:74:40:a0:c0
1783358344.5,2.34,-3.65,-33.00,70.00,72.20,f0:2f:74:40:a0:c0
1783358347.5,2.86,-3.65,-35.00,70.00,65.00,f0:2f:74:40:a0:c0
1783358350.5,3.65,-3.75,-33.00,70.00,72.20,f0:2f:74:40:a0:c0
1783358353.5,4.54,-3.82,-35.00,70.00,72.20,f0:2f:74:40:a0:c0
1783358356.5,5.40,-3.87,-34.00,70.00,72.20,f0:2f:74:40:a0:c0
1783358359.5,6.18,-3.87,-33.00,70.00,72.20,f0:2f:74:40:a0:c0
1783358362.5,6.98,-3.90,-35.00,70.00,72.20,f0:2f:74:40:a0:c0
1783358365.5,7.79,-3.90,-36.00,70.00,72.20,f0:2f:74:40:a0:c0
1783358368.5,8.62,-3.92,-38.00,70.00,72.20,f0:2f:74:40:a0:c0
1783358371.5,9.44,-3.91,-36.00,70.00,72.20,f0:2f:74:40:a0:c0
1783358374.5,10.00,-3.97,-41.00,69.00,72.20,f0:2f:74:40:a0:c0
1783358377.5,10.82,-4.09,-42.00,68.00,72.20,f0:2f:74:40:a0:c0
1783358380.5,11.65,-4.39,-42.00,68.00,72.20,f0:2f:74:40:a0:c0
1783358383.5,11.75,-4.31,-39.00,70.00,72.20,f0:2f:74:40:a0:c0
1783358386.5,11.75,-4.31,-39.00,70.00,72.20,f0:2f:74:40:a0:c0
1783358389.5,11.75,-4.31,-39.00,70.00,72.20,f0:2f:74:40:a0:c0
1783358392.5,11.75,-4.31,-39.00,70.00,72.20,f0:2f:74:40:a0:c0
1783358395.5,11.75,-4.31,-39.00,70.00,72.20,f0:2f:74:40:a0:c0
1783358398.5,11.75,-4.31,-39.00,70.00,72.20,f0:2f:74:40:a0:c0
1783358401.5,11.75,-4.31,-38.00,70.00,72.20,f0:2f:74:40:a0:c0
1783358404.5,11.75,-4.31,-39.00,70.00,72.20,f0:2f:74:40:a0:c0
1783358407.5,11.75,-4.31,-38.00,70.00,72.20,f0:2f:74:40:a0:c0
1783358410.5,11.75,-4.31,-39.00,70.00,72.20,f0:2f:74:40:a0:c0
1783358413.5,11.75,-4.31,-39.00,70.00,65.00,f0:2f:74:40:a0:c0
1783358416.5,11.75,-4.31,-39.00,70.00,58.50,f0:2f:74:40:a0:c0
1783358419.5,11.75,-4.31,-39.00,70.00,65.00,f0:2f:74:40:a0:c0
1783358422.5,11.75,-4.31,-39.00,70.00,72.20,f0:2f:74:40:a0:c0
1783358425.5,11.88,-4.33,-42.00,68.00,72.20,f0:2f:74:40:a0:c0
1783358428.5,12.45,-4.31,-41.00,69.00,72.20,f0:2f:74:40:a0:c0
1783358431.5,12.99,-4.18,-42.00,68.00,72.20,f0:2f:74:40:a0:c0
1783358434.5,13.80,-4.10,-42.00,68.00,72.20,f0:2f:74:40:a0:c0
1783358437.5,14.63,-4.02,-45.00,65.00,72.20,f0:2f:74:40:a0:c0
1783358440.5,15.22,-3.82,-46.00,64.00,72.20,f0:2f:74:40:a0:c0
1783358443.5,15.24,-3.74,-49.00,61.00,72.20,f0:2f:74:40:a0:c0
1783358446.5,15.24,-3.74,-48.00,62.00,72.20,f0:2f:74:40:a0:c0
1783358449.5,15.24,-3.74,-48.00,62.00,72.20,f0:2f:74:40:a0:c0
1783358452.5,15.24,-3.74,-49.00,61.00,52.00,f0:2f:74:40:a0:c0
1783358455.5,15.24,-3.74,-48.00,62.00,57.70,f0:2f:74:40:a0:c0
1783358458.5,15.24,-3.74,-48.00,62.00,72.20,f0:2f:74:40:a0:c0
1783358461.5,15.24,-3.74,-48.00,62.00,72.20,f0:2f:74:40:a0:c0
1783358464.5,15.24,-3.74,-49.00,61.00,72.20,f0:2f:74:40:a0:c0
1783358467.5,15.24,-3.74,-49.00,61.00,72.20,f0:2f:74:40:a0:c0
1783358470.5,15.24,-3.74,-48.00,62.00,72.20,f0:2f:74:40:a0:c0
1783358473.5,15.24,-3.74,-49.00,61.00,57.70,f0:2f:74:40:a0:c0
1783358476.5,15.24,-3.74,-48.00,62.00,57.70,f0:2f:74:40:a0:c0
1783358479.5,15.24,-3.74,-49.00,61.00,72.20,f0:2f:74:40:a0:c0
1783358482.5,15.24,-3.74,-49.00,61.00,72.20,f0:2f:74:40:a0:c0
1783358485.5,15.24,-3.74,-45.00,65.00,72.20,f0:2f:74:40:a0:c0
1783358488.5,15.31,-3.81,-45.00,65.00,72.20,f0:2f:74:40:a0:c0
1783358491.5,15.64,-3.85,-47.00,63.00,72.20,f0:2f:74:40:a0:c0
1783358494.5,16.42,-3.71,-45.00,65.00,58.50,f0:2f:74:40:a0:c0
1783358497.5,17.16,-3.61,-45.00,65.00,57.70,f0:2f:74:40:a0:c0
1783358500.5,17.93,-3.53,-44.00,66.00,58.50,f0:2f:74:40:a0:c0
1783358503.5,18.77,-3.37,-41.00,69.00,72.20,f0:2f:74:40:a0:c0
1783358506.5,19.61,-3.30,-42.00,68.00,72.20,f0:2f:74:40:a0:c0
1783358509.5,20.41,-3.28,-46.00,64.00,72.20,f0:2f:74:40:a0:c0
1783358512.5,21.26,-3.26,-50.00,60.00,72.20,f0:2f:74:40:a0:c0
1783358515.5,22.11,-3.32,-49.00,61.00,72.20,f0:2f:74:40:a0:c0
1783358518.5,22.68,-3.31,-51.00,59.00,72.20,f0:2f:74:40:a0:c0
1783358521.5,23.52,-3.30,-52.00,58.00,72.20,f0:2f:74:40:a0:c0
1783358524.5,24.39,-3.26,-47.00,63.00,72.20,f0:2f:74:40:a0:c0
1783358527.5,25.28,-3.19,-46.00,64.00,72.20,f0:2f:74:40:a0:c0
1783358530.5,26.14,-3.16,-51.00,59.00,72.20,f0:2f:74:40:a0:c0
1783358533.5,26.98,-3.12,-50.00,60.00,72.20,f0:2f:74:40:a0:c0
1783358536.5,27.82,-3.10,-50.00,60.00,72.20,f0:2f:74:40:a0:c0
1783358539.5,28.63,-3.12,-50.00,60.00,72.20,f0:2f:74:40:a0:c0
1783358542.5,29.18,-3.14,-53.00,57.00,72.20,f0:2f:74:40:a0:c0
1783358545.5,30.03,-3.12,-52.00,58.00,72.20,f0:2f:74:40:a0:c0
1783358548.5,30.95,-3.12,-53.00,57.00,65.00,f0:2f:74:40:a0:c0
1783358551.5,31.87,-3.14,-55.00,55.00,72.20,f0:2f:74:40:a0:c0
1783358554.5,32.62,-2.79,-59.00,51.00,72.20,f0:2f:74:40:a0:c0
1783358557.5,33.45,-2.71,-57.00,53.00,72.20,f0:2f:74:40:a0:c0
1783358560.5,34.33,-2.65,-57.00,53.00,72.20,f0:2f:74:40:a0:c0
1783358563.5,35.21,-2.60,-56.00,54.00,52.00,f0:2f:74:40:a0:c0
1783358566.5,36.03,-2.62,-59.00,51.00,72.20,f0:2f:74:40:a0:c0
1783358569.5,36.89,-2.59,-59.00,51.00,72.20,f0:2f:74:40:a0:c0
1783358572.5,36.98,-2.66,-60.00,50.00,72.20,f0:2f:74:40:a0:c0
1783358575.5,36.65,-2.71,-61.00,49.00,72.20,f0:2f:74:40:a0:c0
1783358578.5,35.85,-2.67,-59.00,51.00,5.50,f0:2f:74:40:a0:c0
1783358581.5,34.98,-2.64,-61.00,49.00,5.50,f0:2f:74:40:a0:c0
1783358584.5,34.12,-2.64,-60.00,50.00,28.80,f0:2f:74:40:a0:c0
1783358587.5,33.27,-2.71,-60.00,50.00,72.20,f0:2f:74:40:a0:c0
1783358590.5,32.71,-2.86,-61.00,49.00,72.20,f0:2f:74:40:a0:c0
1783358593.5,31.91,-3.13,-56.00,54.00,72.20,f0:2f:74:40:a0:c0
1783358596.5,31.08,-3.16,-58.00,52.00,72.20,f0:2f:74:40:a0:c0
1783358599.5,30.23,-3.14,-53.00,57.00,72.20,f0:2f:74:40:a0:c0
1783358602.5,29.37,-3.17,-54.00,56.00,72.20,f0:2f:74:40:a0:c0
1783358605.5,28.51,-3.17,-54.00,56.00,72.20,f0:2f:74:40:a0:c0
1783358608.5,27.61,-3.20,-51.00,59.00,72.20,f0:2f:74:40:a0:c0
1783358611.5,26.73,-3.26,-50.00,60.00,72.20,f0:2f:74:40:a0:c0
1783358614.5,26.14,-3.23,-51.00,59.00,72.20,f0:2f:74:40:a0:c0
1783358617.5,25.28,-3.22,-51.00,59.00,72.20,f0:2f:74:40:a0:c0
1783358620.5,24.45,-3.15,-49.00,61.00,72.20,f0:2f:74:40:a0:c0
1783358623.5,23.61,-3.11,-48.00,62.00,72.20,f0:2f:74:40:a0:c0
1783358626.5,22.73,-3.14,-49.00,61.00,72.20,f0:2f:74:40:a0:c0
1783358629.5,21.86,-3.15,-49.00,61.00,72.20,f0:2f:74:40:a0:c0
1783358632.5,21.30,-3.13,-47.00,63.00,24.00,f0:2f:74:40:a0:c0
1783358635.5,20.34,-3.21,-48.00,62.00,72.20,f0:2f:74:40:a0:c0
1783358638.5,19.40,-3.21,-46.00,64.00,72.20,f0:2f:74:40:a0:c0
1783358641.5,18.61,-3.21,-44.00,66.00,72.20,f0:2f:74:40:a0:c0
1783358644.5,17.78,-3.21,-48.00,62.00,72.20,f0:2f:74:40:a0:c0
1783358647.5,16.90,-3.26,-47.00,63.00,72.20,f0:2f:74:40:a0:c0
1783358650.5,16.28,-3.37,-45.00,65.00,72.20,f0:2f:74:40:a0:c0
1783358653.5,15.45,-3.73,-46.00,64.00,72.20,f0:2f:74:40:a0:c0
1783358656.5,15.00,-4.00,-43.00,67.00,72.20,f0:2f:74:40:a0:c0
1783358659.5,14.21,-3.94,-44.00,66.00,72.20,f0:2f:74:40:a0:c0
1783358662.5,13.33,-3.93,-38.00,70.00,72.20,f0:2f:74:40:a0:c0
1783358665.5,12.52,-4.01,-40.00,70.00,72.20,f0:2f:74:40:a0:c0
1783358668.5,11.79,-4.28,-40.00,70.00,72.20,f0:2f:74:40:a0:c0
1783358671.5,11.47,-4.50,-38.00,70.00,72.20,f0:2f:74:40:a0:c0
1783358674.5,10.54,-4.42,-41.00,69.00,72.20,f0:2f:74:40:a0:c0
1783358677.5,9.66,-4.24,-38.00,70.00,72.20,f0:2f:74:40:a0:c0
1783358680.5,8.80,-4.18,-36.00,70.00,72.20,f0:2f:74:40:a0:c0
1783358683.5,7.96,-4.09,-37.00,70.00,72.20,f0:2f:74:40:a0:c0
1783358686.5,7.04,-4.09,-38.00,70.00,72.20,f0:2f:74:40:a0:c0
1783358689.5,6.13,-4.05,-36.00,70.00,72.20,f0:2f:74:40:a0:c0
1783358692.5,5.55,-3.98,-36.00,70.00,72.20,f0:2f:74:40:a0:c0
1783358695.5,4.72,-3.89,-30.00,70.00,72.20,f0:2f:74:40:a0:c0
1783358698.5,3.86,-3.89,-33.00,70.00,72.20,f0:2f:74:40:a0:c0
1783358701.5,3.00,-3.85,-32.00,70.00,72.20,f0:2f:74:40:a0:c0
1783358704.5,2.09,-3.87,-34.00,70.00,72.20,f0:2f:74:40:a0:c0
1783358707.5,1.22,-3.85,-34.00,70.00,72.20,f0:2f:74:40:a0:c0
1783358710.5,0.50,-3.70,-38.00,70.00,72.20,f0:2f:74:40:a0:c0
1783358713.5,-0.04,-3.27,-35.00,70.00,72.20,f0:2f:74:40:a0:c0
1783358716.5,-0.25,-2.55,-34.00,70.00,72.20,f0:2f:74:40:a0:c0
1783358719.5,-0.39,-1.79,-33.00,70.00,72.20,f0:2f:74:40:a0:c0
1783358722.5,-0.62,-1.10,-34.00,70.00,72.20,f0:2f:74:40:a0:c0
1783358725.5,-0.78,-1.11,-35.00,70.00,72.20,f0:2f:74:40:a0:c0
1783358728.5,-1.46,-1.56,-37.00,70.00,72.20,f0:2f:74:40:a0:c0
1783358731.5,-2.03,-1.94,-39.00,70.00,72.20,f0:2f:74:40:a0:c0
1783358734.5,-2.58,-2.36,-37.00,70.00,72.20,f0:2f:74:40:a0:c0
1783358737.5,-3.43,-3.04,-41.00,69.00,72.20,f0:2f:74:40:a0:c0
1783358740.5,-4.04,-3.45,-39.00,70.00,72.20,f0:2f:74:40:a0:c0
1783358743.5,-4.81,-4.00,-37.00,70.00,72.20,f0:2f:74:40:a0:c0
1783358746.5,-5.39,-4.19,-39.00,70.00,72.20,f0:2f:74:40:a0:c0
1783358749.5,-6.24,-4.45,-43.00,67.00,65.00,f0:2f:74:40:a0:c0
1783358752.5,-7.03,-4.58,-45.00,65.00,65.00,f0:2f:74:40:a0:c0
1783358755.5,-7.83,-4.76,-41.00,69.00,65.00,f0:2f:74:40:a0:c0
1783358758.5,-8.62,-4.96,-43.00,67.00,72.20,f0:2f:74:40:a0:c0
1783358761.5,-9.44,-5.22,-48.00,62.00,72.20,f0:2f:74:40:a0:c0
1783358764.5,-10.20,-5.44,-46.00,64.00,72.20,f0:2f:74:40:a0:c0
1783358767.5,-10.98,-5.47,-45.00,65.00,72.20,f0:2f:74:40:a0:c0
1783358770.5,-11.54,-5.56,-48.00,62.00,72.20,f0:2f:74:40:a0:c0
1783358773.5,-12.44,-5.91,-46.00,64.00,72.20,f0:2f:74:40:a0:c0
1783358776.5,-12.72,-6.09,-49.00,61.00,72.20,f0:2f:74:40:a0:c0
1783358779.5,-12.30,-5.88,-51.00,59.00,72.20,f0:2f:74:40:a0:c0
1783358782.5,-11.51,-5.58,-48.00,62.00,72.20,f0:2f:74:40:a0:c0
1783358785.5,-10.72,-5.28,-51.00,59.00,72.20,f0:2f:74:40:a0:c0
1783358788.5,-9.96,-5.10,-43.00,67.00,72.20,f0:2f:74:40:a0:c0
1783358791.5,-9.16,-4.91,-43.00,67.00,72.20,f0:2f:74:40:a0:c0
1783358794.5,-8.63,-4.84,-41.00,69.00,72.20,f0:2f:74:40:a0:c0
1783358797.5,-7.87,-4.55,-42.00,68.00,72.20,f0:2f:74:40:a0:c0
1783358800.5,-7.02,-4.56,-40.00,70.00,72.20,f0:2f:74:40:a0:c0
1783358803.5,-6.22,-4.50,-40.00,70.00,72.20,f0:2f:74:40:a0:c0
1783358806.5,-5.44,-4.25,-41.00,69.00,72.20,f0:2f:74:40:a0:c0
1783358809.5,-4.58,-3.95,-39.00,70.00,72.20,f0:2f:74:40:a0:c0
1783358812.5,-4.03,-3.56,-39.00,70.00,72.20,f0:2f:74:40:a0:c0
1783358815.5,-3.46,-3.16,-39.00,70.00,72.20,f0:2f:74:40:a0:c0
1783358818.5,-2.85,-2.79,-34.00,70.00,72.20,f0:2f:74:40:a0:c0
1783358821.5,-2.25,-2.26,-38.00,70.00,72.20,f0:2f:74:40:a0:c0
1783358824.5,-1.64,-1.86,-36.00,70.00,72.20,f0:2f:74:40:a0:c0
1783358827.5,-0.74,-1.32,-36.00,70.00,72.20,f0:2f:74:40:a0:c0
1783358830.5,-0.27,-0.95,-31.00,70.00,72.20,f0:2f:74:40:a0:c0
1783358833.5,-0.22,-1.01,-37.00,70.00,72.20,f0:2f:74:40:a0:c0
1783358836.5,-0.22,-1.01,-34.00,70.00,72.20,f0:2f:74:40:a0:c0
1783358839.5,-0.22,-1.01,-34.00,70.00,72.20,f0:2f:74:40:a0:c0
1783358842.5,-0.31,-1.00,-36.00,70.00,72.20,f0:2f:74:40:a0:c0
1783358845.5,-0.31,-1.00,-33.00,70.00,72.20,f0:2f:74:40:a0:c0
1783358848.5,-0.31,-1.00,-29.00,70.00,65.00,f0:2f:74:40:a0:c0
1783358851.5,-0.31,-1.00,-34.00,70.00,65.00,f0:2f:74:40:a0:c0
1783358854.5,-0.36,-0.96,-34.00,70.00,72.20,f0:2f:74:40:a0:c0
1783358857.5,-0.36,-0.96,-32.00,70.00,72.20,f0:2f:74:40:a0:c0
1783358860.5,-0.36,-0.96,-34.00,70.00,72.20,f0:2f:74:40:a0:c0
1783358863.5,-0.36,-0.96,-35.00,70.00,72.20,f0:2f:74:40:a0:c0
1783358866.5,-0.44,-0.75,-35.00,70.00,72.20,f0:2f:74:40:a0:c0
1783358869.5,-0.44,-0.75,-35.00,70.00,65.00,f0:2f:74:40:a0:c0
1783358872.5,-0.44,-0.75,-35.00,70.00,72.20,f0:2f:74:40:a0:c0
1783358875.5,-0.44,-0.75,-35.00,70.00,72.20,f0:2f:74:40:a0:c0
1783358878.5,-0.44,-0.75,-35.00,70.00,72.20,f0:2f:74:40:a0:c0
1783358881.5,-0.44,-0.75,-33.00,70.00,72.20,f0:2f:74:40:a0:c0
1783358884.5,-0.44,-0.75,-35.00,70.00,72.20,f0:2f:74:40:a0:c0
1783358887.5,-0.44,-0.75,-34.00,70.00,65.00,f0:2f:74:40:a0:c0
1783358890.5,-0.44,-0.75,-31.00,70.00,72.20,f0:2f:74:40:a0:c0
1783358893.5,-0.44,-0.75,-30.00,70.00,65.00,f0:2f:74:40:a0:c0
1783358896.5,-0.44,-0.75,-35.00,70.00,72.20,f0:2f:74:40:a0:c0
1783358899.5,-0.45,-0.69,-35.00,70.00,72.20,f0:2f:74:40:a0:c0
1783358902.5,-0.45,-0.69,-35.00,70.00,72.20,f0:2f:74:40:a0:c0
1783358905.5,-0.45,-0.69,-35.00,70.00,65.00,f0:2f:74:40:a0:c0
1783358908.5,-0.45,-0.69,-35.00,70.00,72.20,f0:2f:74:40:a0:c0
1783358911.5,-0.45,-0.69,-34.00,70.00,72.20,f0:2f:74:40:a0:c0
1783358914.5,-0.45,-0.69,-35.00,70.00,72.20,f0:2f:74:40:a0:c0
1783358917.5,-0.45,-0.69,-35.00,70.00,72.20,f0:2f:74:40:a0:c0
1783358920.5,-0.45,-0.69,-35.00,70.00,72.20,f0:2f:74:40:a0:c0
1783358923.5,-0.45,-0.69,-35.00,70.00,72.20,f0:2f:74:40:a0:c0
1783358926.5,-0.45,-0.69,-35.00,70.00,72.20,f0:2f:74:40:a0:c0
1783358929.5,-0.45,-0.69,-35.00,70.00,72.20,f0:2f:74:40:a0:c0
1783358932.5,-0.45,-0.69,-35.00,70.00,72.20,f0:2f:74:40:a0:c0
1783358935.5,-0.45,-0.69,-35.00,70.00,72.20,f0:2f:74:40:a0:c0
1783358938.5,-0.45,-0.69,-35.00,70.00,72.20,f0:2f:74:40:a0:c0
1783358941.5,-0.45,-0.69,-35.00,70.00,72.20,f0:2f:74:40:a0:c0
1783358944.5,-0.45,-0.69,-35.00,70.00,72.20,f0:2f:74:40:a0:c0
1783358947.5,-0.45,-0.69,-35.00,70.00,72.20,f0:2f:74:40:a0:c0
1783358950.5,-0.45,-0.69,-35.00,70.00,65.00,f0:2f:74:40:a0:c0
1783358953.5,-0.45,-0.69,-35.00,70.00,65.00,f0:2f:74:40:a0:c0
1783358956.5,-0.45,-0.69,-35.00,70.00,72.20,f0:2f:74:40:a0:c0
1783358959.5,-0.45,-0.69,-35.00,70.00,72.20,f0:2f:74:40:a0:c0
1783358962.5,-0.45,-0.69,-35.00,70.00,72.20,f0:2f:74:40:a0:c0
1783358965.5,-0.45,-0.69,-35.00,70.00,72.20,f0:2f:74:40:a0:c0
1783358968.5,-0.45,-0.69,-35.00,70.00,72.20,f0:2f:74:40:a0:c0
1783358971.5,-0.45,-0.69,-35.00,70.00,72.20,f0:2f:74:40:a0:c0
1783358974.5,-0.45,-0.69,-35.00,70.00,72.20,f0:2f:74:40:a0:c0
1783358977.5,-0.45,-0.69,-35.00,70.00,72.20,f0:2f:74:40:a0:c0
1783358980.5,-0.45,-0.69,-35.00,70.00,72.20,f0:2f:74:40:a0:c0
1783358983.5,-0.45,-0.69,-35.00,70.00,72.20,f0:2f:74:40:a0:c0
1783358986.5,-0.45,-0.69,-35.00,70.00,72.20,f0:2f:74:40:a0:c0
1783358989.5,-0.45,-0.69,-35.00,70.00,72.20,f0:2f:74:40:a0:c0
1783358992.5,-0.45,-0.69,-35.00,70.00,72.20,f0:2f:74:40:a0:c0
1783358995.5,-0.45,-0.69,-35.00,70.00,72.20,f0:2f:74:40:a0:c0
1783358998.5,-0.45,-0.69,-35.00,70.00,72.20,f0:2f:74:40:a0:c0
1783359001.5,-0.45,-0.69,-35.00,70.00,72.20,f0:2f:74:40:a0:c0
1783359004.5,-0.45,-0.69,-35.00,70.00,72.20,f0:2f:74:40:a0:c0
1783359007.5,-0.45,-0.69,-35.00,70.00,72.20,f0:2f:74:40:a0:c0
1783359010.5,-0.45,-0.69,-35.00,70.00,72.20,f0:2f:74:40:a0:c0
1783359013.5,-0.45,-0.69,-35.00,70.00,72.20,f0:2f:74:40:a0:c0
1783359016.5,-0.45,-0.69,-35.00,70.00,72.20,f0:2f:74:40:a0:c0
1783359019.5,-0.45,-0.69,-35.00,70.00,65.00,f0:2f:74:40:a0:c0
1783359022.5,-0.45,-0.69,-35.00,70.00,72.20,f0:2f:74:40:a0:c0
1783359025.5,-0.45,-0.69,-35.00,70.00,72.20,f0:2f:74:40:a0:c0
1783359028.5,-0.45,-0.69,-35.00,70.00,72.20,f0:2f:74:40:a0:c0
1783359031.5,-0.45,-0.69,-35.00,70.00,72.20,f0:2f:74:40:a0:c0
1783359034.5,-0.45,-0.69,-35.00,70.00,72.20,f0:2f:74:40:a0:c0
1783359037.5,-0.45,-0.69,-35.00,70.00,72.20,f0:2f:74:40:a0:c0
1783359040.5,-0.45,-0.69,-35.00,70.00,72.20,f0:2f:74:40:a0:c0
1783359043.5,-0.45,-0.69,-35.00,70.00,72.20,f0:2f:74:40:a0:c0
1783359046.5,-0.45,-0.69,-35.00,70.00,72.20,f0:2f:74:40:a0:c0
1783359049.5,-0.45,-0.69,-35.00,70.00,72.20,f0:2f:74:40:a0:c0
1783359052.5,-0.45,-0.69,-35.00,70.00,72.20,f0:2f:74:40:a0:c0
1783359055.5,-0.45,-0.69,-35.00,70.00,72.20,f0:2f:74:40:a0:c0
1783359058.5,-0.45,-0.69,-35.00,70.00,72.20,f0:2f:74:40:a0:c0
1783359061.5,-0.45,-0.69,-35.00,70.00,72.20,f0:2f:74:40:a0:c0
1783359064.5,-0.45,-0.69,-35.00,70.00,72.20,f0:2f:74:40:a0:c0
1783359067.5,-0.45,-0.69,-35.00,70.00,72.20,f0:2f:74:40:a0:c0
1783359070.5,-0.45,-0.69,-35.00,70.00,72.20,f0:2f:74:40:a0:c0
1783359073.5,-0.45,-0.69,-34.00,70.00,72.20,f0:2f:74:40:a0:c0
1783359076.5,-0.45,-0.69,-36.00,70.00,72.20,f0:2f:74:40:a0:c0
1783359079.5,-0.45,-0.69,-35.00,70.00,72.20,f0:2f:74:40:a0:c0
1783359082.5,-0.45,-0.69,-34.00,70.00,72.20,f0:2f:74:40:a0:c0
1783359085.5,-0.45,-0.69,-36.00,70.00,72.20,f0:2f:74:40:a0:c0
1783359088.5,-0.45,-0.69,-35.00,70.00,72.20,f0:2f:74:40:a0:c0
1783359091.5,-0.45,-0.69,-36.00,70.00,72.20,f0:2f:74:40:a0:c0
1783359094.5,-0.45,-0.69,-35.00,70.00,72.20,f0:2f:74:40:a0:c0
1783359097.5,-0.45,-0.69,-35.00,70.00,72.20,f0:2f:74:40:a0:c0
1783359100.5,-0.45,-0.69,-35.00,70.00,72.20,f0:2f:74:40:a0:c0
1783359103.5,-0.45,-0.69,-35.00,70.00,72.20,f0:2f:74:40:a0:c0
1783359106.5,-0.45,-0.69,-35.00,70.00,72.20,f0:2f:74:40:a0:c0
1783359109.5,-0.45,-0.69,-35.00,70.00,72.20,f0:2f:74:40:a0:c0
1783359112.5,-0.45,-0.69,-35.00,70.00,72.20,f0:2f:74:40:a0:c0
1783359115.5,-0.45,-0.69,-35.00,70.00,72.20,f0:2f:74:40:a0:c0
1783359118.5,-0.45,-0.69,-35.00,70.00,72.20,f0:2f:74:40:a0:c0
1783359121.5,-0.45,-0.69,-35.00,70.00,72.20,f0:2f:74:40:a0:c0
1783359124.5,-0.45,-0.69,-35.00,70.00,72.20,f0:2f:74:40:a0:c0
1783359127.5,-0.45,-0.69,-35.00,70.00,72.20,f0:2f:74:40:a0:c0
1783359130.5,-0.45,-0.69,-35.00,70.00,72.20,f0:2f:74:40:a0:c0
1783359133.5,-0.45,-0.69,-35.00,70.00,72.20,f0:2f:74:40:a0:c0
1783359136.5,-0.45,-0.69,-35.00,70.00,72.20,f0:2f:74:40:a0:c0
1783359139.5,-0.45,-0.69,-35.00,70.00,72.20,f0:2f:74:40:a0:c0
1783359142.5,-0.45,-0.69,-35.00,70.00,72.20,f0:2f:74:40:a0:c0
1783359145.5,-0.45,-0.69,-35.00,70.00,72.20,f0:2f:74:40:a0:c0
1783359148.5,-0.45,-0.69,-35.00,70.00,72.20,f0:2f:74:40:a0:c0
1783359151.5,-0.45,-0.69,-36.00,70.00,72.20,f0:2f:74:40:a0:c0
1783359154.5,-0.45,-0.69,-35.00,70.00,72.20,f0:2f:74:40:a0:c0
1783359157.5,-0.45,-0.69,-36.00,70.00,72.20,f0:2f:74:40:a0:c0
1783359160.5,-0.45,-0.69,-36.00,70.00,72.20,f0:2f:74:40:a0:c0
1783359163.5,-0.45,-0.69,-36.00,70.00,72.20,f0:2f:74:40:a0:c0
1783359166.5,-0.45,-0.69,-35.00,70.00,72.20,f0:2f:74:40:a0:c0
1783359169.5,-0.45,-0.69,-35.00,70.00,72.20,f0:2f:74:40:a0:c0
1783359172.5,-0.45,-0.69,-35.00,70.00,72.20,f0:2f:74:40:a0:c0
1783359175.5,-0.45,-0.69,-36.00,70.00,72.20,f0:2f:74:40:a0:c0
1783359178.5,-0.45,-0.69,-36.00,70.00,72.20,f0:2f:74:40:a0:c0
1783359181.5,-0.45,-0.69,-35.00,70.00,72.20,f0:2f:74:40:a0:c0
1783359184.5,-0.45,-0.69,-35.00,70.00,72.20,f0:2f:74:40:a0:c0
1783359187.5,-0.45,-0.69,-34.00,70.00,72.20,f0:2f:74:40:a0:c0
1783359190.5,-0.45,-0.69,-34.00,70.00,72.20,f0:2f:74:40:a0:c0
1783359193.5,-0.45,-0.69,-34.00,70.00,72.20,f0:2f:74:40:a0:c0
1783359196.5,-0.45,-0.69,-35.00,70.00,72.20,f0:2f:74:40:a0:c0
1783359199.5,-0.45,-0.69,-34.00,70.00,72.20,f0:2f:74:40:a0:c0
1783359202.5,-0.45,-0.69,-35.00,70.00,72.20,f0:2f:74:40:a0:c0
1783359205.5,-0.45,-0.69,-35.00,70.00,72.20,f0:2f:74:40:a0:c0
1783359208.5,-0.64,-0.34,-39.00,70.00,65.00,f0:2f:74:40:a0:c0
1783359211.5,-1.14,0.16,-38.00,70.00,65.00,f0:2f:74:40:a0:c0
1783359214.5,-1.58,0.68,-37.00,70.00,65.00,f0:2f:74:40:a0:c0
1783359217.5,-2.19,1.30,-40.00,70.00,57.70,f0:2f:74:40:a0:c0
1783359220.5,-2.84,2.14,-34.00,70.00,72.20,f0:2f:74:40:a0:c0
1783359223.5,-3.34,2.61,-37.00,70.00,72.20,f0:2f:74:40:a0:c0
1783359226.5,-3.91,3.13,-36.00,70.00,72.20,f0:2f:74:40:a0:c0
1783359229.5,-4.56,3.84,-40.00,70.00,72.20,f0:2f:74:40:a0:c0
1783359232.5,-4.72,4.74,-41.00,69.00,72.20,f0:2f:74:40:a0:c0
1783359235.5,-4.72,4.74,-42.00,68.00,24.00,f0:2f:74:40:a0:c0
1783359238.5,-4.72,4.74,-42.00,68.00,72.20,f0:2f:74:40:a0:c0
1783359241.5,-4.72,4.74,-42.00,68.00,72.20,f0:2f:74:40:a0:c0
1783359244.5,-4.72,4.74,-42.00,68.00,72.20,f0:2f:74:40:a0:c0
1783359247.5,-4.72,4.74,-42.00,68.00,72.20,f0:2f:74:40:a0:c0
1783359250.5,-4.72,4.74,-42.00,68.00,72.20,f0:2f:74:40:a0:c0
1783359253.5,-4.72,4.74,-41.00,69.00,72.20,f0:2f:74:40:a0:c0
1783359256.5,-4.72,4.74,-41.00,69.00,72.20,f0:2f:74:40:a0:c0
1783359259.5,-4.72,4.74,-42.00,68.00,72.20,f0:2f:74:40:a0:c0
1783359262.5,-4.72,4.74,-41.00,69.00,72.20,f0:2f:74:40:a0:c0
1783359265.5,-4.72,4.74,-41.00,69.00,72.20,f0:2f:74:40:a0:c0
1783359268.5,-4.72,4.74,-41.00,69.00,65.00,f0:2f:74:40:a0:c0
1783359271.5,-4.72,4.74,-42.00,68.00,72.20,f0:2f:74:40:a0:c0
1783359274.5,-4.83,4.71,-38.00,70.00,72.20,f0:2f:74:40:a0:c0
1783359277.5,-4.84,4.83,-38.00,70.00,72.20,f0:2f:74:40:a0:c0
1783359280.5,-4.84,4.83,-38.00,70.00,72.20,f0:2f:74:40:a0:c0
1783359283.5,-4.84,4.83,-38.00,70.00,72.20,f0:2f:74:40:a0:c0
1783359286.5,-4.84,4.83,-38.00,70.00,72.20,f0:2f:74:40:a0:c0
1783359289.5,-4.84,4.83,-38.00,70.00,72.20,f0:2f:74:40:a0:c0
1783359292.5,-4.84,4.83,-38.00,70.00,72.20,f0:2f:74:40:a0:c0
1783359295.5,-4.84,4.83,-38.00,70.00,72.20,f0:2f:74:40:a0:c0
1783359298.5,-4.84,4.83,-38.00,70.00,72.20,f0:2f:74:40:a0:c0
1783359301.5,-4.84,4.83,-38.00,70.00,72.20,f0:2f:74:40:a0:c0
1783359304.5,-4.84,4.83,-38.00,70.00,72.20,f0:2f:74:40:a0:c0
1783359307.5,-4.84,4.83,-38.00,70.00,72.20,f0:2f:74:40:a0:c0
1783359310.5,-4.84,4.83,-38.00,70.00,72.20,f0:2f:74:40:a0:c0
1783359313.5,-4.84,4.83,-38.00,70.00,72.20,f0:2f:74:40:a0:c0
1783359316.5,-4.84,4.83,-38.00,70.00,72.20,f0:2f:74:40:a0:c0
1783359319.5,-4.84,4.83,-39.00,70.00,72.20,f0:2f:74:40:a0:c0
1783359322.5,-4.84,4.83,-38.00,70.00,72.20,f0:2f:74:40:a0:c0
1783359325.5,-4.84,4.83,-38.00,70.00,72.20,f0:2f:74:40:a0:c0
1783359328.5,-4.84,4.83,-38.00,70.00,72.20,f0:2f:74:40:a0:c0
1783359331.5,-4.84,4.83,-38.00,70.00,72.20,f0:2f:74:40:a0:c0
1783359334.5,-4.84,4.83,-38.00,70.00,72.20,f0:2f:74:40:a0:c0
1783359337.5,-4.84,4.83,-38.00,70.00,72.20,f0:2f:74:40:a0:c0
1783359340.5,-4.84,4.83,-38.00,70.00,72.20,f0:2f:74:40:a0:c0
1783359343.5,-4.84,4.83,-38.00,70.00,72.20,f0:2f:74:40:a0:c0
1783359346.5,-4.84,4.83,-38.00,70.00,72.20,f0:2f:74:40:a0:c0
1783359349.5,-4.84,4.83,-38.00,70.00,72.20,f0:2f:74:40:a0:c0
1783359352.5,-4.87,4.84,-40.00,70.00,57.70,f0:2f:74:40:a0:c0
1783359355.5,-4.91,4.82,-42.00,68.00,72.20,f0:2f:74:40:a0:c0
1783359358.5,-4.63,4.44,-40.00,70.00,72.20,f0:2f:74:40:a0:c0
1783359361.5,-4.31,3.74,-39.00,70.00,72.20,f0:2f:74:40:a0:c0
1783359364.5,-3.83,3.26,-38.00,70.00,72.20,f0:2f:74:40:a0:c0
1783359367.5,-3.36,2.76,-36.00,70.00,72.20,f0:2f:74:40:a0:c0
1783359370.5,-2.77,1.99,-39.00,70.00,72.20,f0:2f:74:40:a0:c0
1783359373.5,-2.39,1.42,-38.00,70.00,72.20,f0:2f:74:40:a0:c0
1783359376.5,-1.87,0.55,-36.00,70.00,72.20,f0:2f:74:40:a0:c0
1783359379.5,-1.41,-0.01,-33.00,70.00,72.20,f0:2f:74:40:a0:c0
1783359382.5,-0.85,-0.58,-36.00,70.00,72.20,f0:2f:74:40:a0:c0
1783359385.5,-0.35,-1.37,-32.00,70.00,72.20,f0:2f:74:40:a0:c0
1783359388.5,-0.32,-1.45,-35.00,70.00,72.20,f0:2f:74:40:a0:c0
1783359391.5,-0.32,-1.45,-35.00,70.00,72.20,f0:2f:74:40:a0:c0
1783359394.5,-0.32,-1.45,-35.00,70.00,72.20,f0:2f:74:40:a0:c0
1783359397.5,-0.32,-1.45,-35.00,70.00,72.20,f0:2f:74:40:a0:c0
1783359400.5,-0.32,-1.45,-35.00,70.00,72.20,f0:2f:74:40:a0:c0
1783359403.5,-0.32,-1.45,-35.00,70.00,72.20,f0:2f:74:40:a0:c0
1783359406.5,-0.32,-1.45,-36.00,70.00,72.20,f0:2f:74:40:a0:c0
1783359409.5,-0.32,-1.45,-35.00,70.00,72.20,f0:2f:74:40:a0:c0
1783359412.5,-0.32,-1.45,-35.00,70.00,72.20,f0:2f:74:40:a0:c0
1783359415.5,-0.32,-1.45,-35.00,70.00,72.20,f0:2f:74:40:a0:c0
1783359418.5,-0.32,-1.45,-35.00,70.00,72.20,f0:2f:74:40:a0:c0
1783359421.5,-0.32,-1.45,-35.00,70.00,72.20,f0:2f:74:40:a0:c0
1783359424.5,-0.32,-1.45,-35.00,70.00,72.20,f0:2f:74:40:a0:c0
1783359427.5,-0.32,-1.45,-35.00,70.00,72.20,f0:2f:74:40:a0:c0
1783359430.5,-0.34,-1.57,-31.00,70.00,72.20,f0:2f:74:40:a0:c0
1783359433.5,-0.26,-1.87,-34.00,70.00,72.20,f0:2f:74:40:a0:c0
1783359436.5,-0.17,-2.69,-35.00,70.00,72.20,f0:2f:74:40:a0:c0
1783359439.5,0.20,-3.58,-35.00,70.00,72.20,f0:2f:74:40:a0:c0
1783359442.5,0.85,-3.66,-35.00,70.00,72.20,f0:2f:74:40:a0:c0
1783359445.5,1.71,-3.66,-32.00,70.00,72.20,f0:2f:74:40:a0:c0
1783359448.5,2.53,-3.65,-35.00,70.00,72.20,f0:2f:74:40:a0:c0
1783359451.5,3.04,-3.71,-33.00,70.00,72.20,f0:2f:74:40:a0:c0
1783359454.5,3.93,-3.76,-32.00,70.00,72.20,f0:2f:74:40:a0:c0
1783359457.5,4.82,-3.80,-35.00,70.00,72.20,f0:2f:74:40:a0:c0
1783359460.5,5.68,-3.82,-34.00,70.00,72.20,f0:2f:74:40:a0:c0
1783359463.5,6.51,-3.81,-36.00,70.00,72.20,f0:2f:74:40:a0:c0
1783359466.5,7.30,-3.79,-34.00,70.00,72.20,f0:2f:74:40:a0:c0
1783359469.5,7.83,-3.77,-37.00,70.00,72.20,f0:2f:74:40:a0:c0
1783359472.5,8.70,-3.81,-37.00,70.00,72.20,f0:2f:74:40:a0:c0
1783359475.5,9.48,-3.88,-39.00,70.00,72.20,f0:2f:74:40:a0:c0
1783359478.5,10.37,-4.00,-40.00,70.00,72.20,f0:2f:74:40:a0:c0
1783359481.5,10.95,-4.11,-40.00,70.00,72.20,f0:2f:74:40:a0:c0
1783359484.5,11.80,-4.42,-42.00,68.00,72.20,f0:2f:74:40:a0:c0
1783359487.5,11.91,-4.36,-38.00,70.00,72.20,f0:2f:74:40:a0:c0
1783359490.5,11.91,-4.36,-38.00,70.00,72.20,f0:2f:74:40:a0:c0
1783359493.5,11.91,-4.36,-38.00,70.00,72.20,f0:2f:74:40:a0:c0
1783359496.5,11.91,-4.36,-38.00,70.00,72.20,f0:2f:74:40:a0:c0
1783359499.5,11.91,-4.36,-38.00,70.00,72.20,f0:2f:74:40:a0:c0
1783359502.5,11.91,-4.36,-38.00,70.00,72.20,f0:2f:74:40:a0:c0
1783359505.5,11.91,-4.36,-38.00,70.00,72.20,f0:2f:74:40:a0:c0
1783359508.5,11.91,-4.36,-38.00,70.00,72.20,f0:2f:74:40:a0:c0
1783359511.5,11.91,-4.36,-38.00,70.00,72.20,f0:2f:74:40:a0:c0
1783359514.5,11.91,-4.36,-38.00,70.00,72.20,f0:2f:74:40:a0:c0
1783359517.5,11.91,-4.36,-39.00,70.00,72.20,f0:2f:74:40:a0:c0
1783359520.5,11.91,-4.36,-38.00,70.00,72.20,f0:2f:74:40:a0:c0
1783359523.5,11.91,-4.36,-38.00,70.00,72.20,f0:2f:74:40:a0:c0
1783359526.5,11.91,-4.36,-41.00,69.00,72.20,f0:2f:74:40:a0:c0
1783359529.5,12.09,-4.45,-42.00,68.00,72.20,f0:2f:74:40:a0:c0
1783359532.5,12.66,-4.36,-40.00,70.00,72.20,f0:2f:74:40:a0:c0
1783359535.5,13.24,-4.22,-40.00,70.00,24.00,f0:2f:74:40:a0:c0
1783359538.5,14.09,-4.12,-41.00,69.00,72.20,f0:2f:74:40:a0:c0
1783359541.5,14.92,-3.91,-47.00,63.00,72.20,f0:2f:74:40:a0:c0
1783359544.5,15.25,-3.74,-45.00,65.00,72.20,f0:2f:74:40:a0:c0
1783359547.5,15.26,-3.77,-45.00,65.00,72.20,f0:2f:74:40:a0:c0
1783359550.5,15.26,-3.77,-45.00,65.00,72.20,f0:2f:74:40:a0:c0
1783359553.5,15.26,-3.77,-44.00,66.00,72.20,f0:2f:74:40:a0:c0
1783359556.5,15.26,-3.77,-45.00,65.00,72.20,f0:2f:74:40:a0:c0
1783359559.5,15.26,-3.77,-45.00,65.00,72.20,f0:2f:74:40:a0:c0
1783359562.5,15.26,-3.77,-45.00,65.00,72.20,f0:2f:74:40:a0:c0
1783359565.5,15.26,-3.77,-45.00,65.00,72.20,f0:2f:74:40:a0:c0
1783359568.5,15.26,-3.77,-45.00,65.00,72.20,f0:2f:74:40:a0:c0
1783359571.5,15.26,-3.77,-45.00,65.00,72.20,f0:2f:74:40:a0:c0
1783359574.5,15.26,-3.77,-45.00,65.00,72.20,f0:2f:74:40:a0:c0
1783359577.5,15.26,-3.77,-45.00,65.00,72.20,f0:2f:74:40:a0:c0
1783359580.5,15.26,-3.77,-45.00,65.00,72.20,f0:2f:74:40:a0:c0
1783359583.5,15.26,-3.77,-45.00,65.00,72.20,f0:2f:74:40:a0:c0
1783359586.5,15.26,-3.77,-45.00,65.00,72.20,f0:2f:74:40:a0:c0
1783359589.5,15.33,-3.82,-42.00,68.00,72.20,f0:2f:74:40:a0:c0
1783359592.5,15.92,-3.78,-44.00,66.00,72.20,f0:2f:74:40:a0:c0
1783359595.5,16.72,-3.68,-46.00,64.00,72.20,f0:2f:74:40:a0:c0
1783359598.5,17.54,-3.62,-45.00,65.00,72.20,f0:2f:74:40:a0:c0
1783359601.5,18.37,-3.51,-48.00,62.00,72.20,f0:2f:74:40:a0:c0
1783359604.5,19.15,-3.35,-45.00,65.00,72.20,f0:2f:74:40:a0:c0
1783359607.5,19.93,-3.27,-46.00,64.00,72.20,f0:2f:74:40:a0:c0
1783359610.5,20.77,-3.21,-49.00,61.00,72.20,f0:2f:74:40:a0:c0
1783359613.5,21.60,-3.31,-47.00,63.00,72.20,f0:2f:74:40:a0:c0
1783359616.5,22.18,-3.30,-47.00,63.00,72.20,f0:2f:74:40:a0:c0
1783359619.5,22.97,-3.25,-50.00,60.00,72.20,f0:2f:74:40:a0:c0
1783359622.5,23.78,-3.26,-51.00,59.00,72.20,f0:2f:74:40:a0:c0
1783359625.5,24.68,-3.24,-49.00,61.00,72.20,f0:2f:74:40:a0:c0
1783359628.5,25.59,-3.28,-44.00,66.00,65.00,f0:2f:74:40:a0:c0
1783359631.5,26.51,-3.17,-49.00,61.00,72.20,f0:2f:74:40:a0:c0
1783359634.5,27.10,-3.18,-48.00,62.00,72.20,f0:2f:74:40:a0:c0
1783359637.5,27.93,-3.21,-50.00,60.00,72.20,f0:2f:74:40:a0:c0
1783359640.5,28.73,-3.20,-55.00,55.00,72.20,f0:2f:74:40:a0:c0
1783359643.5,29.71,-3.11,-56.00,54.00,72.20,f0:2f:74:40:a0:c0
1783359646.5,30.61,-3.09,-53.00,57.00,57.70,f0:2f:74:40:a0:c0
1783359649.5,31.18,-3.14,-56.00,54.00,65.00,f0:2f:74:40:a0:c0
1783359652.5,32.09,-3.08,-54.00,56.00,57.70,f0:2f:74:40:a0:c0
1783359655.5,32.83,-2.67,-57.00,53.00,43.30,f0:2f:74:40:a0:c0
1783359658.5,33.71,-2.62,-57.00,53.00,57.70,f0:2f:74:40:a0:c0
1783359661.5,34.51,-2.61,-59.00,51.00,72.20,f0:2f:74:40:a0:c0
1783359664.5,35.35,-2.62,-59.00,51.00,72.20,f0:2f:74:40:a0:c0
1783359667.5,36.28,-2.60,-61.00,49.00,72.20,f0:2f:74:40:a0:c0
1783359670.5,37.04,-2.64,-64.00,46.00,72.20,f0:2f:74:40:a0:c0
1783359673.5,37.03,-2.64,-62.00,48.00,72.20,f0:2f:74:40:a0:c0
1783359676.5,36.30,-2.59,-61.00,49.00,72.20,f0:2f:74:40:a0:c0
1783359679.5,35.48,-2.57,-58.00,52.00,72.20,f0:2f:74:40:a0:c0
1783359682.5,34.64,-2.58,-60.00,50.00,65.00,f0:2f:74:40:a0:c0
1783359685.5,33.86,-2.60,-57.00,53.00,65.00,f0:2f:74:40:a0:c0
1783359688.5,33.08,-2.68,-55.00,55.00,72.20,f0:2f:74:40:a0:c0
1783359691.5,32.20,-3.05,-56.00,54.00,72.20,f0:2f:74:40:a0:c0
1783359694.5,31.47,-3.16,-55.00,55.00,72.20,f0:2f:74:40:a0:c0
1783359697.5,30.74,-3.18,-53.00,57.00,72.20,f0:2f:74:40:a0:c0
1783359700.5,29.92,-3.16,-57.00,53.00,72.20,f0:2f:74:40:a0:c0
1783359703.5,29.13,-3.15,-55.00,55.00,72.20,f0:2f:74:40:a0:c0
1783359706.5,28.28,-3.18,-53.00,57.00,72.20,f0:2f:74:40:a0:c0
1783359709.5,27.73,-3.13,-52.00,58.00,72.20,f0:2f:74:40:a0:c0
1783359712.5,26.87,-3.11,-51.00,59.00,72.20,f0:2f:74:40:a0:c0
1783359715.5,25.97,-3.14,-53.00,57.00,72.20,f0:2f:74:40:a0:c0
1783359718.5,25.15,-3.15,-51.00,59.00,72.20,f0:2f:74:40:a0:c0
1783359721.5,24.31,-3.09,-51.00,59.00,72.20,f0:2f:74:40:a0:c0
1783359724.5,23.48,-3.08,-49.00,61.00,72.20,f0:2f:74:40:a0:c0
1783359727.5,22.66,-3.07,-47.00,63.00,72.20,f0:2f:74:40:a0:c0
1783359730.5,21.79,-3.12,-50.00,60.00,72.20,f0:2f:74:40:a0:c0
1783359733.5,20.88,-3.07,-48.00,62.00,72.20,f0:2f:74:40:a0:c0
1783359736.5,19.97,-3.18,-51.00,59.00,72.20,f0:2f:74:40:a0:c0
1783359739.5,19.16,-3.17,-48.00,62.00,72.20,f0:2f:74:40:a0:c0
1783359742.5,18.39,-3.19,-47.00,63.00,72.20,f0:2f:74:40:a0:c0
1783359745.5,17.56,-3.24,-47.00,63.00,72.20,f0:2f:74:40:a0:c0
1783359748.5,16.76,-3.37,-46.00,64.00,72.20,f0:2f:74:40:a0:c0
1783359751.5,16.06,-3.54,-46.00,64.00,72.20,f0:2f:74:40:a0:c0
1783359754.5,15.24,-3.77,-43.00,67.00,72.20,f0:2f:74:40:a0:c0
1783359757.5,14.82,-3.90,-40.00,70.00,72.20,f0:2f:74:40:a0:c0
1783359760.5,13.84,-3.96,-42.00,68.00,72.20,f0:2f:74:40:a0:c0
1783359763.5,13.28,-3.92,-42.00,68.00,72.20,f0:2f:74:40:a0:c0
1783359766.5,12.44,-3.92,-38.00,70.00,72.20,f0:2f:74:40:a0:c0
1783359769.5,11.72,-4.33,-40.00,70.00,65.00,f0:2f:74:40:a0:c0
1783359772.5,11.29,-4.45,-43.00,67.00,72.20,f0:2f:74:40:a0:c0
1783359775.5,10.53,-4.35,-39.00,70.00,65.00,f0:2f:74:40:a0:c0
1783359778.5,9.67,-4.31,-39.00,70.00,72.20,f0:2f:74:40:a0:c0
1783359781.5,8.84,-4.21,-39.00,70.00,72.20,f0:2f:74:40:a0:c0
1783359784.5,8.03,-4.10,-37.00,70.00,72.20,f0:2f:74:40:a0:c0
1783359787.5,7.16,-4.12,-37.00,70.00,72.20,f0:2f:74:40:a0:c0
1783359790.5,6.29,-4.10,-35.00,70.00,72.20,f0:2f:74:40:a0:c0
1783359793.5,5.68,-4.08,-32.00,70.00,72.20,f0:2f:74:40:a0:c0
1783359796.5,4.34,-3.97,-31.00,70.00,72.20,f0:2f:74:40:a0:c0
1783359799.5,3.48,-3.90,-31.00,70.00,72.20,f0:2f:74:40:a0:c0
1783359802.5,2.60,-3.88,-33.00,70.00,72.20,f0:2f:74:40:a0:c0
1783359805.5,1.95,-3.91,-33.00,70.00,72.20,f0:2f:74:40:a0:c0
1783359808.5,1.13,-3.86,-35.00,70.00,72.20,f0:2f:74:40:a0:c0
1783359811.5,0.36,-3.61,-36.00,70.00,72.20,f0:2f:74:40:a0:c0
1783359814.5,-0.30,-3.00,-34.00,70.00,72.20,f0:2f:74:40:a0:c0
1783359817.5,-0.30,-2.30,-34.00,70.00,72.20,f0:2f:74:40:a0:c0
1783359820.5,-0.45,-1.54,-36.00,70.00,72.20,f0:2f:74:40:a0:c0
1783359823.5,-0.54,-1.00,-36.00,70.00,72.20,f0:2f:74:40:a0:c0
1783359826.5,-0.62,-0.96,-36.00,70.00,72.20,f0:2f:74:40:a0:c0
1783359829.5,-1.04,-1.26,-37.00,70.00,72.20,f0:2f:74:40:a0:c0
1783359832.5,-1.84,-1.81,-37.00,70.00,72.20,f0:2f:74:40:a0:c0
1783359835.5,-2.42,-2.20,-35.00,70.00,72.20,f0:2f:74:40:a0:c0
1783359838.5,-2.96,-2.67,-37.00,70.00,72.20,f0:2f:74:40:a0:c0
1783359841.5,-3.78,-3.27,-40.00,70.00,72.20,f0:2f:74:40:a0:c0
1783359844.5,-4.32,-3.72,-39.00,70.00,72.20,f0:2f:74:40:a0:c0
1783359847.5,-5.16,-4.14,-39.00,70.00,72.20,f0:2f:74:40:a0:c0
1783359850.5,-5.74,-4.31,-41.00,69.00,72.20,f0:2f:74:40:a0:c0
1783359853.5,-6.65,-4.45,-43.00,67.00,72.20,f0:2f:74:40:a0:c0
1783359856.5,-7.51,-4.69,-43.00,67.00,72.20,f0:2f:74:40:a0:c0
1783359859.5,-8.41,-4.94,-45.00,65.00,72.20,f0:2f:74:40:a0:c0
1783359862.5,-9.15,-5.12,-45.00,65.00,72.20,f0:2f:74:40:a0:c0
1783359865.5,-9.94,-5.30,-45.00,65.00,72.20,f0:2f:74:40:a0:c0
1783359868.5,-10.76,-5.37,-46.00,64.00,72.20,f0:2f:74:40:a0:c0
1783359871.5,-11.28,-5.53,-48.00,62.00,72.20,f0:2f:74:40:a0:c0
1783359874.5,-12.09,-5.77,-46.00,64.00,72.20,f0:2f:74:40:a0:c0
1783359877.5,-12.64,-6.10,-47.00,63.00,72.20,f0:2f:74:40:a0:c0
1783359880.5,-12.45,-6.02,-46.00,64.00,72.20,f0:2f:74:40:a0:c0
1783359883.5,-11.72,-5.68,-49.00,61.00,72.20,f0:2f:74:40:a0:c0
1783359886.5,-11.35,-5.47,-48.00,62.00,72.20,f0:2f:74:40:a0:c0
1783359889.5,-10.54,-5.20,-48.00,62.00,72.20,f0:2f:74:40:a0:c0
1783359892.5,-9.67,-5.02,-45.00,65.00,72.20,f0:2f:74:40:a0:c0
1783359895.5,-8.85,-4.78,-44.00,66.00,72.20,f0:2f:74:40:a0:c0
1783359898.5,-8.27,-4.72,-43.00,67.00,72.20,f0:2f:74:40:a0:c0
1783359901.5,-7.43,-4.55,-44.00,66.00,72.20,f0:2f:74:40:a0:c0
1783359904.5,-6.67,-4.57,-41.00,69.00,72.20,f0:2f:74:40:a0:c0
1783359907.5,-5.84,-4.36,-43.00,67.00,72.20,f0:2f:74:40:a0:c0
1783359910.5,-5.01,-4.08,-37.00,70.00,72.20,f0:2f:74:40:a0:c0
1783359913.5,-4.47,-3.88,-34.00,70.00,72.20,f0:2f:74:40:a0:c0
1783359916.5,-3.91,-3.49,-40.00,70.00,72.20,f0:2f:74:40:a0:c0
1783359919.5,-3.03,-2.91,-36.00,70.00,72.20,f0:2f:74:40:a0:c0
1783359922.5,-2.37,-2.44,-36.00,70.00,72.20,f0:2f:74:40:a0:c0
1783359925.5,-1.77,-1.97,-35.00,70.00,72.20,f0:2f:74:40:a0:c0
1783359928.5,-0.83,-1.38,-35.00,70.00,72.20,f0:2f:74:40:a0:c0
1783359931.5,-0.29,-0.97,-34.00,70.00,72.20,f0:2f:74:40:a0:c0
1783359934.5,-0.26,-0.95,-33.00,70.00,72.20,f0:2f:74:40:a0:c0
1783359937.5,-0.26,-0.95,-33.00,70.00,72.20,f0:2f:74:40:a0:c0
1783359940.5,-0.26,-0.95,-34.00,70.00,72.20,f0:2f:74:40:a0:c0
1783359943.5,-0.26,-0.95,-34.00,70.00,72.20,f0:2f:74:40:a0:c0
1783359946.5,-0.26,-0.95,-33.00,70.00,72.20,f0:2f:74:40:a0:c0
1783359949.5,-0.26,-0.95,-33.00,70.00,72.20,f0:2f:74:40:a0:c0
1783359952.5,-0.26,-0.95,-33.00,70.00,72.20,f0:2f:74:40:a0:c0
1783359955.5,-0.26,-0.95,-33.00,70.00,72.20,f0:2f:74:40:a0:c0
1783359958.5,-0.26,-0.95,-33.00,70.00,72.20,f0:2f:74:40:a0:c0
1783359961.5,-0.26,-0.95,-33.00,70.00,72.20,f0:2f:74:40:a0:c0
1783359964.5,-0.26,-0.95,-33.00,70.00,72.20,f0:2f:74:40:a0:c0
1783359967.5,-0.26,-0.95,-33.00,70.00,72.20,f0:2f:74:40:a0:c0
1783359970.5,-0.27,-0.91,-33.00,70.00,72.20,f0:2f:74:40:a0:c0
1783359973.5,-0.28,-0.84,-35.00,70.00,72.20,f0:2f:74:40:a0:c0
1783359976.5,-0.40,-1.10,-36.00,70.00,72.20,f0:2f:74:40:a0:c0
1783359979.5,-0.50,-1.08,-36.00,70.00,72.20,f0:2f:74:40:a0:c0
1783359982.5,-0.79,-0.68,-34.00,70.00,72.20,f0:2f:74:40:a0:c0
1783359985.5,-1.35,0.08,-37.00,70.00,72.20,f0:2f:74:40:a0:c0
1783359988.5,-1.77,0.64,-34.00,70.00,72.20,f0:2f:74:40:a0:c0
1783359991.5,-2.23,1.21,-42.00,68.00,72.20,f0:2f:74:40:a0:c0
1783359994.5,-2.71,1.76,-37.00,70.00,72.20,f0:2f:74:40:a0:c0
1783359997.5,-3.15,2.31,-38.00,70.00,72.20,f0:2f:74:40:a0:c0
1783360000.5,-3.85,3.07,-41.00,69.00,72.20,f0:2f:74:40:a0:c0
1783360003.5,-4.39,3.62,-41.00,69.00,72.20,f0:2f:74:40:a0:c0
1783360006.5,-4.88,4.36,-39.00,70.00,72.20,f0:2f:74:40:a0:c0
1783360009.5,-4.61,5.03,-40.00,70.00,72.20,f0:2f:74:40:a0:c0
1783360012.5,-4.57,5.52,-45.00,65.00,72.20,f0:2f:74:40:a0:c0
1783360015.5,-4.67,6.32,-45.00,65.00,72.20,f0:2f:74:40:a0:c0
1783360018.5,-4.77,7.24,-41.00,69.00,72.20,f0:2f:74:40:a0:c0
1783360021.5,-4.90,8.03,-49.00,61.00,72.20,f0:2f:74:40:a0:c0
1783360024.5,-5.55,8.21,-48.00,62.00,72.20,f0:2f:74:40:a0:c0
1783360027.5,-6.10,8.08,-48.00,62.00,72.20,f0:2f:74:40:a0:c0
1783360030.5,-6.94,8.02,-48.00,62.00,72.20,f0:2f:74:40:a0:c0
1783360033.5,-7.78,8.08,-50.00,60.00,72.20,f0:2f:74:40:a0:c0
1783360036.5,-8.58,8.06,-51.00,59.00,72.20,f0:2f:74:40:a0:c0
1783360039.5,-9.06,8.00,-51.00,59.00,72.20,f0:2f:74:40:a0:c0
1783360042.5,-9.91,8.02,-51.00,59.00,72.20,f0:2f:74:40:a0:c0
1783360045.5,-10.70,7.94,-53.00,57.00,72.20,f0:2f:74:40:a0:c0
1783360048.5,-11.47,7.90,-54.00,56.00,72.20,f0:2f:74:40:a0:c0
1783360051.5,-12.02,7.92,-52.00,58.00,72.20,f0:2f:74:40:a0:c0
1783360054.5,-12.81,7.90,-55.00,55.00,72.20,f0:2f:74:40:a0:c0
1783360057.5,-13.62,7.85,-53.00,57.00,72.20,f0:2f:74:40:a0:c0
1783360060.5,-14.04,7.74,-54.00,56.00,72.20,f0:2f:74:40:a0:c0
1783360063.5,-13.72,7.83,-52.00,58.00,72.20,f0:2f:74:40:a0:c0
1783360066.5,-12.96,7.93,-54.00,56.00,72.20,f0:2f:74:40:a0:c0
1783360069.5,-12.18,7.97,-54.00,56.00,72.20,f0:2f:74:40:a0:c0
1783360072.5,-11.48,7.95,-56.00,54.00,72.20,f0:2f:74:40:a0:c0
1783360075.5,-10.72,7.94,-55.00,55.00,72.20,f0:2f:74:40:a0:c0
1783360078.5,-9.96,8.00,-51.00,59.00,72.20,f0:2f:74:40:a0:c0
1783360081.5,-9.23,8.04,-52.00,58.00,72.20,f0:2f:74:40:a0:c0
1783360084.5,-8.54,8.08,-50.00,60.00,65.00,f0:2f:74:40:a0:c0
1783360087.5,-7.83,8.09,-51.00,59.00,72.20,f0:2f:74:40:a0:c0
1783360090.5,-7.01,8.11,-48.00,62.00,72.20,f0:2f:74:40:a0:c0
1783360093.5,-6.30,8.11,-47.00,63.00,72.20,f0:2f:74:40:a0:c0
1783360096.5,-5.52,8.09,-48.00,62.00,72.20,f0:2f:74:40:a0:c0
1783360099.5,-4.86,7.93,-46.00,64.00,72.20,f0:2f:74:40:a0:c0
1783360102.5,-4.68,7.29,-46.00,64.00,65.00,f0:2f:74:40:a0:c0
1783360105.5,-4.69,6.52,-42.00,68.00,57.70,f0:2f:74:40:a0:c0
1783360108.5,-4.65,5.70,-41.00,69.00,72.20,f0:2f:74:40:a0:c0
1783360111.5,-4.53,4.92,-39.00,70.00,72.20,f0:2f:74:40:a0:c0
1783360114.5,-4.54,4.80,-40.00,70.00,72.20,f0:2f:74:40:a0:c0
1783360117.5,-4.51,4.82,-40.00,70.00,72.20,f0:2f:74:40:a0:c0
1783360120.5,-4.60,4.46,-40.00,70.00,72.20,f0:2f:74:40:a0:c0
1783360123.5,-4.28,3.71,-38.00,70.00,72.20,f0:2f:74:40:a0:c0
1783360126.5,-4.04,3.45,-40.00,70.00,72.20,f0:2f:74:40:a0:c0
1783360129.5,-3.44,2.69,-33.00,70.00,72.20,f0:2f:74:40:a0:c0
1783360132.5,-3.04,2.15,-39.00,70.00,72.20,f0:2f:74:40:a0:c0
1783360135.5,-2.39,1.33,-34.00,70.00,72.20,f0:2f:74:40:a0:c0
1783360138.5,-2.01,0.72,-38.00,70.00,24.00,f0:2f:74:40:a0:c0
1783360141.5,-1.55,0.15,-36.00,70.00,72.20,f0:2f:74:40:a0:c0
1783360144.5,-0.80,-0.59,-33.00,70.00,72.20,f0:2f:74:40:a0:c0
1783360147.5,-0.47,-1.37,-33.00,70.00,72.20,f0:2f:74:40:a0:c0
1783360150.5,-0.42,-1.46,-35.00,70.00,72.20,f0:2f:74:40:a0:c0
1783360153.5,-0.42,-1.46,-35.00,70.00,72.20,f0:2f:74:40:a0:c0
1783360156.5,-0.42,-1.46,-35.00,70.00,72.20,f0:2f:74:40:a0:c0
1783360159.5,-0.42,-1.46,-35.00,70.00,72.20,f0:2f:74:40:a0:c0
1783360162.5,-0.42,-1.46,-35.00,70.00,72.20,f0:2f:74:40:a0:c0
1783360165.5,-0.42,-1.46,-35.00,70.00,72.20,f0:2f:74:40:a0:c0
1783360168.5,-0.42,-1.46,-35.00,70.00,72.20,f0:2f:74:40:a0:c0
1783360171.5,-0.42,-1.46,-35.00,70.00,72.20,f0:2f:74:40:a0:c0
1783360174.5,-0.42,-1.46,-35.00,70.00,72.20,f0:2f:74:40:a0:c0
1783360177.5,-0.42,-1.46,-35.00,70.00,72.20,f0:2f:74:40:a0:c0
1783360180.5,-0.42,-1.46,-34.00,70.00,72.20,f0:2f:74:40:a0:c0
1783360183.5,-0.42,-1.46,-34.00,70.00,72.20,f0:2f:74:40:a0:c0
1783360186.5,-0.42,-1.46,-34.00,70.00,72.20,f0:2f:74:40:a0:c0
1783360189.5,-0.42,-1.46,-34.00,70.00,72.20,f0:2f:74:40:a0:c0
1783360192.5,-0.42,-1.59,-31.00,70.00,72.20,f0:2f:74:40:a0:c0
1783360195.5,-0.25,-2.18,-34.00,70.00,72.20,f0:2f:74:40:a0:c0
1783360198.5,-0.18,-2.67,-33.00,70.00,72.20,f0:2f:74:40:a0:c0
1783360201.5,0.20,-3.57,-36.00,70.00,72.20,f0:2f:74:40:a0:c0
1783360204.5,0.90,-3.67,-35.00,70.00,72.20,f0:2f:74:40:a0:c0
1783360207.5,1.64,-3.69,-31.00,70.00,72.20,f0:2f:74:40:a0:c0
1783360210.5,2.45,-3.72,-35.00,70.00,72.20,f0:2f:74:40:a0:c0
1783360213.5,3.26,-3.71,-34.00,70.00,72.20,f0:2f:74:40:a0:c0
1783360216.5,4.06,-3.79,-38.00,70.00,72.20,f0:2f:74:40:a0:c0
1783360219.5,4.90,-3.79,-35.00,70.00,72.20,f0:2f:74:40:a0:c0
1783360222.5,5.76,-3.92,-33.00,70.00,72.20,f0:2f:74:40:a0:c0
1783360225.5,6.57,-3.90,-35.00,70.00,72.20,f0:2f:74:40:a0:c0
1783360228.5,7.34,-3.88,-35.00,70.00,72.20,f0:2f:74:40:a0:c0
1783360231.5,8.08,-3.96,-36.00,70.00,72.20,f0:2f:74:40:a0:c0
1783360234.5,8.86,-3.98,-41.00,69.00,72.20,f0:2f:74:40:a0:c0
1783360237.5,9.69,-3.90,-36.00,70.00,72.20,f0:2f:74:40:a0:c0
1783360240.5,10.53,-3.97,-41.00,69.00,72.20,f0:2f:74:40:a0:c0
1783360243.5,11.18,-4.15,-41.00,69.00,72.20,f0:2f:74:40:a0:c0
1783360246.5,11.86,-4.43,-44.00,66.00,72.20,f0:2f:74:40:a0:c0
1783360249.5,11.86,-4.43,-39.00,70.00,72.20,f0:2f:74:40:a0:c0
1783360252.5,11.86,-4.43,-39.00,70.00,72.20,f0:2f:74:40:a0:c0
1783360255.5,11.86,-4.43,-39.00,70.00,72.20,f0:2f:74:40:a0:c0
1783360258.5,11.86,-4.43,-39.00,70.00,72.20,f0:2f:74:40:a0:c0
1783360261.5,11.86,-4.43,-39.00,70.00,72.20,f0:2f:74:40:a0:c0
1783360264.5,11.86,-4.43,-40.00,70.00,72.20,f0:2f:74:40:a0:c0
1783360267.5,11.86,-4.43,-39.00,70.00,72.20,f0:2f:74:40:a0:c0
1783360270.5,11.86,-4.43,-39.00,70.00,72.20,f0:2f:74:40:a0:c0
1783360273.5,11.86,-4.43,-41.00,69.00,72.20,f0:2f:74:40:a0:c0
1783360276.5,11.86,-4.43,-40.00,70.00,72.20,f0:2f:74:40:a0:c0
1783360279.5,11.86,-4.43,-39.00,70.00,72.20,f0:2f:74:40:a0:c0
1783360282.5,11.86,-4.43,-38.00,70.00,72.20,f0:2f:74:40:a0:c0
1783360285.5,11.86,-4.43,-38.00,70.00,72.20,f0:2f:74:40:a0:c0
1783360288.5,11.86,-4.43,-38.00,70.00,72.20,f0:2f:74:40:a0:c0
1783360291.5,12.06,-4.45,-37.00,70.00,72.20,f0:2f:74:40:a0:c0
1783360294.5,12.15,-4.49,-40.00,70.00,72.20,f0:2f:74:40:a0:c0
1783360297.5,12.65,-4.34,-40.00,70.00,72.20,f0:2f:74:40:a0:c0
1783360300.5,13.43,-4.21,-43.00,67.00,72.20,f0:2f:74:40:a0:c0
1783360303.5,14.26,-4.09,-40.00,70.00,72.20,f0:2f:74:40:a0:c0
1783360306.5,15.12,-3.86,-44.00,66.00,72.20,f0:2f:74:40:a0:c0
1783360309.5,15.29,-3.70,-45.00,65.00,72.20,f0:2f:74:40:a0:c0
1783360312.5,15.28,-3.70,-44.00,66.00,72.20,f0:2f:74:40:a0:c0
1783360315.5,15.28,-3.70,-44.00,66.00,72.20,f0:2f:74:40:a0:c0
1783360318.5,15.28,-3.70,-45.00,65.00,72.20,f0:2f:74:40:a0:c0
1783360321.5,15.28,-3.70,-44.00,66.00,72.20,f0:2f:74:40:a0:c0
1783360324.5,15.28,-3.70,-46.00,64.00,72.20,f0:2f:74:40:a0:c0
1783360327.5,15.28,-3.70,-46.00,64.00,72.20,f0:2f:74:40:a0:c0
1783360330.5,15.28,-3.70,-46.00,64.00,72.20,f0:2f:74:40:a0:c0
1783360333.5,15.28,-3.70,-45.00,65.00,72.20,f0:2f:74:40:a0:c0
1783360336.5,15.28,-3.70,-46.00,64.00,72.20,f0:2f:74:40:a0:c0
1783360339.5,15.28,-3.70,-46.00,64.00,72.20,f0:2f:74:40:a0:c0
1783360342.5,15.28,-3.70,-45.00,65.00,72.20,f0:2f:74:40:a0:c0
1783360345.5,15.28,-3.70,-46.00,64.00,72.20,f0:2f:74:40:a0:c0
1783360348.5,15.28,-3.70,-46.00,64.00,72.20,f0:2f:74:40:a0:c0
1783360351.5,15.28,-3.70,-45.00,65.00,57.70,f0:2f:74:40:a0:c0
1783360354.5,15.32,-3.72,-46.00,64.00,65.00,f0:2f:74:40:a0:c0
1783360357.5,15.86,-3.72,-41.00,69.00,65.00,f0:2f:74:40:a0:c0
1783360360.5,16.69,-3.59,-43.00,67.00,65.00,f0:2f:74:40:a0:c0
1783360363.5,17.25,-3.50,-44.00,66.00,57.70,f0:2f:74:40:a0:c0
1783360366.5,18.13,-3.37,-45.00,65.00,65.00,f0:2f:74:40:a0:c0
1783360369.5,19.05,-3.32,-46.00,64.00,65.00,f0:2f:74:40:a0:c0
1783360372.5,19.95,-3.28,-44.00,66.00,57.70,f0:2f:74:40:a0:c0
1783360375.5,20.75,-3.23,-46.00,64.00,72.20,f0:2f:74:40:a0:c0
1783360378.5,21.28,-3.22,-49.00,61.00,72.20,f0:2f:74:40:a0:c0
1783360381.5,22.17,-3.20,-49.00,61.00,72.20,f0:2f:74:40:a0:c0
1783360384.5,23.09,-3.33,-48.00,62.00,72.20,f0:2f:74:40:a0:c0
1783360387.5,23.98,-3.34,-49.00,61.00,72.20,f0:2f:74:40:a0:c0
1783360390.5,24.92,-3.25,-50.00,60.00,72.20,f0:2f:74:40:a0:c0
1783360393.5,25.54,-3.22,-47.00,63.00,72.20,f0:2f:74:40:a0:c0
1783360396.5,26.42,-3.19,-48.00,62.00,72.20,f0:2f:74:40:a0:c0
1783360399.5,27.26,-3.16,-47.00,63.00,72.20,f0:2f:74:40:a0:c0
1783360402.5,28.15,-3.13,-50.00,60.00,72.20,f0:2f:74:40:a0:c0
1783360405.5,28.72,-3.16,-54.00,56.00,72.20,f0:2f:74:40:a0:c0
1783360408.5,29.51,-3.17,-54.00,56.00,72.20,f0:2f:74:40:a0:c0
1783360411.5,30.37,-3.10,-56.00,54.00,72.20,f0:2f:74:40:a0:c0
1783360414.5,31.27,-3.13,-56.00,54.00,72.20,f0:2f:74:40:a0:c0
1783360417.5,32.32,-3.04,-56.00,54.00,72.20,f0:2f:74:40:a0:c0
1783360420.5,33.00,-2.63,-58.00,52.00,72.20,f0:2f:74:40:a0:c0
1783360423.5,33.73,-2.64,-57.00,53.00,65.00,f0:2f:74:40:a0:c0
1783360426.5,34.56,-2.67,-58.00,52.00,72.20,f0:2f:74:40:a0:c0
1783360429.5,35.35,-2.66,-59.00,51.00,72.20,f0:2f:74:40:a0:c0
1783360432.5,36.26,-2.67,-61.00,49.00,72.20,f0:2f:74:40:a0:c0
1783360435.5,36.95,-2.80,-63.00,47.00,72.20,f0:2f:74:40:a0:c0
1783360438.5,37.03,-2.68,-65.00,45.00,72.20,f0:2f:74:40:a0:c0
1783360441.5,37.03,-2.68,-65.00,45.00,19.50,f0:2f:74:40:a0:c0
1783360444.5,37.03,-2.68,-63.00,47.00,65.00,f0:2f:74:40:a0:c0
1783360447.5,37.01,-2.75,-64.00,46.00,57.70,f0:2f:74:40:a0:c0
1783360450.5,36.74,-2.71,-60.00,50.00,65.00,f0:2f:74:40:a0:c0
1783360453.5,36.02,-2.64,-62.00,48.00,43.30,f0:2f:74:40:a0:c0
1783360456.5,35.20,-2.57,-60.00,50.00,65.00,f0:2f:74:40:a0:c0
1783360459.5,34.37,-2.56,-57.00,53.00,72.20,f0:2f:74:40:a0:c0
1783360462.5,33.57,-2.65,-62.00,48.00,72.20,f0:2f:74:40:a0:c0
1783360465.5,32.76,-2.79,-60.00,50.00,72.20,f0:2f:74:40:a0:c0
1783360468.5,32.13,-2.94,-55.00,55.00,72.20,f0:2f:74:40:a0:c0
1783360471.5,31.43,-3.17,-57.00,53.00,72.20,f0:2f:74:40:a0:c0
1783360474.5,30.62,-3.16,-54.00,56.00,72.20,f0:2f:74:40:a0:c0
1783360477.5,29.88,-3.18,-55.00,55.00,72.20,f0:2f:74:40:a0:c0
1783360480.5,29.06,-3.17,-51.00,59.00,72.20,f0:2f:74:40:a0:c0
1783360483.5,28.22,-3.09,-51.00,59.00,72.20,f0:2f:74:40:a0:c0
1783360486.5,27.49,-3.14,-51.00,59.00,72.20,f0:2f:74:40:a0:c0
1783360489.5,26.36,-3.12,-50.00,60.00,72.20,f0:2f:74:40:a0:c0
1783360492.5,25.43,-3.19,-50.00,60.00,72.20,f0:2f:74:40:a0:c0
1783360495.5,24.92,-3.12,-49.00,61.00,72.20,f0:2f:74:40:a0:c0
1783360498.5,24.08,-3.09,-50.00,60.00,72.20,f0:2f:74:40:a0:c0
1783360501.5,23.18,-3.07,-49.00,61.00,72.20,f0:2f:74:40:a0:c0
1783360504.5,22.31,-3.04,-49.00,61.00,72.20,f0:2f:74:40:a0:c0
1783360507.5,21.44,-3.09,-51.00,59.00,65.00,f0:2f:74:40:a0:c0
1783360510.5,20.51,-3.11,-47.00,63.00,72.20,f0:2f:74:40:a0:c0
1783360513.5,19.66,-3.11,-47.00,63.00,72.20,f0:2f:74:40:a0:c0
1783360516.5,18.81,-3.15,-47.00,63.00,72.20,f0:2f:74:40:a0:c0
1783360519.5,18.06,-3.20,-46.00,64.00,72.20,f0:2f:74:40:a0:c0
1783360522.5,17.53,-3.25,-44.00,66.00,72.20,f0:2f:74:40:a0:c0
1783360525.5,16.71,-3.34,-45.00,65.00,72.20,f0:2f:74:40:a0:c0
1783360528.5,15.92,-3.58,-45.00,65.00,72.20,f0:2f:74:40:a0:c0
1783360531.5,15.16,-3.89,-47.00,63.00,65.00,f0:2f:74:40:a0:c0
1783360534.5,14.79,-4.06,-43.00,67.00,65.00,f0:2f:74:40:a0:c0
1783360537.5,13.89,-3.98,-42.00,68.00,72.20,f0:2f:74:40:a0:c0
1783360540.5,13.02,-3.95,-41.00,69.00,72.20,f0:2f:74:40:a0:c0
1783360543.5,12.21,-4.19,-40.00,70.00,72.20,f0:2f:74:40:a0:c0
1783360546.5,11.49,-4.42,-41.00,69.00,72.20,f0:2f:74:40:a0:c0
1783360549.5,11.06,-4.51,-37.00,70.00,72.20,f0:2f:74:40:a0:c0
1783360552.5,10.51,-4.39,-38.00,70.00,72.20,f0:2f:74:40:a0:c0
1783360555.5,9.70,-4.27,-38.00,70.00,72.20,f0:2f:74:40:a0:c0
1783360558.5,8.83,-4.16,-39.00,70.00,72.20,f0:2f:74:40:a0:c0
1783360561.5,7.94,-4.07,-37.00,70.00,72.20,f0:2f:74:40:a0:c0
1783360564.5,6.95,-4.09,-38.00,70.00,72.20,f0:2f:74:40:a0:c0
1783360567.5,6.02,-4.03,-36.00,70.00,65.00,f0:2f:74:40:a0:c0
1783360570.5,5.17,-3.91,-33.00,70.00,72.20,f0:2f:74:40:a0:c0
1783360573.5,4.28,-3.88,-32.00,70.00,72.20,f0:2f:74:40:a0:c0
1783360576.5,3.44,-3.90,-33.00,70.00,72.20,f0:2f:74:40:a0:c0
1783360579.5,2.57,-3.92,-29.00,70.00,72.20,f0:2f:74:40:a0:c0
1783360582.5,2.02,-3.86,-34.00,70.00,72.20,f0:2f:74:40:a0:c0
1783360585.5,1.16,-3.90,-38.00,70.00,72.20,f0:2f:74:40:a0:c0
1783360588.5,0.33,-3.65,-34.00,70.00,72.20,f0:2f:74:40:a0:c0
1783360591.5,-0.15,-3.13,-32.00,70.00,72.20,f0:2f:74:40:a0:c0
1783360594.5,-0.43,-2.31,-33.00,70.00,72.20,f0:2f:74:40:a0:c0
1783360597.5,-0.55,-1.57,-34.00,70.00,72.20,f0:2f:74:40:a0:c0
1783360600.5,-0.64,-1.11,-37.00,70.00,72.20,f0:2f:74:40:a0:c0
1783360603.5,-0.96,-1.18,-35.00,70.00,72.20,f0:2f:74:40:a0:c0
1783360606.5,-1.52,-1.60,-36.00,70.00,72.20,f0:2f:74:40:a0:c0
1783360609.5,-2.03,-1.93,-35.00,70.00,72.20,f0:2f:74:40:a0:c0
1783360612.5,-2.61,-2.37,-33.00,70.00,72.20,f0:2f:74:40:a0:c0
1783360615.5,-3.19,-2.80,-35.00,70.00,72.20,f0:2f:74:40:a0:c0
1783360618.5,-4.09,-3.51,-39.00,70.00,72.20,f0:2f:74:40:a0:c0
1783360621.5,-4.70,-3.91,-37.00,70.00,72.20,f0:2f:74:40:a0:c0
1783360624.5,-5.54,-4.25,-43.00,67.00,72.20,f0:2f:74:40:a0:c0
1783360627.5,-6.14,-4.42,-42.00,68.00,72.20,f0:2f:74:40:a0:c0
1783360630.5,-7.02,-4.64,-43.00,67.00,72.20,f0:2f:74:40:a0:c0
1783360633.5,-7.86,-4.84,-45.00,65.00,72.20,f0:2f:74:40:a0:c0
1783360636.5,-8.71,-5.07,-46.00,64.00,72.20,f0:2f:74:40:a0:c0
1783360639.5,-9.50,-5.31,-51.00,59.00,72.20,f0:2f:74:40:a0:c0
1783360642.5,-10.11,-5.37,-48.00,62.00,72.20,f0:2f:74:40:a0:c0
1783360645.5,-10.93,-5.48,-46.00,64.00,72.20,f0:2f:74:40:a0:c0
1783360648.5,-11.73,-5.65,-48.00,62.00,72.20,f0:2f:74:40:a0:c0
1783360651.5,-12.38,-5.95,-47.00,63.00,72.20,f0:2f:74:40:a0:c0
1783360654.5,-12.77,-5.98,-49.00,61.00,72.20,f0:2f:74:40:a0:c0
1783360657.5,-12.44,-5.89,-45.00,65.00,72.20,f0:2f:74:40:a0:c0
1783360660.5,-11.71,-5.56,-48.00,62.00,72.20,f0:2f:74:40:a0:c0
1783360663.5,-10.98,-5.32,-49.00,61.00,72.20,f0:2f:74:40:a0:c0
1783360666.5,-10.46,-5.18,-45.00,65.00,72.20,f0:2f:74:40:a0:c0
1783360669.5,-9.61,-5.02,-44.00,66.00,72.20,f0:2f:74:40:a0:c0
1783360672.5,-8.72,-4.86,-46.00,64.00,72.20,f0:2f:74:40:a0:c0
1783360675.5,-7.90,-4.64,-46.00,64.00,72.20,f0:2f:74:40:a0:c0
1783360678.5,-7.12,-4.39,-42.00,68.00,72.20,f0:2f:74:40:a0:c0
1783360681.5,-6.57,-4.38,-41.00,69.00,72.20,f0:2f:74:40:a0:c0
1783360684.5,-5.72,-4.19,-40.00,70.00,72.20,f0:2f:74:40:a0:c0
1783360687.5,-4.81,-4.04,-41.00,69.00,72.20,f0:2f:74:40:a0:c0
1783360690.5,-4.26,-3.79,-39.00,70.00,72.20,f0:2f:74:40:a0:c0
1783360693.5,-3.67,-3.40,-37.00,70.00,72.20,f0:2f:74:40:a0:c0
1783360696.5,-2.68,-2.72,-34.00,70.00,72.20,f0:2f:74:40:a0:c0
1783360699.5,-2.10,-2.21,-34.00,70.00,72.20,f0:2f:74:40:a0:c0
1783360702.5,-1.53,-1.76,-39.00,70.00,72.20,f0:2f:74:40:a0:c0
1783360705.5,-0.55,-1.27,-34.00,70.00,72.20,f0:2f:74:40:a0:c0
1783360708.5,-0.28,-0.90,-32.00,70.00,72.20,f0:2f:74:40:a0:c0
1783360711.5,-0.32,-0.83,-35.00,70.00,72.20,f0:2f:74:40:a0:c0
1783360714.5,-0.48,-0.84,-36.00,70.00,72.20,f0:2f:74:40:a0:c0
1783360717.5,-0.48,-0.84,-36.00,70.00,72.20,f0:2f:74:40:a0:c0
1783360720.5,-0.48,-0.84,-36.00,70.00,72.20,f0:2f:74:40:a0:c0
1783360723.5,-0.48,-0.84,-36.00,70.00,72.20,f0:2f:74:40:a0:c0
1783360726.5,-0.48,-0.84,-36.00,70.00,72.20,f0:2f:74:40:a0:c0
1783360729.5,-0.48,-0.84,-36.00,70.00,72.20,f0:2f:74:40:a0:c0
1783360732.5,-0.48,-0.84,-35.00,70.00,72.20,f0:2f:74:40:a0:c0
1783360735.5,-0.48,-0.84,-36.00,70.00,72.20,f0:2f:74:40:a0:c0
1783360738.5,-0.48,-0.84,-35.00,70.00,72.20,f0:2f:74:40:a0:c0
1783360741.5,-0.48,-0.84,-36.00,70.00,24.00,f0:2f:74:40:a0:c0
1783360744.5,-0.48,-0.84,-36.00,70.00,72.20,f0:2f:74:40:a0:c0
1783360747.5,-0.39,-0.93,-34.00,70.00,72.20,f0:2f:74:40:a0:c0
1783360750.5,-0.40,-0.91,-33.00,70.00,72.20,f0:2f:74:40:a0:c0
1783360753.5,-0.43,-1.17,-37.00,70.00,72.20,f0:2f:74:40:a0:c0
1783360756.5,-0.62,-1.07,-34.00,70.00,72.20,f0:2f:74:40:a0:c0
1783360759.5,-0.92,-0.52,-33.00,70.00,72.20,f0:2f:74:40:a0:c0
1783360762.5,-1.33,0.02,-37.00,70.00,72.20,f0:2f:74:40:a0:c0
1783360765.5,-1.78,0.55,-34.00,70.00,72.20,f0:2f:74:40:a0:c0
1783360768.5,-2.50,1.43,-38.00,70.00,72.20,f0:2f:74:40:a0:c0
1783360771.5,-2.97,1.95,-34.00,70.00,72.20,f0:2f:74:40:a0:c0
1783360774.5,-3.39,2.53,-37.00,70.00,72.20,f0:2f:74:40:a0:c0
1783360777.5,-3.91,3.08,-40.00,70.00,72.20,f0:2f:74:40:a0:c0
1783360780.5,-4.60,3.90,-39.00,70.00,72.20,f0:2f:74:40:a0:c0
1783360783.5,-4.82,4.59,-41.00,69.00,72.20,f0:2f:74:40:a0:c0
1783360786.5,-4.58,5.41,-44.00,66.00,72.20,f0:2f:74:40:a0:c0
1783360789.5,-4.59,6.01,-43.00,67.00,72.20,f0:2f:74:40:a0:c0
1783360792.5,-4.71,6.86,-43.00,67.00,72.20,f0:2f:74:40:a0:c0
1783360795.5,-4.77,7.42,-46.00,64.00,72.20,f0:2f:74:40:a0:c0
1783360798.5,-4.93,8.14,-47.00,63.00,72.20,f0:2f:74:40:a0:c0
1783360801.5,-5.51,8.14,-45.00,65.00,72.20,f0:2f:74:40:a0:c0
1783360804.5,-6.33,8.05,-48.00,62.00,72.20,f0:2f:74:40:a0:c0
1783360807.5,-7.15,8.03,-48.00,62.00,72.20,f0:2f:74:40:a0:c0
1783360810.5,-7.99,8.09,-53.00,57.00,65.00,f0:2f:74:40:a0:c0
1783360813.5,-8.78,8.09,-49.00,61.00,57.70,f0:2f:74:40:a0:c0
1783360816.5,-9.33,8.03,-53.00,57.00,65.00,f0:2f:74:40:a0:c0
1783360819.5,-10.07,7.93,-55.00,55.00,65.00,f0:2f:74:40:a0:c0
1783360822.5,-10.93,7.91,-56.00,54.00,72.20,f0:2f:74:40:a0:c0
1783360825.5,-11.44,7.88,-52.00,58.00,65.00,f0:2f:74:40:a0:c0
1783360828.5,-12.28,7.92,-53.00,57.00,57.70,f0:2f:74:40:a0:c0
1783360831.5,-13.04,7.88,-54.00,56.00,72.20,f0:2f:74:40:a0:c0
1783360834.5,-13.79,7.77,-53.00,57.00,57.70,f0:2f:74:40:a0:c0
1783360837.5,-14.06,7.74,-53.00,57.00,57.70,f0:2f:74:40:a0:c0
1783360840.5,-13.72,7.79,-55.00,55.00,72.20,f0:2f:74:40:a0:c0
1783360843.5,-13.19,7.89,-55.00,55.00,72.20,f0:2f:74:40:a0:c0
1783360846.5,-12.39,7.96,-53.00,57.00,72.20,f0:2f:74:40:a0:c0
1783360849.5,-11.41,7.95,-53.00,57.00,72.20,f0:2f:74:40:a0:c0
1783360852.5,-10.70,7.93,-53.00,57.00,72.20,f0:2f:74:40:a0:c0
1783360855.5,-9.98,8.00,-53.00,57.00,65.00,f0:2f:74:40:a0:c0
1783360858.5,-9.23,8.07,-49.00,61.00,72.20,f0:2f:74:40:a0:c0
1783360861.5,-8.50,8.09,-51.00,59.00,57.70,f0:2f:74:40:a0:c0
1783360864.5,-7.74,8.10,-52.00,58.00,65.00,f0:2f:74:40:a0:c0
1783360867.5,-6.95,8.08,-49.00,61.00,65.00,f0:2f:74:40:a0:c0
1783360870.5,-6.27,8.10,-48.00,62.00,72.20,f0:2f:74:40:a0:c0
1783360873.5,-5.58,8.08,-48.00,62.00,72.20,f0:2f:74:40:a0:c0
1783360876.5,-5.00,7.93,-49.00,61.00,72.20,f0:2f:74:40:a0:c0
1783360879.5,-4.66,7.38,-45.00,65.00,72.20,f0:2f:74:40:a0:c0
1783360882.5,-4.66,6.63,-45.00,65.00,72.20,f0:2f:74:40:a0:c0
1783360885.5,-4.64,5.82,-39.00,70.00,72.20,f0:2f:74:40:a0:c0
1783360888.5,-4.49,4.99,-38.00,70.00,72.20,f0:2f:74:40:a0:c0
1783360891.5,-4.49,4.81,-40.00,70.00,72.20,f0:2f:74:40:a0:c0
1783360894.5,-4.48,4.83,-41.00,69.00,72.20,f0:2f:74:40:a0:c0
1783360897.5,-4.48,4.83,-41.00,69.00,72.20,f0:2f:74:40:a0:c0
1783360900.5,-4.48,4.83,-41.00,69.00,72.20,f0:2f:74:40:a0:c0
1783360903.5,-4.48,4.83,-41.00,69.00,72.20,f0:2f:74:40:a0:c0
1783360906.5,-4.48,4.83,-41.00,69.00,72.20,f0:2f:74:40:a0:c0
1783360909.5,-4.48,4.83,-41.00,69.00,72.20,f0:2f:74:40:a0:c0
1783360912.5,-4.48,4.83,-41.00,69.00,72.20,f0:2f:74:40:a0:c0
1783360915.5,-4.48,4.83,-41.00,69.00,72.20,f0:2f:74:40:a0:c0
1783360918.5,-4.48,4.83,-41.00,69.00,72.20,f0:2f:74:40:a0:c0
1783360921.5,-4.48,4.83,-41.00,69.00,72.20,f0:2f:74:40:a0:c0
1783360924.5,-4.48,4.83,-41.00,69.00,72.20,f0:2f:74:40:a0:c0
1783360927.5,-4.48,4.83,-41.00,69.00,72.20,f0:2f:74:40:a0:c0
1783360930.5,-4.48,4.83,-41.00,69.00,72.20,f0:2f:74:40:a0:c0
1783360933.5,-4.48,4.83,-41.00,69.00,72.20,f0:2f:74:40:a0:c0
1783360936.5,-4.48,4.87,-42.00,68.00,72.20,f0:2f:74:40:a0:c0
1783360939.5,-4.59,4.86,-43.00,67.00,72.20,f0:2f:74:40:a0:c0
1783360942.5,-4.51,4.29,-41.00,69.00,72.20,f0:2f:74:40:a0:c0
1783360945.5,-4.29,3.77,-39.00,70.00,72.20,f0:2f:74:40:a0:c0
1783360948.5,-3.82,3.23,-37.00,70.00,72.20,f0:2f:74:40:a0:c0
1783360951.5,-3.15,2.49,-36.00,70.00,72.20,f0:2f:74:40:a0:c0
1783360954.5,-2.80,1.96,-34.00,70.00,72.20,f0:2f:74:40:a0:c0
1783360957.5,-2.25,1.16,-36.00,70.00,72.20,f0:2f:74:40:a0:c0
1783360960.5,-1.86,0.55,-35.00,70.00,72.20,f0:2f:74:40:a0:c0
1783360963.5,-1.34,-0.03,-35.00,70.00,72.20,f0:2f:74:40:a0:c0
1783360966.5,-0.58,-0.91,-34.00,70.00,72.20,f0:2f:74:40:a0:c0
1783360969.5,-0.37,-1.42,-32.00,70.00,72.20,f0:2f:74:40:a0:c0
1783360972.5,-0.35,-1.44,-34.00,70.00,72.20,f0:2f:74:40:a0:c0
1783360975.5,-0.35,-1.44,-34.00,70.00,72.20,f0:2f:74:40:a0:c0
1783360978.5,-0.32,-1.47,-35.00,70.00,72.20,f0:2f:74:40:a0:c0
1783360981.5,-0.34,-1.48,-34.00,70.00,72.20,f0:2f:74:40:a0:c0
1783360984.5,-0.40,-1.47,-35.00,70.00,72.20,f0:2f:74:40:a0:c0
1783360987.5,-0.35,-1.48,-35.00,70.00,72.20,f0:2f:74:40:a0:c0
1783360990.5,-0.35,-1.48,-35.00,70.00,72.20,f0:2f:74:40:a0:c0
1783360993.5,-0.35,-1.48,-34.00,70.00,72.20,f0:2f:74:40:a0:c0
1783360996.5,-0.46,-1.48,-32.00,70.00,72.20,f0:2f:74:40:a0:c0
1783360999.5,-0.46,-1.48,-32.00,70.00,72.20,f0:2f:74:40:a0:c0
1783361002.5,-0.46,-1.48,-32.00,70.00,72.20,f0:2f:74:40:a0:c0
1783361005.5,-0.46,-1.48,-32.00,70.00,72.20,f0:2f:74:40:a0:c0
1783361008.5,-0.46,-1.48,-32.00,70.00,72.20,f0:2f:74:40:a0:c0
1783361011.5,-0.46,-1.48,-32.00,70.00,72.20,f0:2f:74:40:a0:c0
1783361014.5,-0.46,-1.48,-32.00,70.00,72.20,f0:2f:74:40:a0:c0
1783361017.5,-0.46,-1.48,-32.00,70.00,72.20,f0:2f:74:40:a0:c0
1783361020.5,-0.46,-1.48,-32.00,70.00,72.20,f0:2f:74:40:a0:c0
1783361023.5,-0.46,-1.48,-32.00,70.00,72.20,f0:2f:74:40:a0:c0
1783361026.5,-0.46,-1.48,-32.00,70.00,72.20,f0:2f:74:40:a0:c0
1783361029.5,-0.46,-1.48,-32.00,70.00,72.20,f0:2f:74:40:a0:c0
1783361032.5,-0.46,-1.48,-32.00,70.00,72.20,f0:2f:74:40:a0:c0
1783361035.5,-0.46,-1.48,-32.00,70.00,72.20,f0:2f:74:40:a0:c0
1783361038.5,-0.46,-1.48,-32.00,70.00,72.20,f0:2f:74:40:a0:c0
1783361041.5,-0.46,-1.48,-32.00,70.00,72.20,f0:2f:74:40:a0:c0
1783361044.5,-0.42,-1.54,-33.00,70.00,72.20,f0:2f:74:40:a0:c0
1783361047.5,-0.46,-1.61,-34.00,70.00,72.20,f0:2f:74:40:a0:c0
1783361050.5,-0.46,-1.61,-34.00,70.00,72.20,f0:2f:74:40:a0:c0
1783361053.5,-0.46,-1.61,-34.00,70.00,72.20,f0:2f:74:40:a0:c0
1783361056.5,-0.46,-1.61,-34.00,70.00,72.20,f0:2f:74:40:a0:c0
1783361059.5,-0.46,-1.61,-34.00,70.00,72.20,f0:2f:74:40:a0:c0
1783361062.5,-0.46,-1.61,-34.00,70.00,72.20,f0:2f:74:40:a0:c0
1783361065.5,-0.46,-1.61,-34.00,70.00,72.20,f0:2f:74:40:a0:c0
1783361068.5,-0.46,-1.61,-34.00,70.00,72.20,f0:2f:74:40:a0:c0
1783361071.5,-0.46,-1.61,-34.00,70.00,72.20,f0:2f:74:40:a0:c0
1783361074.5,-0.46,-1.61,-34.00,70.00,72.20,f0:2f:74:40:a0:c0
1783361077.5,-0.46,-1.61,-34.00,70.00,72.20,f0:2f:74:40:a0:c0
1783361080.5,-0.46,-1.61,-34.00,70.00,72.20,f0:2f:74:40:a0:c0
1783361083.5,-0.46,-1.61,-34.00,70.00,72.20,f0:2f:74:40:a0:c0
1783361086.5,-0.46,-1.61,-34.00,70.00,72.20,f0:2f:74:40:a0:c0
1783361089.5,-0.46,-1.61,-34.00,70.00,72.20,f0:2f:74:40:a0:c0
1783361092.5,-0.46,-1.61,-34.00,70.00,72.20,f0:2f:74:40:a0:c0
1783361095.5,-0.46,-1.61,-34.00,70.00,72.20,f0:2f:74:40:a0:c0
1783361098.5,-0.40,-1.88,-36.00,70.00,72.20,f0:2f:74:40:a0:c0
1783361101.5,-0.24,-2.68,-36.00,70.00,72.20,f0:2f:74:40:a0:c0
1783361104.5,0.08,-3.38,-33.00,70.00,72.20,f0:2f:74:40:a0:c0
1783361107.5,0.85,-3.66,-29.00,70.00,72.20,f0:2f:74:40:a0:c0
1783361110.5,1.60,-3.68,-33.00,70.00,72.20,f0:2f:74:40:a0:c0
1783361113.5,2.39,-3.67,-33.00,70.00,72.20,f0:2f:74:40:a0:c0
1783361116.5,3.20,-3.71,-34.00,70.00,72.20,f0:2f:74:40:a0:c0
1783361119.5,4.01,-3.75,-36.00,70.00,72.20,f0:2f:74:40:a0:c0
1783361122.5,4.87,-3.80,-36.00,70.00,72.20,f0:2f:74:40:a0:c0
1783361125.5,5.71,-3.83,-33.00,70.00,72.20,f0:2f:74:40:a0:c0
1783361128.5,6.47,-3.88,-36.00,70.00,72.20,f0:2f:74:40:a0:c0
1783361131.5,7.26,-3.84,-35.00,70.00,72.20,f0:2f:74:40:a0:c0
1783361134.5,8.02,-3.87,-35.00,70.00,72.20,f0:2f:74:40:a0:c0
1783361137.5,8.85,-3.92,-39.00,70.00,72.20,f0:2f:74:40:a0:c0
1783361140.5,9.68,-3.95,-40.00,70.00,72.20,f0:2f:74:40:a0:c0
1783361143.5,10.32,-3.98,-41.00,69.00,72.20,f0:2f:74:40:a0:c0
1783361146.5,11.47,-4.25,-42.00,68.00,72.20,f0:2f:74:40:a0:c0
1783361149.5,11.87,-4.37,-41.00,69.00,72.20,f0:2f:74:40:a0:c0
1783361152.5,11.87,-4.37,-43.00,67.00,72.20,f0:2f:74:40:a0:c0
1783361155.5,11.87,-4.37,-42.00,68.00,72.20,f0:2f:74:40:a0:c0
1783361158.5,11.87,-4.37,-42.00,68.00,72.20,f0:2f:74:40:a0:c0
1783361161.5,11.87,-4.37,-42.00,68.00,72.20,f0:2f:74:40:a0:c0
1783361164.5,11.87,-4.37,-42.00,68.00,72.20,f0:2f:74:40:a0:c0
1783361167.5,11.87,-4.37,-42.00,68.00,72.20,f0:2f:74:40:a0:c0
1783361170.5,11.87,-4.37,-43.00,67.00,72.20,f0:2f:74:40:a0:c0
1783361173.5,11.87,-4.37,-42.00,68.00,72.20,f0:2f:74:40:a0:c0
1783361176.5,11.87,-4.37,-43.00,67.00,72.20,f0:2f:74:40:a0:c0
1783361179.5,11.87,-4.37,-43.00,67.00,72.20,f0:2f:74:40:a0:c0
1783361182.5,11.87,-4.37,-42.00,68.00,72.20,f0:2f:74:40:a0:c0
1783361185.5,11.87,-4.37,-43.00,67.00,72.20,f0:2f:74:40:a0:c0
1783361188.5,11.87,-4.37,-43.00,67.00,72.20,f0:2f:74:40:a0:c0
1783361191.5,11.87,-4.37,-41.00,69.00,72.20,f0:2f:74:40:a0:c0
1783361194.5,12.06,-4.33,-37.00,70.00,72.20,f0:2f:74:40:a0:c0
1783361197.5,12.73,-4.25,-40.00,70.00,72.20,f0:2f:74:40:a0:c0
1783361200.5,13.50,-4.14,-43.00,67.00,72.20,f0:2f:74:40:a0:c0
1783361203.5,14.29,-4.09,-42.00,68.00,72.20,f0:2f:74:40:a0:c0
1783361206.5,15.10,-3.91,-46.00,64.00,72.20,f0:2f:74:40:a0:c0
1783361209.5,15.30,-3.71,-45.00,65.00,72.20,f0:2f:74:40:a0:c0
1783361212.5,15.29,-3.73,-45.00,65.00,72.20,f0:2f:74:40:a0:c0
1783361215.5,15.29,-3.73,-45.00,65.00,72.20,f0:2f:74:40:a0:c0
1783361218.5,15.29,-3.73,-45.00,65.00,72.20,f0:2f:74:40:a0:c0
1783361221.5,15.29,-3.73,-45.00,65.00,72.20,f0:2f:74:40:a0:c0
1783361224.5,15.29,-3.73,-45.00,65.00,72.20,f0:2f:74:40:a0:c0
1783361227.5,15.29,-3.73,-45.00,65.00,72.20,f0:2f:74:40:a0:c0
1783361230.5,15.29,-3.73,-45.00,65.00,72.20,f0:2f:74:40:a0:c0
1783361233.5,15.29,-3.73,-45.00,65.00,72.20,f0:2f:74:40:a0:c0
1783361236.5,15.29,-3.73,-45.00,65.00,72.20,f0:2f:74:40:a0:c0
1783361239.5,15.29,-3.73,-44.00,66.00,72.20,f0:2f:74:40:a0:c0
1783361242.5,15.29,-3.73,-45.00,65.00,72.20,f0:2f:74:40:a0:c0
1783361245.5,15.29,-3.73,-45.00,65.00,72.20,f0:2f:74:40:a0:c0
1783361248.5,15.29,-3.73,-45.00,65.00,72.20,f0:2f:74:40:a0:c0
1783361251.5,15.29,-3.73,-45.00,65.00,72.20,f0:2f:74:40:a0:c0
1783361254.5,15.33,-3.82,-45.00,65.00,72.20,f0:2f:74:40:a0:c0
1783361257.5,15.73,-3.76,-46.00,64.00,72.20,f0:2f:74:40:a0:c0
1783361260.5,16.57,-3.65,-43.00,67.00,72.20,f0:2f:74:40:a0:c0
1783361263.5,17.35,-3.56,-46.00,64.00,72.20,f0:2f:74:40:a0:c0
1783361266.5,17.93,-3.52,-45.00,65.00,72.20,f0:2f:74:40:a0:c0
1783361269.5,18.75,-3.38,-45.00,65.00,72.20,f0:2f:74:40:a0:c0
1783361272.5,19.61,-3.25,-44.00,66.00,72.20,f0:2f:74:40:a0:c0
1783361275.5,20.44,-3.27,-49.00,61.00,72.20,f0:2f:74:40:a0:c0
1783361278.5,21.25,-3.23,-48.00,62.00,72.20,f0:2f:74:40:a0:c0
1783361281.5,22.12,-3.26,-47.00,63.00,72.20,f0:2f:74:40:a0:c0
1783361284.5,22.70,-3.28,-50.00,60.00,72.20,f0:2f:74:40:a0:c0
1783361287.5,23.61,-3.24,-48.00,62.00,72.20,f0:2f:74:40:a0:c0
1783361290.5,24.55,-3.28,-48.00,62.00,72.20,f0:2f:74:40:a0:c0
1783361293.5,25.44,-3.26,-49.00,61.00,72.20,f0:2f:74:40:a0:c0
1783361296.5,26.29,-3.23,-50.00,60.00,72.20,f0:2f:74:40:a0:c0
1783361299.5,26.85,-3.26,-50.00,60.00,72.20,f0:2f:74:40:a0:c0
1783361302.5,27.69,-3.26,-49.00,61.00,72.20,f0:2f:74:40:a0:c0
1783361305.5,28.52,-3.25,-52.00,58.00,72.20,f0:2f:74:40:a0:c0
1783361308.5,29.45,-3.15,-53.00,57.00,72.20,f0:2f:74:40:a0:c0
1783361311.5,30.41,-3.09,-53.00,57.00,72.20,f0:2f:74:40:a0:c0
1783361314.5,31.07,-3.12,-53.00,57.00,72.20,f0:2f:74:40:a0:c0
1783361317.5,31.93,-3.12,-57.00,53.00,72.20,f0:2f:74:40:a0:c0
1783361320.5,32.73,-2.77,-58.00,52.00,72.20,f0:2f:74:40:a0:c0
1783361323.5,33.54,-2.70,-57.00,53.00,72.20,f0:2f:74:40:a0:c0
1783361326.5,34.43,-2.72,-61.00,49.00,72.20,f0:2f:74:40:a0:c0
1783361329.5,35.31,-2.72,-59.00,51.00,72.20,f0:2f:74:40:a0:c0
1783361332.5,35.87,-2.72,-60.00,50.00,72.20,f0:2f:74:40:a0:c0
1783361335.5,36.92,-2.66,-60.00,50.00,72.20,f0:2f:74:40:a0:c0
1783361338.5,36.93,-2.69,-62.00,48.00,72.20,f0:2f:74:40:a0:c0
1783361341.5,36.39,-2.80,-61.00,49.00,72.20,f0:2f:74:40:a0:c0
1783361344.5,35.62,-2.79,-63.00,47.00,24.00,f0:2f:74:40:a0:c0
1783361347.5,34.80,-2.75,-60.00,50.00,72.20,f0:2f:74:40:a0:c0
1783361350.5,33.96,-2.79,-58.00,52.00,72.20,f0:2f:74:40:a0:c0
1783361353.5,33.08,-2.79,-59.00,51.00,72.20,f0:2f:74:40:a0:c0
1783361356.5,32.23,-3.01,-55.00,55.00,72.20,f0:2f:74:40:a0:c0
1783361359.5,31.68,-3.18,-56.00,54.00,72.20,f0:2f:74:40:a0:c0
1783361362.5,30.87,-3.20,-54.00,56.00,72.20,f0:2f:74:40:a0:c0
1783361365.5,30.05,-3.17,-57.00,53.00,72.20,f0:2f:74:40:a0:c0
1783361368.5,29.14,-3.17,-56.00,54.00,72.20,f0:2f:74:40:a0:c0
1783361371.5,28.57,-3.19,-53.00,57.00,72.20,f0:2f:74:40:a0:c0
1783361374.5,27.76,-3.23,-52.00,58.00,72.20,f0:2f:74:40:a0:c0
1783361377.5,26.84,-3.19,-51.00,59.00,72.20,f0:2f:74:40:a0:c0
1783361380.5,25.97,-3.19,-51.00,59.00,72.20,f0:2f:74:40:a0:c0
1783361383.5,25.20,-3.15,-49.00,61.00,72.20,f0:2f:74:40:a0:c0
1783361386.5,24.36,-3.05,-50.00,60.00,72.20,f0:2f:74:40:a0:c0
1783361389.5,23.52,-2.99,-50.00,60.00,72.20,f0:2f:74:40:a0:c0
1783361392.5,22.93,-3.01,-48.00,62.00,72.20,f0:2f:74:40:a0:c0
1783361395.5,22.01,-3.08,-48.00,62.00,72.20,f0:2f:74:40:a0:c0
1783361398.5,21.04,-3.13,-46.00,64.00,72.20,f0:2f:74:40:a0:c0
1783361401.5,20.08,-3.18,-47.00,63.00,72.20,f0:2f:74:40:a0:c0
1783361404.5,19.19,-3.14,-46.00,64.00,72.20,f0:2f:74:40:a0:c0
1783361407.5,18.39,-3.07,-44.00,66.00,72.20,f0:2f:74:40:a0:c0
1783361410.5,17.57,-3.18,-46.00,64.00,72.20,f0:2f:74:40:a0:c0
1783361413.5,16.73,-3.25,-44.00,66.00,72.20,f0:2f:74:40:a0:c0
1783361416.5,16.18,-3.48,-47.00,63.00,72.20,f0:2f:74:40:a0:c0
1783361419.5,15.37,-3.84,-44.00,66.00,72.20,f0:2f:74:40:a0:c0
1783361422.5,15.08,-3.98,-41.00,69.00,72.20,f0:2f:74:40:a0:c0
1783361425.5,15.08,-3.98,-41.00,69.00,72.20,f0:2f:74:40:a0:c0
1783361428.5,15.08,-3.98,-42.00,68.00,72.20,f0:2f:74:40:a0:c0
1783361431.5,15.08,-3.98,-42.00,68.00,72.20,f0:2f:74:40:a0:c0
1783361434.5,15.08,-3.98,-41.00,69.00,72.20,f0:2f:74:40:a0:c0
1783361437.5,15.08,-3.98,-42.00,68.00,72.20,f0:2f:74:40:a0:c0
1783361440.5,15.08,-3.98,-42.00,68.00,72.20,f0:2f:74:40:a0:c0
1783361443.5,15.08,-3.98,-41.00,69.00,72.20,f0:2f:74:40:a0:c0
1783361446.5,15.08,-3.98,-42.00,68.00,72.20,f0:2f:74:40:a0:c0
1783361449.5,15.08,-3.98,-42.00,68.00,72.20,f0:2f:74:40:a0:c0
1783361452.5,15.08,-3.98,-42.00,68.00,72.20,f0:2f:74:40:a0:c0
1783361455.5,15.08,-3.98,-42.00,68.00,72.20,f0:2f:74:40:a0:c0
1783361458.5,15.08,-3.98,-42.00,68.00,72.20,f0:2f:74:40:a0:c0
1783361461.5,15.08,-3.98,-42.00,68.00,72.20,f0:2f:74:40:a0:c0
1783361464.5,14.99,-4.08,-46.00,64.00,72.20,f0:2f:74:40:a0:c0
1783361467.5,15.10,-4.10,-44.00,66.00,72.20,f0:2f:74:40:a0:c0
1783361470.5,15.95,-3.89,-45.00,65.00,72.20,f0:2f:74:40:a0:c0
1783361473.5,16.47,-3.82,-44.00,66.00,72.20,f0:2f:74:40:a0:c0
1783361476.5,17.24,-3.75,-46.00,64.00,72.20,f0:2f:74:40:a0:c0
1783361479.5,18.03,-3.74,-42.00,68.00,72.20,f0:2f:74:40:a0:c0
1783361482.5,18.86,-3.55,-44.00,66.00,72.20,f0:2f:74:40:a0:c0
1783361485.5,19.70,-3.33,-42.00,68.00,72.20,f0:2f:74:40:a0:c0
1783361488.5,20.49,-3.30,-45.00,65.00,72.20,f0:2f:74:40:a0:c0
1783361491.5,21.28,-3.33,-48.00,62.00,72.20,f0:2f:74:40:a0:c0
1783361494.5,22.11,-3.38,-50.00,60.00,72.20,f0:2f:74:40:a0:c0
1783361497.5,22.95,-3.36,-52.00,58.00,72.20,f0:2f:74:40:a0:c0
1783361500.5,23.84,-3.39,-48.00,62.00,72.20,f0:2f:74:40:a0:c0
1783361503.5,24.75,-3.34,-48.00,62.00,72.20,f0:2f:74:40:a0:c0
1783361506.5,25.57,-3.22,-46.00,64.00,72.20,f0:2f:74:40:a0:c0
1783361509.5,26.38,-3.19,-50.00,60.00,72.20,f0:2f:74:40:a0:c0
1783361512.5,27.22,-3.15,-47.00,63.00,72.20,f0:2f:74:40:a0:c0
1783361515.5,28.03,-3.14,-49.00,61.00,72.20,f0:2f:74:40:a0:c0
1783361518.5,28.82,-3.17,-51.00,59.00,72.20,f0:2f:74:40:a0:c0
1783361521.5,29.37,-3.17,-55.00,55.00,72.20,f0:2f:74:40:a0:c0
1783361524.5,30.23,-3.15,-52.00,58.00,72.20,f0:2f:74:40:a0:c0
1783361527.5,31.04,-3.17,-54.00,56.00,72.20,f0:2f:74:40:a0:c0
1783361530.5,31.96,-3.14,-57.00,53.00,72.20,f0:2f:74:40:a0:c0
1783361533.5,32.82,-2.72,-57.00,53.00,72.20,f0:2f:74:40:a0:c0
1783361536.5,33.52,-2.79,-57.00,53.00,72.20,f0:2f:74:40:a0:c0
1783361539.5,33.94,-3.52,-63.00,47.00,72.20,f0:2f:74:40:a0:c0
1783361542.5,34.04,-4.06,-64.00,46.00,65.00,f0:2f:74:40:a0:c0
1783361545.5,34.07,-4.89,-66.00,44.00,65.00,f0:2f:74:40:a0:c0
1783361548.5,34.08,-5.73,-65.00,45.00,65.00,f0:2f:74:40:a0:c0
1783361551.5,33.87,-6.38,-65.00,45.00,72.20,f0:2f:74:40:a0:c0
1783361554.5,33.80,-6.44,-69.00,41.00,72.20,f0:2f:74:40:a0:c0
1783361557.5,33.79,-6.51,-69.00,41.00,21.60,f0:2f:74:40:a0:c0
1783361560.5,33.78,-6.62,-65.00,45.00,72.20,f0:2f:74:40:a0:c0
1783361563.5,33.82,-6.65,-63.00,47.00,72.20,f0:2f:74:40:a0:c0
1783361566.5,33.83,-6.66,-67.00,43.00,72.20,f0:2f:74:40:a0:c0
1783361569.5,33.81,-6.67,-67.00,43.00,72.20,f0:2f:74:40:a0:c0
1783361572.5,33.81,-6.66,-69.00,41.00,39.00,f0:2f:74:40:a0:c0
1783361575.5,33.82,-6.69,-64.00,46.00,21.60,f0:2f:74:40:a0:c0
1783361578.5,33.83,-6.69,-66.00,44.00,43.30,f0:2f:74:40:a0:c0
1783361581.5,33.83,-6.68,-66.00,44.00,65.00,f0:2f:74:40:a0:c0
1783361584.5,33.96,-6.70,-65.00,45.00,13.00,f0:2f:74:40:a0:c0
1783361587.5,33.97,-6.68,-65.00,45.00,6.50,f0:2f:74:40:a0:c0
1783361590.5,33.99,-6.64,-58.00,52.00,5.50,f0:2f:74:40:a0:c0
1783361593.5,34.02,-6.63,-68.00,42.00,21.60,f0:2f:74:40:a0:c0
1783361596.5,33.98,-6.64,-67.00,43.00,72.20,f0:2f:74:40:a0:c0
1783361599.5,33.97,-6.72,-65.00,45.00,65.00,f0:2f:74:40:a0:c0
1783361602.5,33.99,-6.75,-65.00,45.00,65.00,f0:2f:74:40:a0:c0
1783361605.5,34.01,-6.78,-67.00,43.00,72.20,f0:2f:74:40:a0:c0
1783361608.5,34.03,-6.77,-66.00,44.00,72.20,f0:2f:74:40:a0:c0
1783361611.5,34.03,-6.77,-68.00,42.00,72.20,f0:2f:74:40:a0:c0
1783361614.5,33.96,-6.23,-64.00,46.00,72.20,f0:2f:74:40:a0:c0
1783361617.5,33.84,-6.14,-67.00,43.00,72.20,f0:2f:74:40:a0:c0
1783361620.5,33.82,-6.11,-66.00,44.00,72.20,f0:2f:74:40:a0:c0
1783361623.5,33.80,-6.11,-64.00,46.00,72.20,f0:2f:74:40:a0:c0
1783361626.5,33.84,-6.13,-64.00,46.00,43.30,f0:2f:74:40:a0:c0
1783361629.5,33.82,-6.15,-66.00,44.00,65.00,f0:2f:74:40:a0:c0
1783361632.5,33.81,-6.29,-66.00,44.00,72.20,f0:2f:74:40:a0:c0
1783361635.5,33.83,-6.27,-65.00,45.00,21.60,f0:2f:74:40:a0:c0
1783361638.5,33.83,-6.27,-67.00,43.00,43.30,f0:2f:74:40:a0:c0
1783361641.5,33.58,-6.31,-64.00,46.00,72.20,f0:2f:74:40:a0:c0
1783361644.5,33.58,-6.31,-66.00,44.00,72.20,f0:2f:74:40:a0:c0
1783361647.5,33.58,-6.31,-66.00,44.00,72.20,f0:2f:74:40:a0:c0
1783361650.5,33.58,-6.31,-66.00,44.00,72.20,f0:2f:74:40:a0:c0
1783361653.5,33.58,-6.31,-66.00,44.00,72.20,f0:2f:74:40:a0:c0
1783361656.5,33.58,-6.31,-66.00,44.00,72.20,f0:2f:74:40:a0:c0
1783361659.5,33.58,-6.31,-66.00,44.00,72.20,f0:2f:74:40:a0:c0
1783361662.5,33.58,-6.31,-66.00,44.00,72.20,f0:2f:74:40:a0:c0
1783361665.5,33.58,-6.31,-65.00,45.00,72.20,f0:2f:74:40:a0:c0
1783361668.5,33.58,-6.31,-66.00,44.00,72.20,f0:2f:74:40:a0:c0
1783361671.5,33.58,-6.31,-66.00,44.00,72.20,f0:2f:74:40:a0:c0
1783361674.5,33.58,-6.31,-66.00,44.00,72.20,f0:2f:74:40:a0:c0
1783361677.5,33.58,-6.31,-66.00,44.00,72.20,f0:2f:74:40:a0:c0
1783361680.5,33.58,-6.31,-66.00,44.00,72.20,f0:2f:74:40:a0:c0
1783361683.5,33.58,-6.31,-66.00,44.00,72.20,f0:2f:74:40:a0:c0
1783361686.5,33.58,-6.31,-66.00,44.00,72.20,f0:2f:74:40:a0:c0
1783361689.5,33.58,-6.31,-66.00,44.00,72.20,f0:2f:74:40:a0:c0
1783361692.5,33.58,-6.31,-66.00,44.00,72.20,f0:2f:74:40:a0:c0
1783361695.5,33.58,-6.31,-66.00,44.00,72.20,f0:2f:74:40:a0:c0
1783361698.5,33.58,-6.31,-66.00,44.00,65.00,f0:2f:74:40:a0:c0
1783361701.5,33.58,-6.31,-66.00,44.00,72.20,f0:2f:74:40:a0:c0
1783361704.5,33.58,-6.31,-66.00,44.00,72.20,f0:2f:74:40:a0:c0
1783361707.5,33.58,-6.31,-65.00,45.00,72.20,f0:2f:74:40:a0:c0
1783361710.5,33.58,-6.31,-66.00,44.00,72.20,f0:2f:74:40:a0:c0
1783361713.5,33.58,-6.31,-66.00,44.00,72.20,f0:2f:74:40:a0:c0
1783361716.5,33.58,-6.31,-67.00,43.00,65.00,f0:2f:74:40:a0:c0
1783361719.5,33.58,-6.31,-67.00,43.00,72.20,f0:2f:74:40:a0:c0
1783361722.5,33.58,-6.31,-66.00,44.00,72.20,f0:2f:74:40:a0:c0
1783361725.5,33.58,-6.31,-66.00,44.00,72.20,f0:2f:74:40:a0:c0
1783361728.5,33.58,-6.31,-66.00,44.00,72.20,f0:2f:74:40:a0:c0
1783361731.5,33.58,-6.31,-66.00,44.00,72.20,f0:2f:74:40:a0:c0
1783361734.5,33.58,-6.31,-66.00,44.00,72.20,f0:2f:74:40:a0:c0
1783361737.5,33.58,-6.31,-67.00,43.00,72.20,f0:2f:74:40:a0:c0
1783361740.5,33.58,-6.31,-66.00,44.00,72.20,f0:2f:74:40:a0:c0
1783361743.5,33.58,-6.31,-66.00,44.00,72.20,f0:2f:74:40:a0:c0
1783361746.5,33.58,-6.31,-65.00,45.00,72.20,f0:2f:74:40:a0:c0
1783361749.5,33.58,-6.31,-65.00,45.00,72.20,f0:2f:74:40:a0:c0
1783361752.5,33.58,-6.31,-66.00,44.00,72.20,f0:2f:74:40:a0:c0
1783361755.5,33.58,-6.31,-65.00,45.00,72.20,f0:2f:74:40:a0:c0
1783361758.5,33.58,-6.31,-67.00,43.00,72.20,f0:2f:74:40:a0:c0
1783361761.5,33.58,-6.31,-66.00,44.00,72.20,f0:2f:74:40:a0:c0
1783361764.5,33.58,-6.31,-69.00,41.00,6.50,f0:2f:74:40:a0:c0
1783361767.5,33.58,-6.31,-68.00,42.00,6.50,f0:2f:74:40:a0:c0
1783361770.5,33.58,-6.31,-69.00,41.00,5.50,f0:2f:74:40:a0:c0
1783361773.5,33.58,-6.31,-66.00,44.00,65.00,f0:2f:74:40:a0:c0
1783361776.5,33.58,-6.31,-67.00,43.00,72.20,f0:2f:74:40:a0:c0
1783361779.5,33.58,-6.31,-67.00,43.00,72.20,f0:2f:74:40:a0:c0
1783361782.5,33.58,-6.31,-66.00,44.00,72.20,f0:2f:74:40:a0:c0
1783361785.5,33.58,-6.31,-66.00,44.00,72.20,f0:2f:74:40:a0:c0
1783361788.5,33.58,-6.31,-66.00,44.00,72.20,f0:2f:74:40:a0:c0
1783361791.5,33.58,-6.31,-67.00,43.00,72.20,f0:2f:74:40:a0:c0
1783361794.5,33.58,-6.31,-67.00,43.00,72.20,f0:2f:74:40:a0:c0
1783361797.5,33.58,-6.31,-66.00,44.00,72.20,f0:2f:74:40:a0:c0
1783361800.5,33.58,-6.31,-66.00,44.00,72.20,f0:2f:74:40:a0:c0
1783361803.5,33.58,-6.31,-66.00,44.00,72.20,f0:2f:74:40:a0:c0
1783361806.5,33.58,-6.31,-66.00,44.00,72.20,f0:2f:74:40:a0:c0
1783361809.5,33.58,-6.31,-67.00,43.00,72.20,f0:2f:74:40:a0:c0
1783361812.5,33.58,-6.31,-66.00,44.00,72.20,f0:2f:74:40:a0:c0
1783361815.5,33.58,-6.31,-66.00,44.00,72.20,f0:2f:74:40:a0:c0
1783361818.5,33.58,-6.31,-66.00,44.00,72.20,f0:2f:74:40:a0:c0
1783361821.5,33.58,-6.31,-66.00,44.00,72.20,f0:2f:74:40:a0:c0
1783361824.5,33.58,-6.31,-66.00,44.00,72.20,f0:2f:74:40:a0:c0
1783361827.5,33.58,-6.31,-66.00,44.00,72.20,f0:2f:74:40:a0:c0
1783361830.5,33.58,-6.31,-66.00,44.00,72.20,f0:2f:74:40:a0:c0
1783361833.5,33.58,-6.31,-66.00,44.00,72.20,f0:2f:74:40:a0:c0
1783361836.5,33.58,-6.31,-66.00,44.00,72.20,f0:2f:74:40:a0:c0
1783361839.5,33.58,-6.31,-67.00,43.00,72.20,f0:2f:74:40:a0:c0
1783361842.5,33.58,-6.31,-66.00,44.00,72.20,f0:2f:74:40:a0:c0
1783361845.5,33.58,-6.31,-66.00,44.00,72.20,f0:2f:74:40:a0:c0
1783361848.5,33.58,-6.31,-66.00,44.00,72.20,f0:2f:74:40:a0:c0
1783361851.5,33.58,-6.31,-66.00,44.00,72.20,f0:2f:74:40:a0:c0
1783361854.5,33.58,-6.31,-66.00,44.00,72.20,f0:2f:74:40:a0:c0
1783361857.5,33.58,-6.31,-66.00,44.00,72.20,f0:2f:74:40:a0:c0
1783361860.5,33.58,-6.31,-66.00,44.00,72.20,f0:2f:74:40:a0:c0
1783361863.5,33.58,-6.31,-66.00,44.00,72.20,f0:2f:74:40:a0:c0
1783361866.5,33.58,-6.31,-66.00,44.00,72.20,f0:2f:74:40:a0:c0
1783361869.5,33.58,-6.31,-66.00,44.00,72.20,f0:2f:74:40:a0:c0
1783361872.5,33.58,-6.31,-66.00,44.00,72.20,f0:2f:74:40:a0:c0
1783361875.5,33.58,-6.31,-67.00,43.00,72.20,f0:2f:74:40:a0:c0
1783361878.5,33.58,-6.31,-66.00,44.00,72.20,f0:2f:74:40:a0:c0
1783361881.5,33.58,-6.31,-66.00,44.00,72.20,f0:2f:74:40:a0:c0
1783361884.5,33.58,-6.31,-66.00,44.00,72.20,f0:2f:74:40:a0:c0
1783361887.5,33.58,-6.31,-66.00,44.00,72.20,f0:2f:74:40:a0:c0
1783361890.5,33.58,-6.31,-66.00,44.00,72.20,f0:2f:74:40:a0:c0
1783361893.5,33.58,-6.31,-66.00,44.00,72.20,f0:2f:74:40:a0:c0
1783361896.5,33.58,-6.31,-66.00,44.00,72.20,f0:2f:74:40:a0:c0
1783361899.5,33.58,-6.31,-65.00,45.00,72.20,f0:2f:74:40:a0:c0
1783361902.5,33.58,-6.31,-65.00,45.00,72.20,f0:2f:74:40:a0:c0
1783361905.5,33.58,-6.31,-66.00,44.00,72.20,f0:2f:74:40:a0:c0
1783361908.5,33.58,-6.31,-65.00,45.00,72.20,f0:2f:74:40:a0:c0
1783361911.5,33.58,-6.31,-65.00,45.00,72.20,f0:2f:74:40:a0:c0
1783361914.5,33.58,-6.31,-65.00,45.00,72.20,f0:2f:74:40:a0:c0
1783361917.5,33.58,-6.31,-66.00,44.00,72.20,f0:2f:74:40:a0:c0
1783361920.5,33.58,-6.31,-65.00,45.00,72.20,f0:2f:74:40:a0:c0
1783361923.5,33.58,-6.31,-66.00,44.00,72.20,f0:2f:74:40:a0:c0
1783361926.5,33.58,-6.31,-66.00,44.00,72.20,f0:2f:74:40:a0:c0
1783361929.5,33.58,-6.31,-65.00,45.00,72.20,f0:2f:74:40:a0:c0
1783361932.5,33.58,-6.31,-65.00,45.00,72.20,f0:2f:74:40:a0:c0
1783361935.5,33.58,-6.31,-65.00,45.00,72.20,f0:2f:74:40:a0:c0
1783361938.5,33.58,-6.31,-65.00,45.00,72.20,f0:2f:74:40:a0:c0
1783361941.5,33.58,-6.31,-65.00,45.00,72.20,f0:2f:74:40:a0:c0
1783361944.5,33.58,-6.31,-65.00,45.00,72.20,f0:2f:74:40:a0:c0
1783361947.5,33.58,-6.31,-65.00,45.00,72.20,f0:2f:74:40:a0:c0
1783361950.5,33.58,-6.31,-67.00,43.00,52.00,f0:2f:74:40:a0:c0
1783361953.5,33.58,-6.31,-70.00,40.00,5.50,f0:2f:74:40:a0:c0
1783361956.5,33.58,-6.31,-69.00,41.00,5.50,f0:2f:74:40:a0:c0
1783361959.5,33.58,-6.31,-65.00,45.00,43.30,f0:2f:74:40:a0:c0
1783361962.5,33.58,-6.31,-66.00,44.00,72.20,f0:2f:74:40:a0:c0
1783361965.5,33.58,-6.31,-66.00,44.00,72.20,f0:2f:74:40:a0:c0
1783361968.5,33.58,-6.31,-66.00,44.00,72.20,f0:2f:74:40:a0:c0
1783361971.5,33.58,-6.31,-66.00,44.00,72.20,f0:2f:74:40:a0:c0
1783361974.5,33.58,-6.31,-66.00,44.00,72.20,f0:2f:74:40:a0:c0
1783361977.5,33.58,-6.31,-66.00,44.00,72.20,f0:2f:74:40:a0:c0
1783361980.5,33.58,-6.31,-66.00,44.00,72.20,f0:2f:74:40:a0:c0
1783361983.5,33.58,-6.31,-66.00,44.00,72.20,f0:2f:74:40:a0:c0
1783361986.5,33.58,-6.31,-66.00,44.00,72.20,f0:2f:74:40:a0:c0
1783361989.5,33.58,-6.31,-65.00,45.00,72.20,f0:2f:74:40:a0:c0
1783361992.5,33.58,-6.31,-66.00,44.00,72.20,f0:2f:74:40:a0:c0
1783361995.5,33.58,-6.31,-66.00,44.00,72.20,f0:2f:74:40:a0:c0
1783361998.5,33.58,-6.31,-65.00,45.00,72.20,f0:2f:74:40:a0:c0
1783362001.5,33.58,-6.31,-65.00,45.00,72.20,f0:2f:74:40:a0:c0
1783362004.5,33.58,-6.31,-65.00,45.00,72.20,f0:2f:74:40:a0:c0
1783362007.5,33.58,-6.31,-65.00,45.00,72.20,f0:2f:74:40:a0:c0
1783362010.5,33.58,-6.31,-66.00,44.00,72.20,f0:2f:74:40:a0:c0
1783362013.5,33.58,-6.31,-65.00,45.00,72.20,f0:2f:74:40:a0:c0
1783362016.5,33.58,-6.31,-66.00,44.00,72.20,f0:2f:74:40:a0:c0
1783362019.5,33.58,-6.31,-65.00,45.00,72.20,f0:2f:74:40:a0:c0
1783362022.5,33.58,-6.31,-66.00,44.00,72.20,f0:2f:74:40:a0:c0
1783362025.5,33.58,-6.31,-66.00,44.00,65.00,f0:2f:74:40:a0:c0
1783362028.5,33.58,-6.31,-65.00,45.00,72.20,f0:2f:74:40:a0:c0
1783362031.5,33.58,-6.31,-66.00,44.00,72.20,f0:2f:74:40:a0:c0
1783362034.5,33.58,-6.31,-66.00,44.00,72.20,f0:2f:74:40:a0:c0
1783362037.5,33.58,-6.31,-66.00,44.00,72.20,f0:2f:74:40:a0:c0
1783362040.5,33.58,-6.31,-66.00,44.00,72.20,f0:2f:74:40:a0:c0
1783362043.5,33.58,-6.31,-65.00,45.00,72.20,f0:2f:74:40:a0:c0
1783362046.5,33.58,-6.31,-65.00,45.00,65.00,f0:2f:74:40:a0:c0
1783362049.5,33.58,-6.31,-65.00,45.00,57.70,f0:2f:74:40:a0:c0
1783362052.5,33.58,-6.31,-65.00,45.00,65.00,f0:2f:74:40:a0:c0
1783362055.5,33.58,-6.31,-65.00,45.00,72.20,f0:2f:74:40:a0:c0
1783362058.5,33.58,-6.31,-65.00,45.00,72.20,f0:2f:74:40:a0:c0
1783362061.5,33.58,-6.31,-65.00,45.00,72.20,f0:2f:74:40:a0:c0
1783362064.5,33.58,-6.31,-66.00,44.00,72.20,f0:2f:74:40:a0:c0
1783362067.5,33.58,-6.31,-67.00,43.00,5.50,f0:2f:74:40:a0:c0
1783362070.5,33.58,-6.31,-68.00,42.00,5.50,f0:2f:74:40:a0:c0
1783362073.5,33.58,-6.31,-69.00,41.00,5.50,f0:2f:74:40:a0:c0
1783362076.5,33.58,-6.31,-66.00,44.00,72.20,f0:2f:74:40:a0:c0
1783362079.5,33.58,-6.31,-66.00,44.00,72.20,f0:2f:74:40:a0:c0
1783362082.5,33.58,-6.31,-66.00,44.00,72.20,f0:2f:74:40:a0:c0
1783362085.5,33.58,-6.31,-66.00,44.00,72.20,f0:2f:74:40:a0:c0
1783362088.5,33.58,-6.31,-66.00,44.00,72.20,f0:2f:74:40:a0:c0
1783362091.5,33.58,-6.31,-66.00,44.00,72.20,f0:2f:74:40:a0:c0
1783362094.5,33.58,-6.31,-66.00,44.00,72.20,f0:2f:74:40:a0:c0
1783362097.5,33.58,-6.31,-66.00,44.00,72.20,f0:2f:74:40:a0:c0
1783362100.5,33.58,-6.31,-66.00,44.00,72.20,f0:2f:74:40:a0:c0
1783362103.5,33.58,-6.31,-65.00,45.00,72.20,f0:2f:74:40:a0:c0
1783362106.5,33.58,-6.31,-66.00,44.00,72.20,f0:2f:74:40:a0:c0
1783362109.5,33.58,-6.31,-65.00,45.00,72.20,f0:2f:74:40:a0:c0
1783362112.5,33.58,-6.31,-66.00,44.00,72.20,f0:2f:74:40:a0:c0
1783362115.5,33.58,-6.31,-65.00,45.00,72.20,f0:2f:74:40:a0:c0
1783362118.5,33.58,-6.31,-66.00,44.00,72.20,f0:2f:74:40:a0:c0
1783362121.5,33.58,-6.31,-65.00,45.00,72.20,f0:2f:74:40:a0:c0
1783362124.5,33.58,-6.31,-66.00,44.00,72.20,f0:2f:74:40:a0:c0
1783362127.5,33.58,-6.31,-68.00,42.00,5.50,f0:2f:74:40:a0:c0
1783362130.5,33.58,-6.31,-65.00,45.00,5.50,f0:2f:74:40:a0:c0
1783362133.5,33.58,-6.31,-66.00,44.00,21.60,f0:2f:74:40:a0:c0
1783362136.5,33.58,-6.31,-66.00,44.00,72.20,f0:2f:74:40:a0:c0
1783362139.5,33.58,-6.31,-66.00,44.00,72.20,f0:2f:74:40:a0:c0
1783362142.5,33.58,-6.31,-66.00,44.00,72.20,f0:2f:74:40:a0:c0
1783362145.5,33.58,-6.31,-66.00,44.00,72.20,f0:2f:74:40:a0:c0
1783362148.5,33.58,-6.31,-65.00,45.00,72.20,f0:2f:74:40:a0:c0
1783362151.5,33.58,-6.31,-65.00,45.00,72.20,f0:2f:74:40:a0:c0
1783362154.5,33.58,-6.31,-65.00,45.00,72.20,f0:2f:74:40:a0:c0
1783362157.5,33.58,-6.31,-65.00,45.00,72.20,f0:2f:74:40:a0:c0
1783362160.5,33.58,-6.31,-65.00,45.00,72.20,f0:2f:74:40:a0:c0
1783362163.5,33.58,-6.31,-65.00,45.00,72.20,f0:2f:74:40:a0:c0
1783362166.5,33.58,-6.31,-66.00,44.00,72.20,f0:2f:74:40:a0:c0
1783362169.5,33.58,-6.31,-65.00,45.00,72.20,f0:2f:74:40:a0:c0
1783362172.5,33.58,-6.31,-66.00,44.00,72.20,f0:2f:74:40:a0:c0
1783362175.5,33.58,-6.31,-65.00,45.00,72.20,f0:2f:74:40:a0:c0
1783362178.5,33.58,-6.31,-66.00,44.00,72.20,f0:2f:74:40:a0:c0
1783362181.5,33.58,-6.31,-65.00,45.00,72.20,f0:2f:74:40:a0:c0
1783362184.5,33.58,-6.31,-65.00,45.00,52.00,f0:2f:74:40:a0:c0
1783362187.5,33.58,-6.31,-65.00,45.00,5.50,f0:2f:74:40:a0:c0
1783362190.5,33.58,-6.31,-64.00,46.00,7.20,f0:2f:74:40:a0:c0
1783362193.5,33.58,-6.31,-65.00,45.00,7.20,f0:2f:74:40:a0:c0
1783362196.5,33.58,-6.31,-65.00,45.00,72.20,f0:2f:74:40:a0:c0
1783362199.5,33.58,-6.31,-65.00,45.00,72.20,f0:2f:74:40:a0:c0
1783362202.5,33.58,-6.31,-64.00,46.00,72.20,f0:2f:74:40:a0:c0
1783362205.5,33.58,-6.31,-65.00,45.00,72.20,f0:2f:74:40:a0:c0
1783362208.5,33.58,-6.31,-64.00,46.00,72.20,f0:2f:74:40:a0:c0
1783362211.5,33.58,-6.31,-64.00,46.00,72.20,f0:2f:74:40:a0:c0
1783362214.5,33.58,-6.31,-64.00,46.00,72.20,f0:2f:74:40:a0:c0
1783362217.5,33.58,-6.31,-64.00,46.00,72.20,f0:2f:74:40:a0:c0
1783362220.5,33.58,-6.31,-64.00,46.00,72.20,f0:2f:74:40:a0:c0
1783362223.5,33.58,-6.31,-65.00,45.00,72.20,f0:2f:74:40:a0:c0
1783362226.5,33.58,-6.31,-64.00,46.00,72.20,f0:2f:74:40:a0:c0
1783362229.5,33.58,-6.31,-64.00,46.00,72.20,f0:2f:74:40:a0:c0
1783362232.5,33.58,-6.31,-64.00,46.00,72.20,f0:2f:74:40:a0:c0
1783362235.5,33.58,-6.31,-64.00,46.00,72.20,f0:2f:74:40:a0:c0
1783362238.5,33.58,-6.31,-64.00,46.00,72.20,f0:2f:74:40:a0:c0
1783362241.5,33.58,-6.31,-64.00,46.00,72.20,f0:2f:74:40:a0:c0
1783362244.5,33.58,-6.31,-64.00,46.00,72.20,f0:2f:74:40:a0:c0
1783362247.5,33.58,-6.31,-64.00,46.00,24.00,f0:2f:74:40:a0:c0
1783362250.5,33.58,-6.31,-64.00,46.00,72.20,f0:2f:74:40:a0:c0
1783362253.5,33.58,-6.31,-64.00,46.00,72.20,f0:2f:74:40:a0:c0
1783362256.5,33.58,-6.31,-64.00,46.00,72.20,f0:2f:74:40:a0:c0
1783362259.5,33.58,-6.31,-64.00,46.00,72.20,f0:2f:74:40:a0:c0
1783362262.5,33.58,-6.31,-64.00,46.00,72.20,f0:2f:74:40:a0:c0
1783362265.5,33.58,-6.31,-64.00,46.00,72.20,f0:2f:74:40:a0:c0
1783362268.5,33.58,-6.31,-64.00,46.00,72.20,f0:2f:74:40:a0:c0
1783362271.5,33.58,-6.31,-64.00,46.00,72.20,f0:2f:74:40:a0:c0
1783362274.5,33.58,-6.31,-64.00,46.00,72.20,f0:2f:74:40:a0:c0
1783362277.5,33.58,-6.31,-64.00,46.00,72.20,f0:2f:74:40:a0:c0
1783362280.5,33.58,-6.31,-64.00,46.00,72.20,f0:2f:74:40:a0:c0
1783362283.5,33.58,-6.31,-64.00,46.00,72.20,f0:2f:74:40:a0:c0
1783362286.5,33.58,-6.31,-64.00,46.00,72.20,f0:2f:74:40:a0:c0
1783362289.5,33.58,-6.31,-64.00,46.00,72.20,f0:2f:74:40:a0:c0
1783362292.5,33.58,-6.31,-65.00,45.00,72.20,f0:2f:74:40:a0:c0
1783362295.5,33.58,-6.31,-64.00,46.00,72.20,f0:2f:74:40:a0:c0
1783362298.5,33.58,-6.31,-64.00,46.00,72.20,f0:2f:74:40:a0:c0
1783362301.5,33.58,-6.31,-64.00,46.00,72.20,f0:2f:74:40:a0:c0
1783362304.5,33.58,-6.31,-64.00,46.00,72.20,f0:2f:74:40:a0:c0
1783362307.5,33.58,-6.31,-64.00,46.00,72.20,f0:2f:74:40:a0:c0
1783362310.5,33.58,-6.31,-64.00,46.00,72.20,f0:2f:74:40:a0:c0
1783362313.5,33.58,-6.31,-64.00,46.00,72.20,f0:2f:74:40:a0:c0
1783362316.5,33.58,-6.31,-64.00,46.00,72.20,f0:2f:74:40:a0:c0
1783362319.5,33.58,-6.31,-64.00,46.00,72.20,f0:2f:74:40:a0:c0
1783362322.5,33.58,-6.31,-64.00,46.00,65.00,f0:2f:74:40:a0:c0
1783362325.5,33.58,-6.31,-64.00,46.00,72.20,f0:2f:74:40:a0:c0
1783362328.5,33.58,-6.31,-64.00,46.00,72.20,f0:2f:74:40:a0:c0
1783362331.5,33.58,-6.31,-64.00,46.00,72.20,f0:2f:74:40:a0:c0
1783362334.5,33.58,-6.31,-64.00,46.00,72.20,f0:2f:74:40:a0:c0
1783362337.5,33.58,-6.31,-65.00,45.00,72.20,f0:2f:74:40:a0:c0
1783362340.5,33.58,-6.31,-64.00,46.00,72.20,f0:2f:74:40:a0:c0
1783362343.5,33.58,-6.31,-64.00,46.00,72.20,f0:2f:74:40:a0:c0
1783362346.5,33.58,-6.31,-65.00,45.00,72.20,f0:2f:74:40:a0:c0
1783362349.5,33.58,-6.31,-65.00,45.00,72.20,f0:2f:74:40:a0:c0
1783362352.5,33.58,-6.31,-65.00,45.00,72.20,f0:2f:74:40:a0:c0
1783362355.5,33.58,-6.31,-65.00,45.00,72.20,f0:2f:74:40:a0:c0
1783362358.5,33.58,-6.31,-64.00,46.00,72.20,f0:2f:74:40:a0:c0
1783362361.5,33.58,-6.31,-64.00,46.00,72.20,f0:2f:74:40:a0:c0
1783362364.5,33.58,-6.31,-64.00,46.00,72.20,f0:2f:74:40:a0:c0
1783362367.5,33.58,-6.31,-64.00,46.00,72.20,f0:2f:74:40:a0:c0
1783362370.5,33.58,-6.31,-64.00,46.00,65.00,f0:2f:74:40:a0:c0
1783362373.5,33.58,-6.31,-65.00,45.00,72.20,f0:2f:74:40:a0:c0
1783362376.5,33.58,-6.31,-64.00,46.00,72.20,f0:2f:74:40:a0:c0
1783362379.5,33.58,-6.31,-64.00,46.00,72.20,f0:2f:74:40:a0:c0
1783362382.5,33.58,-6.31,-64.00,46.00,72.20,f0:2f:74:40:a0:c0
1783362385.5,33.58,-6.31,-64.00,46.00,72.20,f0:2f:74:40:a0:c0
1783362388.5,33.58,-6.31,-64.00,46.00,72.20,f0:2f:74:40:a0:c0
1783362391.5,33.58,-6.31,-65.00,45.00,72.20,f0:2f:74:40:a0:c0
1783362394.5,33.58,-6.31,-65.00,45.00,72.20,f0:2f:74:40:a0:c0
1783362397.5,33.58,-6.31,-64.00,46.00,72.20,f0:2f:74:40:a0:c0
1783362400.5,33.58,-6.31,-64.00,46.00,72.20,f0:2f:74:40:a0:c0
1783362403.5,33.58,-6.31,-65.00,45.00,72.20,f0:2f:74:40:a0:c0
1783362406.5,33.58,-6.31,-64.00,46.00,72.20,f0:2f:74:40:a0:c0
1783362409.5,33.58,-6.31,-65.00,45.00,72.20,f0:2f:74:40:a0:c0
1783362412.5,33.58,-6.31,-65.00,45.00,72.20,f0:2f:74:40:a0:c0
1783362415.5,33.58,-6.31,-65.00,45.00,72.20,f0:2f:74:40:a0:c0
1783362418.5,33.58,-6.31,-65.00,45.00,72.20,f0:2f:74:40:a0:c0
1783362421.5,33.58,-6.31,-64.00,46.00,72.20,f0:2f:74:40:a0:c0
1783362424.5,33.58,-6.31,-65.00,45.00,72.20,f0:2f:74:40:a0:c0
1783362427.5,33.58,-6.31,-64.00,46.00,72.20,f0:2f:74:40:a0:c0
1783362430.5,33.58,-6.31,-64.00,46.00,72.20,f0:2f:74:40:a0:c0
1783362433.5,33.58,-6.31,-65.00,45.00,72.20,f0:2f:74:40:a0:c0
1783362436.5,33.58,-6.31,-65.00,45.00,72.20,f0:2f:74:40:a0:c0
1783362439.5,33.58,-6.31,-65.00,45.00,72.20,f0:2f:74:40:a0:c0
1783362442.5,33.58,-6.31,-65.00,45.00,72.20,f0:2f:74:40:a0:c0
1783362445.5,33.58,-6.31,-65.00,45.00,72.20,f0:2f:74:40:a0:c0
1783362448.5,33.58,-6.31,-65.00,45.00,72.20,f0:2f:74:40:a0:c0
1783362451.5,33.58,-6.31,-65.00,45.00,65.00,f0:2f:74:40:a0:c0
1783362454.5,33.58,-6.31,-65.00,45.00,72.20,f0:2f:74:40:a0:c0
1783362457.5,33.58,-6.31,-65.00,45.00,72.20,f0:2f:74:40:a0:c0
1783362460.5,33.58,-6.31,-65.00,45.00,72.20,f0:2f:74:40:a0:c0
1783362463.5,33.58,-6.31,-65.00,45.00,72.20,f0:2f:74:40:a0:c0
1783362466.5,33.58,-6.31,-65.00,45.00,72.20,f0:2f:74:40:a0:c0
1783362469.5,33.58,-6.31,-65.00,45.00,72.20,f0:2f:74:40:a0:c0
1783362472.5,33.58,-6.31,-64.00,46.00,72.20,f0:2f:74:40:a0:c0
1783362475.5,33.58,-6.31,-65.00,45.00,72.20,f0:2f:74:40:a0:c0
1783362478.5,33.58,-6.31,-65.00,45.00,72.20,f0:2f:74:40:a0:c0
1783362481.5,33.58,-6.31,-64.00,46.00,72.20,f0:2f:74:40:a0:c0
1783362484.5,33.58,-6.31,-65.00,45.00,72.20,f0:2f:74:40:a0:c0
1783362487.5,33.58,-6.31,-65.00,45.00,72.20,f0:2f:74:40:a0:c0
1783362490.5,33.58,-6.31,-65.00,45.00,72.20,f0:2f:74:40:a0:c0
1783362493.5,33.58,-6.31,-65.00,45.00,72.20,f0:2f:74:40:a0:c0
1783362496.5,33.58,-6.31,-65.00,45.00,72.20,f0:2f:74:40:a0:c0
1783362499.5,33.58,-6.31,-65.00,45.00,72.20,f0:2f:74:40:a0:c0
1783362502.5,33.58,-6.31,-65.00,45.00,65.00,f0:2f:74:40:a0:c0
1783362505.5,33.58,-6.31,-65.00,45.00,65.00,f0:2f:74:40:a0:c0
1783362508.5,33.58,-6.31,-64.00,46.00,65.00,f0:2f:74:40:a0:c0
1783362511.5,33.58,-6.31,-65.00,45.00,57.70,f0:2f:74:40:a0:c0
1783362514.5,33.58,-6.31,-65.00,45.00,72.20,f0:2f:74:40:a0:c0
1783362517.5,33.58,-6.31,-65.00,45.00,72.20,f0:2f:74:40:a0:c0
1783362520.5,33.58,-6.31,-65.00,45.00,72.20,f0:2f:74:40:a0:c0
1783362523.5,33.58,-6.31,-65.00,45.00,72.20,f0:2f:74:40:a0:c0
1783362526.5,33.58,-6.31,-65.00,45.00,72.20,f0:2f:74:40:a0:c0
1783362529.5,33.58,-6.31,-65.00,45.00,72.20,f0:2f:74:40:a0:c0
1783362532.5,33.58,-6.31,-65.00,45.00,72.20,f0:2f:74:40:a0:c0
1783362535.5,33.58,-6.31,-65.00,45.00,72.20,f0:2f:74:40:a0:c0
1783362538.5,33.58,-6.31,-65.00,45.00,72.20,f0:2f:74:40:a0:c0
1783362541.5,33.58,-6.31,-65.00,45.00,72.20,f0:2f:74:40:a0:c0
1783362544.5,33.58,-6.31,-65.00,45.00,65.00,f0:2f:74:40:a0:c0
1783362547.5,33.58,-6.31,-67.00,43.00,19.50,f0:2f:74:40:a0:c0
1783362550.5,33.58,-6.31,-66.00,44.00,5.50,f0:2f:74:40:a0:c0
1783362553.5,33.58,-6.31,-67.00,43.00,5.50,f0:2f:74:40:a0:c0
1783362556.5,33.58,-6.31,-65.00,45.00,57.70,f0:2f:74:40:a0:c0
1783362559.5,33.58,-6.31,-65.00,45.00,72.20,f0:2f:74:40:a0:c0
1783362562.5,33.58,-6.31,-65.00,45.00,72.20,f0:2f:74:40:a0:c0
1783362565.5,33.58,-6.31,-65.00,45.00,72.20,f0:2f:74:40:a0:c0
1783362568.5,33.58,-6.31,-64.00,46.00,72.20,f0:2f:74:40:a0:c0
1783362571.5,33.58,-6.31,-65.00,45.00,72.20,f0:2f:74:40:a0:c0
1783362574.5,33.58,-6.31,-65.00,45.00,72.20,f0:2f:74:40:a0:c0
1783362577.5,33.58,-6.31,-65.00,45.00,72.20,f0:2f:74:40:a0:c0
1783362580.5,33.58,-6.31,-65.00,45.00,72.20,f0:2f:74:40:a0:c0
1783362583.5,33.58,-6.31,-66.00,44.00,72.20,f0:2f:74:40:a0:c0
1783362586.5,33.58,-6.31,-66.00,44.00,72.20,f0:2f:74:40:a0:c0
1783362589.5,33.58,-6.31,-65.00,45.00,72.20,f0:2f:74:40:a0:c0
1783362592.5,33.58,-6.31,-65.00,45.00,72.20,f0:2f:74:40:a0:c0
1783362595.5,33.58,-6.31,-65.00,45.00,72.20,f0:2f:74:40:a0:c0
1783362598.5,33.58,-6.31,-65.00,45.00,72.20,f0:2f:74:40:a0:c0
1783362601.5,33.58,-6.31,-64.00,46.00,72.20,f0:2f:74:40:a0:c0
1783362604.5,33.58,-6.31,-65.00,45.00,72.20,f0:2f:74:40:a0:c0
1783362607.5,33.58,-6.31,-67.00,43.00,52.00,f0:2f:74:40:a0:c0
1783362610.5,33.58,-6.31,-66.00,44.00,19.50,f0:2f:74:40:a0:c0
1783362613.5,33.58,-6.31,-64.00,46.00,72.20,f0:2f:74:40:a0:c0
1783362616.5,33.58,-6.31,-64.00,46.00,72.20,f0:2f:74:40:a0:c0
1783362619.5,33.58,-6.31,-65.00,45.00,72.20,f0:2f:74:40:a0:c0
1783362622.5,33.58,-6.31,-65.00,45.00,72.20,f0:2f:74:40:a0:c0
1783362625.5,33.58,-6.31,-64.00,46.00,72.20,f0:2f:74:40:a0:c0
1783362628.5,33.58,-6.31,-65.00,45.00,72.20,f0:2f:74:40:a0:c0
1783362631.5,33.58,-6.31,-64.00,46.00,72.20,f0:2f:74:40:a0:c0
1783362634.5,33.58,-6.31,-65.00,45.00,72.20,f0:2f:74:40:a0:c0
1783362637.5,33.58,-6.31,-64.00,46.00,72.20,f0:2f:74:40:a0:c0
1783362640.5,33.58,-6.31,-65.00,45.00,72.20,f0:2f:74:40:a0:c0
1783362643.5,33.58,-6.31,-64.00,46.00,72.20,f0:2f:74:40:a0:c0
1783362646.5,33.58,-6.31,-65.00,45.00,72.20,f0:2f:74:40:a0:c0
1783362649.5,33.58,-6.31,-65.00,45.00,72.20,f0:2f:74:40:a0:c0
1783362652.5,33.58,-6.31,-65.00,45.00,72.20,f0:2f:74:40:a0:c0
1783362655.5,33.58,-6.31,-64.00,46.00,72.20,f0:2f:74:40:a0:c0
1783362658.5,33.58,-6.31,-64.00,46.00,72.20,f0:2f:74:40:a0:c0
1783362661.5,33.58,-6.31,-65.00,45.00,57.70,f0:2f:74:40:a0:c0
1783362664.5,33.58,-6.31,-66.00,44.00,57.70,f0:2f:74:40:a0:c0
1783362667.5,33.58,-6.31,-66.00,44.00,65.00,f0:2f:74:40:a0:c0
1783362670.5,33.58,-6.31,-66.00,44.00,65.00,f0:2f:74:40:a0:c0
1783362673.5,33.58,-6.31,-66.00,44.00,72.20,f0:2f:74:40:a0:c0
1783362676.5,33.58,-6.31,-66.00,44.00,72.20,f0:2f:74:40:a0:c0
1783362679.5,33.58,-6.31,-66.00,44.00,72.20,f0:2f:74:40:a0:c0
1783362682.5,33.58,-6.31,-66.00,44.00,72.20,f0:2f:74:40:a0:c0
1783362685.5,33.58,-6.31,-66.00,44.00,72.20,f0:2f:74:40:a0:c0
1783362688.5,33.58,-6.31,-66.00,44.00,72.20,f0:2f:74:40:a0:c0
1783362691.5,33.58,-6.31,-66.00,44.00,72.20,f0:2f:74:40:a0:c0
1783362694.5,33.58,-6.31,-66.00,44.00,72.20,f0:2f:74:40:a0:c0
1783362697.5,33.58,-6.31,-66.00,44.00,72.20,f0:2f:74:40:a0:c0
1783362700.5,33.58,-6.31,-66.00,44.00,72.20,f0:2f:74:40:a0:c0
1783362703.5,33.58,-6.31,-66.00,44.00,72.20,f0:2f:74:40:a0:c0
1783362706.5,33.58,-6.31,-66.00,44.00,72.20,f0:2f:74:40:a0:c0
1783362709.5,33.58,-6.31,-66.00,44.00,72.20,f0:2f:74:40:a0:c0
1783362712.5,33.58,-6.31,-66.00,44.00,72.20,f0:2f:74:40:a0:c0
1783362715.5,33.58,-6.31,-66.00,44.00,72.20,f0:2f:74:40:a0:c0
1783362718.5,33.58,-6.31,-66.00,44.00,72.20,f0:2f:74:40:a0:c0
1783362721.5,33.58,-6.31,-66.00,44.00,72.20,f0:2f:74:40:a0:c0
1783362724.5,33.58,-6.31,-66.00,44.00,72.20,f0:2f:74:40:a0:c0
1783362727.5,33.58,-6.31,-66.00,44.00,72.20,f0:2f:74:40:a0:c0
1783362730.5,33.58,-6.31,-66.00,44.00,72.20,f0:2f:74:40:a0:c0
1783362733.5,33.58,-6.31,-66.00,44.00,72.20,f0:2f:74:40:a0:c0
1783362736.5,33.58,-6.31,-66.00,44.00,65.00,f0:2f:74:40:a0:c0
1783362739.5,33.58,-6.31,-66.00,44.00,57.70,f0:2f:74:40:a0:c0
1783362742.5,33.58,-6.31,-66.00,44.00,57.70,f0:2f:74:40:a0:c0
1783362745.5,33.58,-6.31,-66.00,44.00,57.70,f0:2f:74:40:a0:c0
1783362748.5,33.58,-6.31,-66.00,44.00,52.00,f0:2f:74:40:a0:c0
1783362751.5,33.58,-6.31,-66.00,44.00,65.00,f0:2f:74:40:a0:c0
1783362754.5,33.58,-6.31,-66.00,44.00,65.00,f0:2f:74:40:a0:c0
1783362757.5,33.58,-6.31,-66.00,44.00,57.70,f0:2f:74:40:a0:c0
1783362760.5,33.58,-6.31,-66.00,44.00,57.70,f0:2f:74:40:a0:c0
1783362763.5,33.58,-6.31,-66.00,44.00,65.00,f0:2f:74:40:a0:c0
1783362766.5,33.58,-6.31,-66.00,44.00,65.00,f0:2f:74:40:a0:c0
1783362769.5,33.58,-6.31,-66.00,44.00,65.00,f0:2f:74:40:a0:c0
1783362772.5,33.58,-6.31,-66.00,44.00,72.20,f0:2f:74:40:a0:c0
1783362775.5,33.58,-6.31,-66.00,44.00,65.00,f0:2f:74:40:a0:c0
1783362778.5,33.58,-6.31,-66.00,44.00,72.20,f0:2f:74:40:a0:c0
1783362781.5,33.58,-6.31,-66.00,44.00,72.20,f0:2f:74:40:a0:c0
1783362784.5,33.58,-6.31,-66.00,44.00,72.20,f0:2f:74:40:a0:c0
1783362787.5,33.58,-6.31,-66.00,44.00,72.20,f0:2f:74:40:a0:c0
1783362790.5,33.58,-6.31,-67.00,43.00,72.20,f0:2f:74:40:a0:c0
1783362793.5,33.58,-6.31,-66.00,44.00,72.20,f0:2f:74:40:a0:c0
1783362796.5,33.58,-6.31,-66.00,44.00,72.20,f0:2f:74:40:a0:c0
1783362799.5,33.58,-6.31,-66.00,44.00,72.20,f0:2f:74:40:a0:c0
1783362802.5,33.58,-6.31,-66.00,44.00,72.20,f0:2f:74:40:a0:c0
1783362805.5,33.58,-6.31,-66.00,44.00,72.20,f0:2f:74:40:a0:c0
1783362808.5,33.58,-6.31,-66.00,44.00,72.20,f0:2f:74:40:a0:c0
1783362811.5,33.58,-6.31,-65.00,45.00,5.50,f0:2f:74:40:a0:c0
1783362814.5,33.58,-6.31,-67.00,43.00,5.50,f0:2f:74:40:a0:c0
1783362817.5,33.58,-6.31,-66.00,44.00,5.50,f0:2f:74:40:a0:c0
1783362820.5,33.58,-6.31,-67.00,43.00,5.50,f0:2f:74:40:a0:c0
1783362823.5,33.58,-6.31,-67.00,43.00,5.50,f0:2f:74:40:a0:c0
1783362826.5,33.58,-6.31,-68.00,42.00,5.50,f0:2f:74:40:a0:c0
1783362829.5,33.58,-6.31,-67.00,43.00,5.50,f0:2f:74:40:a0:c0
1783362832.5,33.58,-6.31,-67.00,43.00,5.50,f0:2f:74:40:a0:c0
1783362835.5,33.58,-6.31,-67.00,43.00,5.50,f0:2f:74:40:a0:c0
1783362838.5,33.58,-6.31,-68.00,42.00,5.50,f0:2f:74:40:a0:c0
1783362841.5,33.58,-6.31,-66.00,44.00,52.00,f0:2f:74:40:a0:c0
1783362844.5,33.58,-6.31,-66.00,44.00,5.50,f0:2f:74:40:a0:c0
1783362847.5,33.58,-6.31,-67.00,43.00,5.50,f0:2f:74:40:a0:c0
1783362850.5,33.58,-6.31,-67.00,43.00,5.50,f0:2f:74:40:a0:c0
1783362853.5,33.58,-6.31,-67.00,43.00,5.50,f0:2f:74:40:a0:c0
1783362856.5,33.58,-6.31,-67.00,43.00,5.50,f0:2f:74:40:a0:c0
1783362859.5,33.58,-6.31,-67.00,43.00,6.50,f0:2f:74:40:a0:c0
1783362862.5,33.58,-6.31,-68.00,42.00,5.50,f0:2f:74:40:a0:c0
1783362865.5,33.58,-6.31,-68.00,42.00,6.50,f0:2f:74:40:a0:c0
1783362868.5,33.58,-6.31,-67.00,43.00,6.50,f0:2f:74:40:a0:c0
1783362871.5,33.58,-6.31,-67.00,43.00,5.50,f0:2f:74:40:a0:c0
1783362874.5,33.58,-6.31,-65.00,45.00,5.50,f0:2f:74:40:a0:c0
1783362877.5,33.58,-6.31,-67.00,43.00,6.50,f0:2f:74:40:a0:c0
1783362880.5,33.58,-6.31,-67.00,43.00,5.50,f0:2f:74:40:a0:c0
1783362883.5,33.58,-6.31,-67.00,43.00,5.50,f0:2f:74:40:a0:c0
1783362886.5,33.58,-6.31,-68.00,42.00,5.50,f0:2f:74:40:a0:c0
1783362889.5,33.58,-6.31,-67.00,43.00,5.50,f0:2f:74:40:a0:c0
1783362892.5,33.58,-6.31,-66.00,44.00,72.20,f0:2f:74:40:a0:c0
1783362895.5,33.58,-6.31,-66.00,44.00,72.20,f0:2f:74:40:a0:c0
1783362898.5,33.58,-6.31,-66.00,44.00,72.20,f0:2f:74:40:a0:c0
1783362901.5,33.58,-6.31,-66.00,44.00,72.20,f0:2f:74:40:a0:c0
1783362904.5,33.58,-6.31,-66.00,44.00,72.20,f0:2f:74:40:a0:c0
1783362907.5,33.58,-6.31,-66.00,44.00,72.20,f0:2f:74:40:a0:c0
1783362910.5,33.58,-6.31,-66.00,44.00,72.20,f0:2f:74:40:a0:c0
1783362913.5,33.58,-6.31,-65.00,45.00,72.20,f0:2f:74:40:a0:c0
1783362916.5,33.58,-6.31,-66.00,44.00,72.20,f0:2f:74:40:a0:c0
1783362919.5,33.58,-6.31,-66.00,44.00,72.20,f0:2f:74:40:a0:c0
1783362922.5,33.58,-6.31,-66.00,44.00,72.20,f0:2f:74:40:a0:c0
1783362925.5,33.58,-6.31,-66.00,44.00,72.20,f0:2f:74:40:a0:c0
1783362928.5,33.58,-6.31,-66.00,44.00,72.20,f0:2f:74:40:a0:c0
1783362931.5,33.58,-6.31,-66.00,44.00,72.20,f0:2f:74:40:a0:c0
1783362934.5,33.58,-6.31,-66.00,44.00,72.20,f0:2f:74:40:a0:c0
1783362937.5,33.58,-6.31,-66.00,44.00,72.20,f0:2f:74:40:a0:c0
1783362940.5,33.58,-6.31,-66.00,44.00,72.20,f0:2f:74:40:a0:c0
1783362943.5,33.58,-6.31,-65.00,45.00,5.50,f0:2f:74:40:a0:c0
1783362946.5,33.58,-6.31,-66.00,44.00,5.50,f0:2f:74:40:a0:c0
1783362949.5,33.58,-6.31,-66.00,44.00,5.50,f0:2f:74:40:a0:c0
1783362952.5,33.58,-6.31,-66.00,44.00,65.00,f0:2f:74:40:a0:c0
1783362955.5,33.58,-6.31,-66.00,44.00,72.20,f0:2f:74:40:a0:c0
1783362958.5,33.58,-6.31,-65.00,45.00,72.20,f0:2f:74:40:a0:c0
1783362961.5,33.58,-6.31,-66.00,44.00,72.20,f0:2f:74:40:a0:c0
1783362964.5,33.58,-6.31,-66.00,44.00,72.20,f0:2f:74:40:a0:c0
1783362967.5,33.58,-6.31,-68.00,42.00,26.00,f0:2f:74:40:a0:c0
1783362970.5,33.58,-6.31,-67.00,43.00,5.50,f0:2f:74:40:a0:c0
1783362973.5,33.58,-6.31,-67.00,43.00,5.50,f0:2f:74:40:a0:c0
1783362976.5,33.58,-6.31,-66.00,44.00,65.00,f0:2f:74:40:a0:c0
1783362979.5,33.58,-6.31,-66.00,44.00,72.20,f0:2f:74:40:a0:c0
1783362982.5,33.58,-6.31,-66.00,44.00,72.20,f0:2f:74:40:a0:c0
1783362985.5,33.58,-6.31,-66.00,44.00,72.20,f0:2f:74:40:a0:c0
1783362988.5,33.58,-6.31,-66.00,44.00,72.20,f0:2f:74:40:a0:c0
1783362991.5,33.58,-6.31,-66.00,44.00,72.20,f0:2f:74:40:a0:c0
1783362994.5,33.58,-6.31,-67.00,43.00,72.20,f0:2f:74:40:a0:c0
1783362997.5,33.58,-6.31,-66.00,44.00,72.20,f0:2f:74:40:a0:c0
1783363000.5,33.58,-6.31,-66.00,44.00,72.20,f0:2f:74:40:a0:c0
1783363003.5,33.58,-6.31,-66.00,44.00,72.20,f0:2f:74:40:a0:c0
1783363006.5,33.58,-6.31,-66.00,44.00,72.20,f0:2f:74:40:a0:c0
1783363009.5,33.58,-6.31,-66.00,44.00,72.20,f0:2f:74:40:a0:c0
1783363012.5,33.58,-6.31,-66.00,44.00,72.20,f0:2f:74:40:a0:c0
1783363015.5,33.58,-6.31,-66.00,44.00,72.20,f0:2f:74:40:a0:c0
1783363018.5,33.58,-6.31,-66.00,44.00,72.20,f0:2f:74:40:a0:c0
1783363021.5,33.58,-6.31,-66.00,44.00,72.20,f0:2f:74:40:a0:c0
1783363024.5,33.58,-6.31,-66.00,44.00,72.20,f0:2f:74:40:a0:c0
1783363027.5,33.58,-6.31,-66.00,44.00,72.20,f0:2f:74:40:a0:c0
1783363030.5,33.58,-6.31,-66.00,44.00,72.20,f0:2f:74:40:a0:c0
1783363033.5,33.58,-6.31,-66.00,44.00,72.20,f0:2f:74:40:a0:c0
1783363036.5,33.58,-6.31,-66.00,44.00,72.20,f0:2f:74:40:a0:c0
1783363039.5,33.58,-6.31,-66.00,44.00,72.20,f0:2f:74:40:a0:c0
1783363042.5,33.58,-6.31,-66.00,44.00,72.20,f0:2f:74:40:a0:c0
1783363045.5,33.58,-6.31,-66.00,44.00,72.20,f0:2f:74:40:a0:c0
1783363048.5,33.58,-6.31,-67.00,43.00,72.20,f0:2f:74:40:a0:c0
1783363051.5,33.58,-6.31,-67.00,43.00,72.20,f0:2f:74:40:a0:c0
1783363054.5,33.58,-6.31,-67.00,43.00,72.20,f0:2f:74:40:a0:c0
1783363057.5,33.58,-6.31,-66.00,44.00,65.00,f0:2f:74:40:a0:c0
1783363060.5,33.58,-6.31,-66.00,44.00,72.20,f0:2f:74:40:a0:c0
1783363063.5,33.58,-6.31,-66.00,44.00,72.20,f0:2f:74:40:a0:c0
1783363066.5,33.58,-6.31,-66.00,44.00,72.20,f0:2f:74:40:a0:c0
1783363069.5,33.58,-6.31,-66.00,44.00,72.20,f0:2f:74:40:a0:c0
1783363072.5,33.58,-6.31,-67.00,43.00,72.20,f0:2f:74:40:a0:c0
1783363075.5,33.58,-6.31,-66.00,44.00,72.20,f0:2f:74:40:a0:c0
1783363078.5,33.58,-6.31,-67.00,43.00,72.20,f0:2f:74:40:a0:c0
1783363081.5,33.58,-6.31,-67.00,43.00,72.20,f0:2f:74:40:a0:c0
1783363084.5,33.58,-6.31,-68.00,42.00,72.20,f0:2f:74:40:a0:c0
1783363087.5,33.58,-6.31,-67.00,43.00,72.20,f0:2f:74:40:a0:c0
1783363090.5,33.58,-6.31,-67.00,43.00,72.20,f0:2f:74:40:a0:c0
1783363093.5,33.58,-6.31,-68.00,42.00,72.20,f0:2f:74:40:a0:c0
1783363096.5,33.58,-6.31,-66.00,44.00,72.20,f0:2f:74:40:a0:c0
1783363099.5,33.58,-6.31,-66.00,44.00,72.20,f0:2f:74:40:a0:c0
1783363102.5,33.58,-6.31,-66.00,44.00,72.20,f0:2f:74:40:a0:c0
1783363105.5,33.58,-6.31,-67.00,43.00,72.20,f0:2f:74:40:a0:c0
1783363108.5,33.58,-6.31,-66.00,44.00,65.00,f0:2f:74:40:a0:c0
1783363111.5,33.58,-6.31,-65.00,45.00,65.00,f0:2f:74:40:a0:c0
1783363114.5,33.58,-6.31,-65.00,45.00,65.00,f0:2f:74:40:a0:c0
1783363117.5,33.58,-6.31,-65.00,45.00,72.20,f0:2f:74:40:a0:c0
1783363120.5,33.58,-6.31,-66.00,44.00,72.20,f0:2f:74:40:a0:c0
1783363123.5,33.58,-6.31,-66.00,44.00,72.20,f0:2f:74:40:a0:c0
1783363126.5,33.58,-6.31,-65.00,45.00,72.20,f0:2f:74:40:a0:c0
1783363129.5,33.58,-6.31,-66.00,44.00,72.20,f0:2f:74:40:a0:c0
1783363132.5,33.58,-6.31,-66.00,44.00,72.20,f0:2f:74:40:a0:c0
1783363135.5,33.58,-6.31,-66.00,44.00,72.20,f0:2f:74:40:a0:c0
1783363138.5,33.58,-6.31,-67.00,43.00,72.20,f0:2f:74:40:a0:c0
1783363141.5,33.58,-6.31,-66.00,44.00,72.20,f0:2f:74:40:a0:c0
1783363144.5,33.58,-6.31,-66.00,44.00,72.20,f0:2f:74:40:a0:c0
1783363147.5,33.58,-6.31,-66.00,44.00,72.20,f0:2f:74:40:a0:c0
1783363150.5,33.58,-6.31,-66.00,44.00,72.20,f0:2f:74:40:a0:c0
1783363153.5,33.58,-6.31,-66.00,44.00,72.20,f0:2f:74:40:a0:c0
1783363156.5,33.58,-6.31,-66.00,44.00,72.20,f0:2f:74:40:a0:c0
1783363159.5,33.58,-6.31,-67.00,43.00,72.20,f0:2f:74:40:a0:c0
1783363162.5,33.58,-6.31,-66.00,44.00,72.20,f0:2f:74:40:a0:c0
1783363165.5,33.58,-6.31,-66.00,44.00,65.00,f0:2f:74:40:a0:c0
1783363168.5,33.58,-6.31,-66.00,44.00,72.20,f0:2f:74:40:a0:c0
1783363171.5,33.58,-6.31,-66.00,44.00,65.00,f0:2f:74:40:a0:c0
1783363174.5,33.58,-6.31,-66.00,44.00,72.20,f0:2f:74:40:a0:c0
1783363177.5,33.58,-6.31,-66.00,44.00,65.00,f0:2f:74:40:a0:c0
1783363180.5,33.58,-6.31,-65.00,45.00,65.00,f0:2f:74:40:a0:c0
1783363183.5,33.58,-6.31,-66.00,44.00,72.20,f0:2f:74:40:a0:c0
1783363186.5,33.58,-6.31,-67.00,43.00,72.20,f0:2f:74:40:a0:c0
1783363189.5,33.58,-6.31,-66.00,44.00,72.20,f0:2f:74:40:a0:c0
1783363192.5,33.58,-6.31,-66.00,44.00,72.20,f0:2f:74:40:a0:c0
1783363195.5,33.58,-6.31,-65.00,45.00,72.20,f0:2f:74:40:a0:c0
1783363198.5,33.58,-6.31,-65.00,45.00,65.00,f0:2f:74:40:a0:c0
1783363201.5,33.58,-6.31,-65.00,45.00,72.20,f0:2f:74:40:a0:c0
1783363204.5,33.58,-6.31,-65.00,45.00,72.20,f0:2f:74:40:a0:c0
1783363207.5,33.58,-6.31,-65.00,45.00,72.20,f0:2f:74:40:a0:c0
1783363210.5,33.58,-6.31,-65.00,45.00,72.20,f0:2f:74:40:a0:c0
1783363213.5,33.58,-6.31,-65.00,45.00,72.20,f0:2f:74:40:a0:c0
1783363216.5,33.58,-6.31,-65.00,45.00,72.20,f0:2f:74:40:a0:c0
1783363219.5,33.58,-6.31,-65.00,45.00,72.20,f0:2f:74:40:a0:c0
1783363222.5,33.58,-6.31,-66.00,44.00,72.20,f0:2f:74:40:a0:c0
1783363225.5,33.58,-6.31,-65.00,45.00,72.20,f0:2f:74:40:a0:c0
1783363228.5,33.58,-6.31,-65.00,45.00,72.20,f0:2f:74:40:a0:c0
1783363231.5,33.58,-6.31,-64.00,46.00,72.20,f0:2f:74:40:a0:c0
1783363234.5,33.58,-6.31,-64.00,46.00,72.20,f0:2f:74:40:a0:c0
1783363237.5,33.58,-6.31,-64.00,46.00,72.20,f0:2f:74:40:a0:c0
1783363240.5,33.58,-6.31,-68.00,42.00,72.20,f0:2f:74:40:a0:c0
1783363243.5,33.58,-6.31,-65.00,45.00,72.20,f0:2f:74:40:a0:c0
1783363246.5,33.58,-6.31,-65.00,45.00,72.20,f0:2f:74:40:a0:c0
1783363249.5,33.58,-6.31,-65.00,45.00,72.20,f0:2f:74:40:a0:c0
1783363252.5,33.58,-6.31,-65.00,45.00,72.20,f0:2f:74:40:a0:c0
1783363255.5,33.58,-6.31,-66.00,44.00,72.20,f0:2f:74:40:a0:c0
1783363258.5,33.58,-6.31,-66.00,44.00,72.20,f0:2f:74:40:a0:c0
1783363261.5,33.58,-6.31,-66.00,44.00,72.20,f0:2f:74:40:a0:c0
1783363264.5,33.58,-6.31,-65.00,45.00,72.20,f0:2f:74:40:a0:c0
1783363267.5,33.58,-6.31,-65.00,45.00,72.20,f0:2f:74:40:a0:c0
1783363270.5,33.58,-6.31,-65.00,45.00,72.20,f0:2f:74:40:a0:c0
1783363273.5,33.58,-6.31,-65.00,45.00,72.20,f0:2f:74:40:a0:c0
1783363276.5,33.58,-6.31,-65.00,45.00,72.20,f0:2f:74:40:a0:c0
1783363279.5,33.58,-6.31,-65.00,45.00,72.20,f0:2f:74:40:a0:c0
1783363282.5,33.58,-6.31,-65.00,45.00,72.20,f0:2f:74:40:a0:c0
1783363285.5,33.58,-6.31,-65.00,45.00,72.20,f0:2f:74:40:a0:c0
1783363288.5,33.58,-6.31,-65.00,45.00,72.20,f0:2f:74:40:a0:c0
1783363291.5,33.58,-6.31,-66.00,44.00,72.20,f0:2f:74:40:a0:c0
1783363294.5,33.58,-6.31,-65.00,45.00,72.20,f0:2f:74:40:a0:c0
1783363297.5,33.58,-6.31,-65.00,45.00,72.20,f0:2f:74:40:a0:c0
1783363300.5,33.58,-6.31,-65.00,45.00,72.20,f0:2f:74:40:a0:c0
1783363303.5,33.58,-6.31,-65.00,45.00,72.20,f0:2f:74:40:a0:c0
1783363306.5,33.58,-6.31,-65.00,45.00,72.20,f0:2f:74:40:a0:c0
1783363309.5,33.58,-6.31,-65.00,45.00,72.20,f0:2f:74:40:a0:c0
1783363312.5,33.58,-6.31,-65.00,45.00,72.20,f0:2f:74:40:a0:c0
1783363315.5,33.58,-6.31,-65.00,45.00,72.20,f0:2f:74:40:a0:c0
1783363318.5,33.58,-6.31,-65.00,45.00,72.20,f0:2f:74:40:a0:c0
1783363321.5,33.58,-6.31,-66.00,44.00,72.20,f0:2f:74:40:a0:c0
1783363324.5,33.58,-6.31,-65.00,45.00,72.20,f0:2f:74:40:a0:c0
1783363327.5,33.58,-6.31,-65.00,45.00,72.20,f0:2f:74:40:a0:c0
1783363330.5,33.58,-6.31,-65.00,45.00,72.20,f0:2f:74:40:a0:c0
1783363333.5,33.58,-6.31,-65.00,45.00,72.20,f0:2f:74:40:a0:c0
1783363336.5,33.58,-6.31,-65.00,45.00,72.20,f0:2f:74:40:a0:c0
1783363339.5,33.58,-6.31,-65.00,45.00,72.20,f0:2f:74:40:a0:c0
1783363342.5,33.58,-6.31,-66.00,44.00,72.20,f0:2f:74:40:a0:c0
1783363345.5,33.58,-6.31,-66.00,44.00,72.20,f0:2f:74:40:a0:c0
1783363348.5,33.58,-6.31,-65.00,45.00,72.20,f0:2f:74:40:a0:c0
1783363351.5,33.58,-6.31,-65.00,45.00,72.20,f0:2f:74:40:a0:c0
1783363354.5,33.58,-6.31,-65.00,45.00,72.20,f0:2f:74:40:a0:c0
1783363357.5,33.58,-6.31,-66.00,44.00,72.20,f0:2f:74:40:a0:c0
1783363360.5,33.58,-6.31,-65.00,45.00,72.20,f0:2f:74:40:a0:c0
1783363363.5,33.58,-6.31,-65.00,45.00,72.20,f0:2f:74:40:a0:c0
1783363366.5,33.58,-6.31,-65.00,45.00,72.20,f0:2f:74:40:a0:c0
1783363369.5,33.58,-6.31,-65.00,45.00,72.20,f0:2f:74:40:a0:c0
1783363372.5,33.58,-6.31,-66.00,44.00,72.20,f0:2f:74:40:a0:c0
1783363375.5,33.58,-6.31,-66.00,44.00,72.20,f0:2f:74:40:a0:c0
1783363378.5,33.58,-6.31,-65.00,45.00,72.20,f0:2f:74:40:a0:c0
1783363381.5,33.58,-6.31,-65.00,45.00,72.20,f0:2f:74:40:a0:c0
1783363384.5,33.58,-6.31,-65.00,45.00,72.20,f0:2f:74:40:a0:c0
1783363387.5,33.58,-6.31,-65.00,45.00,72.20,f0:2f:74:40:a0:c0
1783363390.5,33.58,-6.31,-65.00,45.00,72.20,f0:2f:74:40:a0:c0
1783363393.5,33.58,-6.31,-65.00,45.00,72.20,f0:2f:74:40:a0:c0
1783363396.5,33.58,-6.31,-65.00,45.00,72.20,f0:2f:74:40:a0:c0
1783363399.5,33.58,-6.31,-66.00,44.00,72.20,f0:2f:74:40:a0:c0
1783363402.5,33.58,-6.31,-65.00,45.00,72.20,f0:2f:74:40:a0:c0
1783363405.5,33.58,-6.31,-64.00,46.00,72.20,f0:2f:74:40:a0:c0
1783363408.5,33.58,-6.31,-65.00,45.00,72.20,f0:2f:74:40:a0:c0
1783363411.5,33.58,-6.31,-65.00,45.00,72.20,f0:2f:74:40:a0:c0
1783363414.5,33.58,-6.31,-65.00,45.00,72.20,f0:2f:74:40:a0:c0
1783363417.5,33.58,-6.31,-64.00,46.00,72.20,f0:2f:74:40:a0:c0
1783363420.5,33.58,-6.31,-64.00,46.00,72.20,f0:2f:74:40:a0:c0
1783363423.5,33.58,-6.31,-64.00,46.00,72.20,f0:2f:74:40:a0:c0
1783363426.5,33.58,-6.31,-64.00,46.00,72.20,f0:2f:74:40:a0:c0
1783363429.5,33.58,-6.31,-64.00,46.00,72.20,f0:2f:74:40:a0:c0
1783363432.5,33.58,-6.31,-64.00,46.00,72.20,f0:2f:74:40:a0:c0
1783363435.5,33.58,-6.31,-64.00,46.00,72.20,f0:2f:74:40:a0:c0
1783363438.5,33.58,-6.31,-64.00,46.00,72.20,f0:2f:74:40:a0:c0
1783363441.5,33.58,-6.31,-65.00,45.00,72.20,f0:2f:74:40:a0:c0
1783363444.5,33.58,-6.31,-64.00,46.00,72.20,f0:2f:74:40:a0:c0
1783363447.5,33.58,-6.31,-64.00,46.00,72.20,f0:2f:74:40:a0:c0
1783363450.5,33.58,-6.31,-64.00,46.00,72.20,f0:2f:74:40:a0:c0
1783363453.5,33.58,-6.31,-65.00,45.00,72.20,f0:2f:74:40:a0:c0
1783363456.5,33.58,-6.31,-65.00,45.00,72.20,f0:2f:74:40:a0:c0
1783363459.5,33.58,-6.31,-65.00,45.00,72.20,f0:2f:74:40:a0:c0
1783363462.5,33.58,-6.31,-65.00,45.00,72.20,f0:2f:74:40:a0:c0
1783363465.5,33.58,-6.31,-65.00,45.00,72.20,f0:2f:74:40:a0:c0
1783363468.5,33.58,-6.31,-65.00,45.00,72.20,f0:2f:74:40:a0:c0
1783363471.5,33.58,-6.31,-64.00,46.00,72.20,f0:2f:74:40:a0:c0
1783363474.5,33.58,-6.31,-64.00,46.00,72.20,f0:2f:74:40:a0:c0
1783363477.5,33.58,-6.31,-64.00,46.00,72.20,f0:2f:74:40:a0:c0
1783363480.5,33.58,-6.31,-64.00,46.00,72.20,f0:2f:74:40:a0:c0
1783363483.5,33.58,-6.31,-64.00,46.00,72.20,f0:2f:74:40:a0:c0
1783363486.5,33.58,-6.31,-64.00,46.00,72.20,f0:2f:74:40:a0:c0
1783363489.5,33.58,-6.31,-64.00,46.00,72.20,f0:2f:74:40:a0:c0
1783363492.5,33.58,-6.31,-64.00,46.00,72.20,f0:2f:74:40:a0:c0
1783363495.5,33.58,-6.31,-65.00,45.00,72.20,f0:2f:74:40:a0:c0
1783363498.5,33.58,-6.31,-65.00,45.00,72.20,f0:2f:74:40:a0:c0
1783363501.5,33.58,-6.31,-65.00,45.00,72.20,f0:2f:74:40:a0:c0
1783363504.5,33.58,-6.31,-65.00,45.00,72.20,f0:2f:74:40:a0:c0
1783363507.5,33.58,-6.31,-64.00,46.00,72.20,f0:2f:74:40:a0:c0
1783363510.5,33.58,-6.31,-66.00,44.00,5.50,f0:2f:74:40:a0:c0
1783363513.5,33.58,-6.31,-64.00,46.00,5.50,f0:2f:74:40:a0:c0
1783363516.5,33.58,-6.31,-65.00,45.00,5.50,f0:2f:74:40:a0:c0
1783363519.5,33.58,-6.31,-62.00,48.00,21.60,f0:2f:74:40:a0:c0
1783363522.5,33.58,-6.31,-64.00,46.00,5.50,f0:2f:74:40:a0:c0
1783363525.5,33.58,-6.31,-64.00,46.00,72.20,f0:2f:74:40:a0:c0
1783363528.5,33.58,-6.31,-64.00,46.00,72.20,f0:2f:74:40:a0:c0
1783363531.5,33.58,-6.31,-64.00,46.00,72.20,f0:2f:74:40:a0:c0
1783363534.5,33.58,-6.31,-64.00,46.00,72.20,f0:2f:74:40:a0:c0
1783363537.5,33.58,-6.31,-64.00,46.00,72.20,f0:2f:74:40:a0:c0
1783363540.5,33.58,-6.31,-64.00,46.00,72.20,f0:2f:74:40:a0:c0
1783363543.5,33.58,-6.31,-64.00,46.00,72.20,f0:2f:74:40:a0:c0
1783363546.5,33.58,-6.31,-65.00,45.00,72.20,f0:2f:74:40:a0:c0
1783363549.5,33.58,-6.31,-65.00,45.00,72.20,f0:2f:74:40:a0:c0
1783363552.5,33.58,-6.31,-64.00,46.00,72.20,f0:2f:74:40:a0:c0
1783363555.5,33.58,-6.31,-64.00,46.00,72.20,f0:2f:74:40:a0:c0
1783363558.5,33.58,-6.31,-65.00,45.00,72.20,f0:2f:74:40:a0:c0
1783363561.5,33.58,-6.31,-64.00,46.00,72.20,f0:2f:74:40:a0:c0
1783363564.5,33.58,-6.31,-64.00,46.00,72.20,f0:2f:74:40:a0:c0
1783363567.5,33.58,-6.31,-64.00,46.00,72.20,f0:2f:74:40:a0:c0
1783363570.5,33.58,-6.31,-64.00,46.00,72.20,f0:2f:74:40:a0:c0
1783363573.5,33.58,-6.31,-64.00,46.00,72.20,f0:2f:74:40:a0:c0
1783363576.5,33.58,-6.31,-64.00,46.00,72.20,f0:2f:74:40:a0:c0
1783363579.5,33.58,-6.31,-65.00,45.00,72.20,f0:2f:74:40:a0:c0
1783363582.5,33.58,-6.31,-64.00,46.00,72.20,f0:2f:74:40:a0:c0
1783363585.5,33.58,-6.31,-64.00,46.00,72.20,f0:2f:74:40:a0:c0
1783363588.5,33.58,-6.31,-64.00,46.00,72.20,f0:2f:74:40:a0:c0
1783363591.5,33.58,-6.31,-64.00,46.00,72.20,f0:2f:74:40:a0:c0
1783363594.5,33.58,-6.31,-64.00,46.00,72.20,f0:2f:74:40:a0:c0
1783363597.5,33.58,-6.31,-65.00,45.00,72.20,f0:2f:74:40:a0:c0
1783363600.5,33.58,-6.31,-64.00,46.00,72.20,f0:2f:74:40:a0:c0
1783363603.5,33.58,-6.31,-65.00,45.00,72.20,f0:2f:74:40:a0:c0
1783363606.5,33.58,-6.31,-65.00,45.00,72.20,f0:2f:74:40:a0:c0
1783363609.5,33.58,-6.31,-65.00,45.00,72.20,f0:2f:74:40:a0:c0
1783363612.5,33.58,-6.31,-65.00,45.00,72.20,f0:2f:74:40:a0:c0
1783363615.5,33.58,-6.31,-65.00,45.00,72.20,f0:2f:74:40:a0:c0
1783363618.5,33.58,-6.31,-65.00,45.00,72.20,f0:2f:74:40:a0:c0
1783363621.5,33.58,-6.31,-66.00,44.00,72.20,f0:2f:74:40:a0:c0
1783363624.5,33.58,-6.31,-65.00,45.00,72.20,f0:2f:74:40:a0:c0
1783363627.5,33.58,-6.31,-65.00,45.00,72.20,f0:2f:74:40:a0:c0
1783363630.5,33.58,-6.31,-65.00,45.00,72.20,f0:2f:74:40:a0:c0
1783363633.5,33.58,-6.31,-65.00,45.00,72.20,f0:2f:74:40:a0:c0
1783363636.5,33.58,-6.31,-65.00,45.00,72.20,f0:2f:74:40:a0:c0
1783363639.5,33.58,-6.31,-66.00,44.00,65.00,f0:2f:74:40:a0:c0
1783363642.5,33.58,-6.31,-66.00,44.00,65.00,f0:2f:74:40:a0:c0
1783363645.5,33.58,-6.31,-66.00,44.00,72.20,f0:2f:74:40:a0:c0
1783363648.5,33.58,-6.31,-65.00,45.00,72.20,f0:2f:74:40:a0:c0
1783363651.5,33.58,-6.31,-66.00,44.00,65.00,f0:2f:74:40:a0:c0
1783363654.5,33.58,-6.31,-66.00,44.00,72.20,f0:2f:74:40:a0:c0
1783363657.5,33.58,-6.31,-66.00,44.00,72.20,f0:2f:74:40:a0:c0
1783363660.5,33.58,-6.31,-65.00,45.00,72.20,f0:2f:74:40:a0:c0
1783363663.5,33.58,-6.31,-65.00,45.00,72.20,f0:2f:74:40:a0:c0
1783363666.5,33.58,-6.31,-66.00,44.00,72.20,f0:2f:74:40:a0:c0
1783363669.5,33.58,-6.31,-67.00,43.00,72.20,f0:2f:74:40:a0:c0
1783363672.5,33.58,-6.31,-65.00,45.00,72.20,f0:2f:74:40:a0:c0
1783363675.5,33.58,-6.31,-65.00,45.00,72.20,f0:2f:74:40:a0:c0
1783363678.5,33.58,-6.31,-66.00,44.00,72.20,f0:2f:74:40:a0:c0
1783363681.5,33.58,-6.31,-66.00,44.00,72.20,f0:2f:74:40:a0:c0
1783363684.5,33.58,-6.31,-66.00,44.00,72.20,f0:2f:74:40:a0:c0
1783363687.5,33.58,-6.31,-66.00,44.00,65.00,f0:2f:74:40:a0:c0
1783363690.5,33.58,-6.31,-65.00,45.00,65.00,f0:2f:74:40:a0:c0
1783363693.5,33.58,-6.31,-65.00,45.00,65.00,f0:2f:74:40:a0:c0
1783363696.5,33.58,-6.31,-65.00,45.00,57.70,f0:2f:74:40:a0:c0
1783363699.5,33.58,-6.31,-65.00,45.00,72.20,f0:2f:74:40:a0:c0
1783363702.5,33.58,-6.31,-65.00,45.00,65.00,f0:2f:74:40:a0:c0
1783363705.5,33.58,-6.31,-65.00,45.00,72.20,f0:2f:74:40:a0:c0
1783363708.5,33.58,-6.31,-65.00,45.00,72.20,f0:2f:74:40:a0:c0
1783363711.5,33.58,-6.31,-65.00,45.00,72.20,f0:2f:74:40:a0:c0
1783363714.5,33.58,-6.31,-65.00,45.00,72.20,f0:2f:74:40:a0:c0
1783363717.5,33.58,-6.31,-65.00,45.00,72.20,f0:2f:74:40:a0:c0
1783363720.5,33.58,-6.31,-66.00,44.00,72.20,f0:2f:74:40:a0:c0
1783363723.5,33.58,-6.31,-65.00,45.00,72.20,f0:2f:74:40:a0:c0
1783363726.5,33.58,-6.31,-65.00,45.00,72.20,f0:2f:74:40:a0:c0
1783363729.5,33.58,-6.31,-65.00,45.00,72.20,f0:2f:74:40:a0:c0
1783363732.5,33.58,-6.31,-65.00,45.00,72.20,f0:2f:74:40:a0:c0
1783363735.5,33.58,-6.31,-65.00,45.00,72.20,f0:2f:74:40:a0:c0
1783363738.5,33.58,-6.31,-65.00,45.00,72.20,f0:2f:74:40:a0:c0
1783363741.5,33.58,-6.31,-66.00,44.00,72.20,f0:2f:74:40:a0:c0
1783363744.5,33.58,-6.31,-66.00,44.00,72.20,f0:2f:74:40:a0:c0
1783363747.5,33.58,-6.31,-65.00,45.00,72.20,f0:2f:74:40:a0:c0
1783363750.5,33.58,-6.31,-66.00,44.00,72.20,f0:2f:74:40:a0:c0
1783363753.5,33.58,-6.31,-66.00,44.00,72.20,f0:2f:74:40:a0:c0
1783363756.5,33.58,-6.31,-66.00,44.00,65.00,f0:2f:74:40:a0:c0
1783363759.5,33.58,-6.31,-66.00,44.00,65.00,f0:2f:74:40:a0:c0
1783363762.5,33.58,-6.31,-65.00,45.00,57.70,f0:2f:74:40:a0:c0
1783363765.5,33.58,-6.31,-66.00,44.00,72.20,f0:2f:74:40:a0:c0
1783363768.5,33.58,-6.31,-65.00,45.00,72.20,f0:2f:74:40:a0:c0
1783363771.5,33.58,-6.31,-66.00,44.00,72.20,f0:2f:74:40:a0:c0
1783363774.5,33.58,-6.31,-65.00,45.00,72.20,f0:2f:74:40:a0:c0
1783363777.5,33.58,-6.31,-65.00,45.00,72.20,f0:2f:74:40:a0:c0
1783363780.5,33.58,-6.31,-65.00,45.00,65.00,f0:2f:74:40:a0:c0
1783363783.5,33.58,-6.31,-66.00,44.00,65.00,f0:2f:74:40:a0:c0
1783363786.5,33.58,-6.31,-66.00,44.00,72.20,f0:2f:74:40:a0:c0
1783363789.5,33.58,-6.31,-66.00,44.00,72.20,f0:2f:74:40:a0:c0
1783363792.5,33.58,-6.31,-66.00,44.00,72.20,f0:2f:74:40:a0:c0
1783363795.5,33.58,-6.31,-66.00,44.00,72.20,f0:2f:74:40:a0:c0
1783363798.5,33.58,-6.31,-65.00,45.00,72.20,f0:2f:74:40:a0:c0
1783363801.5,33.58,-6.31,-66.00,44.00,72.20,f0:2f:74:40:a0:c0
1783363804.5,33.58,-6.31,-66.00,44.00,72.20,f0:2f:74:40:a0:c0
1783363807.5,33.58,-6.31,-66.00,44.00,72.20,f0:2f:74:40:a0:c0
1783363810.5,33.58,-6.31,-66.00,44.00,72.20,f0:2f:74:40:a0:c0
1783363813.5,33.58,-6.31,-65.00,45.00,72.20,f0:2f:74:40:a0:c0
1783363816.5,33.58,-6.31,-66.00,44.00,72.20,f0:2f:74:40:a0:c0
1783363821.0,33.58,-6.31,-66.00,44.00,6.50,f0:2f:74:40:a0:c0
1783363822.5,33.58,-6.31,-65.00,45.00,5.50,f0:2f:74:40:a0:c0
1783363825.7,33.58,-6.31,-64.00,46.00,5.50,f0:2f:74:40:a0:c0
1783363828.5,33.58,-6.31,-67.00,43.00,72.20,f0:2f:74:40:a0:c0
1783363831.5,33.58,-6.31,-66.00,44.00,72.20,f0:2f:74:40:a0:c0
1783363834.5,33.58,-6.31,-66.00,44.00,72.20,f0:2f:74:40:a0:c0
1783363837.5,33.58,-6.31,-66.00,44.00,72.20,f0:2f:74:40:a0:c0
1783363840.5,33.58,-6.31,-65.00,45.00,72.20,f0:2f:74:40:a0:c0
1783363843.5,33.58,-6.31,-66.00,44.00,72.20,f0:2f:74:40:a0:c0
1783363846.5,33.58,-6.31,-65.00,45.00,72.20,f0:2f:74:40:a0:c0
1783363849.5,33.58,-6.31,-65.00,45.00,72.20,f0:2f:74:40:a0:c0
1783363852.5,33.58,-6.31,-66.00,44.00,72.20,f0:2f:74:40:a0:c0
1783363855.5,33.58,-6.31,-66.00,44.00,72.20,f0:2f:74:40:a0:c0
1783363858.5,33.58,-6.31,-66.00,44.00,72.20,f0:2f:74:40:a0:c0
1783363861.5,33.58,-6.31,-65.00,45.00,72.20,f0:2f:74:40:a0:c0
1783363864.5,33.58,-6.31,-66.00,44.00,72.20,f0:2f:74:40:a0:c0
1783363867.5,33.58,-6.31,-65.00,45.00,72.20,f0:2f:74:40:a0:c0
1783363870.5,33.58,-6.31,-68.00,42.00,52.00,f0:2f:74:40:a0:c0
1783363873.5,33.58,-6.31,-63.00,47.00,5.50,f0:2f:74:40:a0:c0
1783363876.5,33.58,-6.31,-66.00,44.00,5.50,f0:2f:74:40:a0:c0
1783363879.5,33.58,-6.31,-66.00,44.00,14.40,f0:2f:74:40:a0:c0
1783363882.5,33.58,-6.31,-66.00,44.00,72.20,f0:2f:74:40:a0:c0
1783363885.5,33.58,-6.31,-66.00,44.00,72.20,f0:2f:74:40:a0:c0
1783363888.5,33.58,-6.31,-65.00,45.00,72.20,f0:2f:74:40:a0:c0
1783363891.5,33.58,-6.31,-66.00,44.00,72.20,f0:2f:74:40:a0:c0
1783363894.5,33.58,-6.31,-66.00,44.00,72.20,f0:2f:74:40:a0:c0
1783363897.5,33.58,-6.31,-66.00,44.00,72.20,f0:2f:74:40:a0:c0
1783363900.5,33.58,-6.31,-66.00,44.00,72.20,f0:2f:74:40:a0:c0
1783363903.5,33.58,-6.31,-66.00,44.00,72.20,f0:2f:74:40:a0:c0
1783363906.5,33.58,-6.31,-65.00,45.00,72.20,f0:2f:74:40:a0:c0
1783363909.5,33.58,-6.31,-66.00,44.00,72.20,f0:2f:74:40:a0:c0
1783363912.5,33.58,-6.31,-66.00,44.00,72.20,f0:2f:74:40:a0:c0
1783363915.5,33.58,-6.31,-66.00,44.00,65.00,f0:2f:74:40:a0:c0
1783363918.5,33.58,-6.31,-67.00,43.00,72.20,f0:2f:74:40:a0:c0
1783363921.5,33.58,-6.31,-67.00,43.00,72.20,f0:2f:74:40:a0:c0
1783363924.5,33.58,-6.31,-66.00,44.00,72.20,f0:2f:74:40:a0:c0
1783363927.5,33.58,-6.31,-66.00,44.00,72.20,f0:2f:74:40:a0:c0
1783363930.5,33.58,-6.31,-67.00,43.00,52.00,f0:2f:74:40:a0:c0
1783363933.5,33.58,-6.31,-71.00,39.00,5.50,f0:2f:74:40:a0:c0
1783363936.5,33.58,-6.31,-69.00,41.00,5.50,f0:2f:74:40:a0:c0
1783363939.5,33.58,-6.31,-66.00,44.00,57.70,f0:2f:74:40:a0:c0
1783363942.5,33.58,-6.31,-66.00,44.00,72.20,f0:2f:74:40:a0:c0
1783363945.5,33.58,-6.31,-66.00,44.00,72.20,f0:2f:74:40:a0:c0
1783363948.5,33.58,-6.31,-66.00,44.00,72.20,f0:2f:74:40:a0:c0
1783363951.5,33.58,-6.31,-65.00,45.00,72.20,f0:2f:74:40:a0:c0
1783363954.5,33.58,-6.31,-66.00,44.00,72.20,f0:2f:74:40:a0:c0
1783363957.5,33.58,-6.31,-65.00,45.00,72.20,f0:2f:74:40:a0:c0
1783363960.5,33.58,-6.31,-66.00,44.00,65.00,f0:2f:74:40:a0:c0
1783363963.5,33.58,-6.31,-66.00,44.00,72.20,f0:2f:74:40:a0:c0
1783363966.5,33.58,-6.31,-66.00,44.00,72.20,f0:2f:74:40:a0:c0
1783363969.5,33.58,-6.31,-66.00,44.00,72.20,f0:2f:74:40:a0:c0
1783363972.5,33.58,-6.31,-66.00,44.00,72.20,f0:2f:74:40:a0:c0
1783363975.5,33.58,-6.31,-65.00,45.00,72.20,f0:2f:74:40:a0:c0
1783363978.5,33.58,-6.31,-65.00,45.00,72.20,f0:2f:74:40:a0:c0
1783363981.5,33.58,-6.31,-66.00,44.00,72.20,f0:2f:74:40:a0:c0
1783363984.5,33.58,-6.31,-66.00,44.00,72.20,f0:2f:74:40:a0:c0
1783363987.5,33.58,-6.31,-66.00,44.00,72.20,f0:2f:74:40:a0:c0
1783363990.5,33.58,-6.31,-66.00,44.00,72.20,f0:2f:74:40:a0:c0
1783363993.5,33.58,-6.31,-66.00,44.00,72.20,f0:2f:74:40:a0:c0
1783363996.5,33.58,-6.31,-66.00,44.00,72.20,f0:2f:74:40:a0:c0
1783363999.5,33.58,-6.31,-66.00,44.00,72.20,f0:2f:74:40:a0:c0
1783364002.5,33.58,-6.31,-66.00,44.00,72.20,f0:2f:74:40:a0:c0
1783364005.5,33.58,-6.31,-66.00,44.00,72.20,f0:2f:74:40:a0:c0
1783364008.5,33.58,-6.31,-66.00,44.00,72.20,f0:2f:74:40:a0:c0
1783364011.5,33.58,-6.31,-66.00,44.00,72.20,f0:2f:74:40:a0:c0
1783364014.5,33.58,-6.31,-65.00,45.00,72.20,f0:2f:74:40:a0:c0
1783364017.5,33.58,-6.31,-66.00,44.00,72.20,f0:2f:74:40:a0:c0
1783364020.5,33.58,-6.31,-66.00,44.00,65.00,f0:2f:74:40:a0:c0
1783364023.5,33.58,-6.31,-66.00,44.00,65.00,f0:2f:74:40:a0:c0
1783364026.5,33.58,-6.31,-65.00,45.00,72.20,f0:2f:74:40:a0:c0
1783364029.5,33.58,-6.31,-65.00,45.00,72.20,f0:2f:74:40:a0:c0
1783364032.5,33.58,-6.31,-66.00,44.00,72.20,f0:2f:74:40:a0:c0
1783364035.5,33.58,-6.31,-65.00,45.00,72.20,f0:2f:74:40:a0:c0
1783364038.5,33.58,-6.31,-66.00,44.00,72.20,f0:2f:74:40:a0:c0
1783364041.5,33.58,-6.31,-65.00,45.00,72.20,f0:2f:74:40:a0:c0
1783364044.5,33.58,-6.31,-66.00,44.00,72.20,f0:2f:74:40:a0:c0
1783364047.5,33.58,-6.31,-66.00,44.00,72.20,f0:2f:74:40:a0:c0
1783364050.5,33.58,-6.31,-65.00,45.00,72.20,f0:2f:74:40:a0:c0
1783364053.5,33.58,-6.31,-66.00,44.00,72.20,f0:2f:74:40:a0:c0
1783364056.5,33.58,-6.31,-66.00,44.00,24.00,f0:2f:74:40:a0:c0
1783364059.5,33.58,-6.31,-65.00,45.00,72.20,f0:2f:74:40:a0:c0
1783364062.5,33.58,-6.31,-66.00,44.00,72.20,f0:2f:74:40:a0:c0
1783364065.5,33.58,-6.31,-66.00,44.00,72.20,f0:2f:74:40:a0:c0
1783364068.5,33.58,-6.31,-66.00,44.00,72.20,f0:2f:74:40:a0:c0
1783364071.5,33.58,-6.31,-66.00,44.00,65.00,f0:2f:74:40:a0:c0
1783364074.5,33.58,-6.31,-66.00,44.00,65.00,f0:2f:74:40:a0:c0
1783364077.5,33.58,-6.31,-66.00,44.00,72.20,f0:2f:74:40:a0:c0
1783364080.5,33.58,-6.31,-66.00,44.00,72.20,f0:2f:74:40:a0:c0
1783364083.5,33.58,-6.31,-65.00,45.00,72.20,f0:2f:74:40:a0:c0
1783364086.5,33.58,-6.31,-65.00,45.00,72.20,f0:2f:74:40:a0:c0
1783364089.5,33.58,-6.31,-65.00,45.00,72.20,f0:2f:74:40:a0:c0
1783364092.5,33.58,-6.31,-65.00,45.00,72.20,f0:2f:74:40:a0:c0
1783364095.5,33.58,-6.31,-65.00,45.00,65.00,f0:2f:74:40:a0:c0
1783364098.5,33.58,-6.31,-65.00,45.00,72.20,f0:2f:74:40:a0:c0
1783364101.5,33.58,-6.31,-65.00,45.00,72.20,f0:2f:74:40:a0:c0
1783364104.5,33.58,-6.31,-65.00,45.00,72.20,f0:2f:74:40:a0:c0
1783364107.5,33.58,-6.31,-65.00,45.00,72.20,f0:2f:74:40:a0:c0
1783364110.5,33.58,-6.31,-65.00,45.00,72.20,f0:2f:74:40:a0:c0
1783364113.5,33.58,-6.31,-65.00,45.00,72.20,f0:2f:74:40:a0:c0
1783364116.5,33.58,-6.31,-65.00,45.00,72.20,f0:2f:74:40:a0:c0
1783364119.5,33.58,-6.31,-65.00,45.00,72.20,f0:2f:74:40:a0:c0
1783364122.5,33.58,-6.31,-65.00,45.00,72.20,f0:2f:74:40:a0:c0
1783364125.5,33.58,-6.31,-65.00,45.00,72.20,f0:2f:74:40:a0:c0
1783364128.5,33.58,-6.31,-65.00,45.00,72.20,f0:2f:74:40:a0:c0
1783364131.5,33.58,-6.31,-65.00,45.00,72.20,f0:2f:74:40:a0:c0
1783364134.5,33.58,-6.31,-65.00,45.00,72.20,f0:2f:74:40:a0:c0
1783364137.5,33.58,-6.31,-65.00,45.00,72.20,f0:2f:74:40:a0:c0
1783364140.5,33.58,-6.31,-65.00,45.00,72.20,f0:2f:74:40:a0:c0
1783364143.5,33.58,-6.31,-66.00,44.00,72.20,f0:2f:74:40:a0:c0
1783364146.5,33.58,-6.31,-65.00,45.00,72.20,f0:2f:74:40:a0:c0
1783364149.5,33.58,-6.31,-66.00,44.00,72.20,f0:2f:74:40:a0:c0
1783364152.5,33.58,-6.31,-66.00,44.00,72.20,f0:2f:74:40:a0:c0
1783364155.5,33.58,-6.31,-66.00,44.00,72.20,f0:2f:74:40:a0:c0
1783364158.5,33.58,-6.31,-66.00,44.00,72.20,f0:2f:74:40:a0:c0
1783364161.5,33.58,-6.31,-65.00,45.00,72.20,f0:2f:74:40:a0:c0
1783364164.5,33.58,-6.31,-66.00,44.00,72.20,f0:2f:74:40:a0:c0
1783364167.5,33.58,-6.31,-66.00,44.00,72.20,f0:2f:74:40:a0:c0
1783364170.5,33.58,-6.31,-66.00,44.00,72.20,f0:2f:74:40:a0:c0
1783364173.5,33.58,-6.31,-66.00,44.00,72.20,f0:2f:74:40:a0:c0
1783364176.5,33.58,-6.31,-66.00,44.00,72.20,f0:2f:74:40:a0:c0
1783364179.5,33.58,-6.31,-66.00,44.00,72.20,f0:2f:74:40:a0:c0
1783364182.5,33.58,-6.31,-66.00,44.00,72.20,f0:2f:74:40:a0:c0
1783364185.5,33.58,-6.31,-66.00,44.00,72.20,f0:2f:74:40:a0:c0
1783364188.5,33.58,-6.31,-66.00,44.00,72.20,f0:2f:74:40:a0:c0
1783364191.5,33.58,-6.31,-67.00,43.00,72.20,f0:2f:74:40:a0:c0
1783364194.5,33.58,-6.31,-66.00,44.00,58.50,f0:2f:74:40:a0:c0
1783364197.5,33.58,-6.31,-66.00,44.00,72.20,f0:2f:74:40:a0:c0
1783364200.5,33.58,-6.31,-66.00,44.00,72.20,f0:2f:74:40:a0:c0
1783364203.5,33.58,-6.31,-66.00,44.00,72.20,f0:2f:74:40:a0:c0
1783364206.5,33.58,-6.31,-66.00,44.00,72.20,f0:2f:74:40:a0:c0
1783364209.5,33.58,-6.31,-66.00,44.00,72.20,f0:2f:74:40:a0:c0
1783364212.5,33.58,-6.31,-66.00,44.00,72.20,f0:2f:74:40:a0:c0
1783364215.5,33.58,-6.31,-66.00,44.00,72.20,f0:2f:74:40:a0:c0
1783364218.5,33.58,-6.31,-65.00,45.00,72.20,f0:2f:74:40:a0:c0
1783364221.5,33.58,-6.31,-66.00,44.00,72.20,f0:2f:74:40:a0:c0
1783364224.5,33.58,-6.31,-66.00,44.00,72.20,f0:2f:74:40:a0:c0
1783364227.5,33.58,-6.31,-66.00,44.00,72.20,f0:2f:74:40:a0:c0
1783364230.5,33.58,-6.31,-66.00,44.00,72.20,f0:2f:74:40:a0:c0
1783364233.5,33.58,-6.31,-66.00,44.00,72.20,f0:2f:74:40:a0:c0
1783364236.5,33.58,-6.31,-66.00,44.00,72.20,f0:2f:74:40:a0:c0
1783364239.5,33.58,-6.31,-67.00,43.00,72.20,f0:2f:74:40:a0:c0
1783364242.5,33.58,-6.31,-66.00,44.00,72.20,f0:2f:74:40:a0:c0
1783364245.5,33.58,-6.31,-66.00,44.00,65.00,f0:2f:74:40:a0:c0
1783364248.5,33.58,-6.31,-66.00,44.00,72.20,f0:2f:74:40:a0:c0
1783364251.5,33.58,-6.31,-66.00,44.00,72.20,f0:2f:74:40:a0:c0
1783364254.5,33.58,-6.31,-66.00,44.00,72.20,f0:2f:74:40:a0:c0
1783364257.5,33.58,-6.31,-66.00,44.00,72.20,f0:2f:74:40:a0:c0
1783364260.5,33.58,-6.31,-66.00,44.00,72.20,f0:2f:74:40:a0:c0
1783364263.5,33.58,-6.31,-66.00,44.00,65.00,f0:2f:74:40:a0:c0
1783364266.5,33.58,-6.31,-66.00,44.00,65.00,f0:2f:74:40:a0:c0
1783364269.5,33.58,-6.31,-66.00,44.00,72.20,f0:2f:74:40:a0:c0
1783364272.5,33.58,-6.31,-66.00,44.00,72.20,f0:2f:74:40:a0:c0
1783364275.5,33.58,-6.31,-66.00,44.00,72.20,f0:2f:74:40:a0:c0
1783364278.5,33.58,-6.31,-66.00,44.00,72.20,f0:2f:74:40:a0:c0
1783364281.5,33.58,-6.31,-67.00,43.00,72.20,f0:2f:74:40:a0:c0
1783364284.5,33.58,-6.31,-66.00,44.00,72.20,f0:2f:74:40:a0:c0
1783364287.5,33.58,-6.31,-66.00,44.00,72.20,f0:2f:74:40:a0:c0
1783364290.5,33.58,-6.31,-67.00,43.00,72.20,f0:2f:74:40:a0:c0
1783364293.5,33.58,-6.31,-66.00,44.00,5.50,f0:2f:74:40:a0:c0
1783364296.5,33.58,-6.31,-65.00,45.00,5.50,f0:2f:74:40:a0:c0
1783364299.5,33.58,-6.31,-67.00,43.00,14.40,f0:2f:74:40:a0:c0
1783364302.5,33.58,-6.31,-66.00,44.00,72.20,f0:2f:74:40:a0:c0
1783364305.5,33.58,-6.31,-66.00,44.00,72.20,f0:2f:74:40:a0:c0
1783364308.5,33.58,-6.31,-65.00,45.00,72.20,f0:2f:74:40:a0:c0
1783364311.5,33.58,-6.31,-66.00,44.00,72.20,f0:2f:74:40:a0:c0
1783364314.5,33.58,-6.31,-66.00,44.00,72.20,f0:2f:74:40:a0:c0
1783364317.5,33.58,-6.31,-66.00,44.00,72.20,f0:2f:74:40:a0:c0
1783364320.5,33.58,-6.31,-67.00,43.00,72.20,f0:2f:74:40:a0:c0
1783364323.5,33.58,-6.31,-67.00,43.00,72.20,f0:2f:74:40:a0:c0
1783364326.5,33.58,-6.31,-67.00,43.00,72.20,f0:2f:74:40:a0:c0
1783364329.5,33.58,-6.31,-67.00,43.00,72.20,f0:2f:74:40:a0:c0
1783364332.5,33.58,-6.31,-67.00,43.00,72.20,f0:2f:74:40:a0:c0
1783364335.5,33.58,-6.31,-68.00,42.00,65.00,f0:2f:74:40:a0:c0
1783364338.5,33.58,-6.31,-67.00,43.00,65.00,f0:2f:74:40:a0:c0
1783364341.5,33.58,-6.31,-67.00,43.00,72.20,f0:2f:74:40:a0:c0
1783364344.5,33.58,-6.31,-67.00,43.00,72.20,f0:2f:74:40:a0:c0
1783364347.5,33.58,-6.31,-66.00,44.00,65.00,f0:2f:74:40:a0:c0
1783364350.5,33.58,-6.31,-66.00,44.00,72.20,f0:2f:74:40:a0:c0
1783364353.5,33.58,-6.31,-66.00,44.00,72.20,f0:2f:74:40:a0:c0
1783364356.5,33.58,-6.31,-66.00,44.00,72.20,f0:2f:74:40:a0:c0
1783364359.5,33.58,-6.31,-66.00,44.00,72.20,f0:2f:74:40:a0:c0
1783364362.5,33.58,-6.31,-66.00,44.00,72.20,f0:2f:74:40:a0:c0
1783364365.5,33.58,-6.31,-66.00,44.00,72.20,f0:2f:74:40:a0:c0
1783364368.5,33.58,-6.31,-66.00,44.00,72.20,f0:2f:74:40:a0:c0
1783364371.5,33.58,-6.31,-66.00,44.00,72.20,f0:2f:74:40:a0:c0
1783364374.5,33.58,-6.31,-66.00,44.00,72.20,f0:2f:74:40:a0:c0
1783364377.5,33.58,-6.31,-66.00,44.00,72.20,f0:2f:74:40:a0:c0
1783364380.5,33.58,-6.31,-66.00,44.00,72.20,f0:2f:74:40:a0:c0
1783364383.5,33.58,-6.31,-67.00,43.00,72.20,f0:2f:74:40:a0:c0
1783364386.5,33.58,-6.31,-66.00,44.00,72.20,f0:2f:74:40:a0:c0
1783364389.5,33.58,-6.31,-66.00,44.00,72.20,f0:2f:74:40:a0:c0
1783364392.5,33.58,-6.31,-66.00,44.00,72.20,f0:2f:74:40:a0:c0
1783364395.5,33.58,-6.31,-66.00,44.00,72.20,f0:2f:74:40:a0:c0
1783364398.5,33.58,-6.31,-65.00,45.00,72.20,f0:2f:74:40:a0:c0
1783364401.5,33.58,-6.31,-66.00,44.00,72.20,f0:2f:74:40:a0:c0
1783364404.5,33.58,-6.31,-66.00,44.00,72.20,f0:2f:74:40:a0:c0
1783364407.5,33.58,-6.31,-66.00,44.00,72.20,f0:2f:74:40:a0:c0
1783364410.5,33.58,-6.31,-67.00,43.00,72.20,f0:2f:74:40:a0:c0
1783364413.5,33.58,-6.31,-67.00,43.00,72.20,f0:2f:74:40:a0:c0
1783364416.5,33.58,-6.31,-67.00,43.00,72.20,f0:2f:74:40:a0:c0
1783364419.5,33.58,-6.31,-66.00,44.00,72.20,f0:2f:74:40:a0:c0
1783364422.5,33.58,-6.31,-66.00,44.00,72.20,f0:2f:74:40:a0:c0
1783364425.5,33.58,-6.31,-67.00,43.00,72.20,f0:2f:74:40:a0:c0
1783364428.5,33.58,-6.31,-66.00,44.00,72.20,f0:2f:74:40:a0:c0
1783364431.5,33.58,-6.31,-66.00,44.00,72.20,f0:2f:74:40:a0:c0
1783364434.5,33.58,-6.31,-66.00,44.00,72.20,f0:2f:74:40:a0:c0
1783364437.5,33.58,-6.31,-66.00,44.00,72.20,f0:2f:74:40:a0:c0
1783364440.5,33.58,-6.31,-67.00,43.00,72.20,f0:2f:74:40:a0:c0
1783364443.5,33.58,-6.31,-65.00,45.00,72.20,f0:2f:74:40:a0:c0
1783364446.5,33.58,-6.31,-66.00,44.00,72.20,f0:2f:74:40:a0:c0
1783364449.5,33.58,-6.31,-66.00,44.00,72.20,f0:2f:74:40:a0:c0
1783364452.5,33.58,-6.31,-66.00,44.00,72.20,f0:2f:74:40:a0:c0
1783364455.5,33.58,-6.31,-66.00,44.00,72.20,f0:2f:74:40:a0:c0
1783364458.5,33.58,-6.31,-66.00,44.00,72.20,f0:2f:74:40:a0:c0
1783364461.5,33.58,-6.31,-65.00,45.00,72.20,f0:2f:74:40:a0:c0
1783364464.5,33.58,-6.31,-66.00,44.00,72.20,f0:2f:74:40:a0:c0
1783364467.5,33.58,-6.31,-66.00,44.00,72.20,f0:2f:74:40:a0:c0
1783364470.5,33.58,-6.31,-66.00,44.00,72.20,f0:2f:74:40:a0:c0
1783364473.5,33.58,-6.31,-66.00,44.00,72.20,f0:2f:74:40:a0:c0
1783364476.5,33.58,-6.31,-66.00,44.00,72.20,f0:2f:74:40:a0:c0
1783364479.5,33.58,-6.31,-65.00,45.00,72.20,f0:2f:74:40:a0:c0
1783364482.5,33.58,-6.31,-65.00,45.00,72.20,f0:2f:74:40:a0:c0
1783364485.5,33.58,-6.31,-66.00,44.00,72.20,f0:2f:74:40:a0:c0
1783364488.5,33.58,-6.31,-65.00,45.00,72.20,f0:2f:74:40:a0:c0
1783364491.5,33.58,-6.31,-65.00,45.00,72.20,f0:2f:74:40:a0:c0
1783364494.5,33.58,-6.31,-67.00,43.00,72.20,f0:2f:74:40:a0:c0
1783364497.5,33.58,-6.31,-66.00,44.00,72.20,f0:2f:74:40:a0:c0
1783364500.5,33.58,-6.31,-66.00,44.00,72.20,f0:2f:74:40:a0:c0
1783364503.5,33.58,-6.31,-65.00,45.00,72.20,f0:2f:74:40:a0:c0
1783364506.5,33.58,-6.31,-64.00,46.00,72.20,f0:2f:74:40:a0:c0
1783364509.5,33.58,-6.31,-65.00,45.00,72.20,f0:2f:74:40:a0:c0
1783364512.5,33.58,-6.31,-65.00,45.00,72.20,f0:2f:74:40:a0:c0
1783364515.5,33.58,-6.31,-65.00,45.00,72.20,f0:2f:74:40:a0:c0
1783364518.5,33.58,-6.31,-66.00,44.00,72.20,f0:2f:74:40:a0:c0
1783364521.5,33.58,-6.31,-66.00,44.00,72.20,f0:2f:74:40:a0:c0
1783364524.5,33.58,-6.31,-65.00,45.00,72.20,f0:2f:74:40:a0:c0
1783364527.5,33.58,-6.31,-65.00,45.00,72.20,f0:2f:74:40:a0:c0
1783364530.5,33.58,-6.31,-65.00,45.00,72.20,f0:2f:74:40:a0:c0
1783364533.5,33.58,-6.31,-64.00,46.00,72.20,f0:2f:74:40:a0:c0
1783364536.5,33.58,-6.31,-65.00,45.00,72.20,f0:2f:74:40:a0:c0
1783364539.5,33.58,-6.31,-65.00,45.00,72.20,f0:2f:74:40:a0:c0
1783364542.5,33.58,-6.31,-65.00,45.00,72.20,f0:2f:74:40:a0:c0
1783364545.5,33.58,-6.31,-66.00,44.00,72.20,f0:2f:74:40:a0:c0
1783364548.5,33.58,-6.31,-65.00,45.00,72.20,f0:2f:74:40:a0:c0
1783364551.5,33.58,-6.31,-66.00,44.00,72.20,f0:2f:74:40:a0:c0
1783364554.5,33.58,-6.31,-65.00,45.00,72.20,f0:2f:74:40:a0:c0
1783364557.5,33.58,-6.31,-66.00,44.00,72.20,f0:2f:74:40:a0:c0
1783364560.5,33.58,-6.31,-65.00,45.00,72.20,f0:2f:74:40:a0:c0
1783364563.5,33.58,-6.31,-65.00,45.00,72.20,f0:2f:74:40:a0:c0
1783364566.5,33.58,-6.31,-65.00,45.00,72.20,f0:2f:74:40:a0:c0
1783364569.5,33.58,-6.31,-64.00,46.00,72.20,f0:2f:74:40:a0:c0
1783364572.5,33.58,-6.31,-65.00,45.00,72.20,f0:2f:74:40:a0:c0
1783364575.5,33.58,-6.31,-65.00,45.00,72.20,f0:2f:74:40:a0:c0
1783364578.5,33.58,-6.31,-65.00,45.00,72.20,f0:2f:74:40:a0:c0
1783364581.5,33.58,-6.31,-65.00,45.00,72.20,f0:2f:74:40:a0:c0
1783364584.5,33.58,-6.31,-65.00,45.00,72.20,f0:2f:74:40:a0:c0
1783364587.5,33.58,-6.31,-65.00,45.00,72.20,f0:2f:74:40:a0:c0
1783364590.5,33.58,-6.31,-64.00,46.00,72.20,f0:2f:74:40:a0:c0
1783364593.5,33.58,-6.31,-65.00,45.00,72.20,f0:2f:74:40:a0:c0
1783364596.5,33.58,-6.31,-64.00,46.00,72.20,f0:2f:74:40:a0:c0
1783364599.5,33.58,-6.31,-65.00,45.00,72.20,f0:2f:74:40:a0:c0
1783364602.5,33.58,-6.31,-65.00,45.00,72.20,f0:2f:74:40:a0:c0
1783364605.5,33.58,-6.31,-65.00,45.00,72.20,f0:2f:74:40:a0:c0
1783364608.5,33.58,-6.31,-65.00,45.00,72.20,f0:2f:74:40:a0:c0
1783364611.5,33.58,-6.31,-65.00,45.00,72.20,f0:2f:74:40:a0:c0
1783364614.5,33.58,-6.31,-65.00,45.00,72.20,f0:2f:74:40:a0:c0
1783364617.5,33.58,-6.31,-65.00,45.00,72.20,f0:2f:74:40:a0:c0
1783364620.5,33.58,-6.31,-65.00,45.00,72.20,f0:2f:74:40:a0:c0
1783364623.5,33.58,-6.31,-65.00,45.00,72.20,f0:2f:74:40:a0:c0
1783364626.5,33.58,-6.31,-65.00,45.00,72.20,f0:2f:74:40:a0:c0
1783364629.5,33.58,-6.31,-65.00,45.00,72.20,f0:2f:74:40:a0:c0
1783364632.5,33.58,-6.31,-65.00,45.00,72.20,f0:2f:74:40:a0:c0
1783364635.5,33.58,-6.31,-65.00,45.00,72.20,f0:2f:74:40:a0:c0
1783364638.5,33.58,-6.31,-65.00,45.00,65.00,f0:2f:74:40:a0:c0
1783364641.5,33.58,-6.31,-65.00,45.00,72.20,f0:2f:74:40:a0:c0
1783364644.5,33.58,-6.31,-65.00,45.00,72.20,f0:2f:74:40:a0:c0
1783364647.5,33.58,-6.31,-65.00,45.00,72.20,f0:2f:74:40:a0:c0
1783364650.5,33.58,-6.31,-65.00,45.00,72.20,f0:2f:74:40:a0:c0
1783364653.5,33.58,-6.31,-65.00,45.00,72.20,f0:2f:74:40:a0:c0
1783364656.5,33.58,-6.31,-65.00,45.00,72.20,f0:2f:74:40:a0:c0
1783364659.5,33.58,-6.31,-65.00,45.00,72.20,f0:2f:74:40:a0:c0
1783364662.5,33.58,-6.31,-65.00,45.00,72.20,f0:2f:74:40:a0:c0
1783364665.5,33.58,-6.31,-65.00,45.00,72.20,f0:2f:74:40:a0:c0
1783364668.5,33.58,-6.31,-65.00,45.00,72.20,f0:2f:74:40:a0:c0
1783364671.5,33.58,-6.31,-65.00,45.00,72.20,f0:2f:74:40:a0:c0
1783364674.5,33.58,-6.31,-65.00,45.00,72.20,f0:2f:74:40:a0:c0
1783364677.5,33.58,-6.31,-65.00,45.00,72.20,f0:2f:74:40:a0:c0
1783364680.5,33.58,-6.31,-65.00,45.00,72.20,f0:2f:74:40:a0:c0
1783364683.5,33.58,-6.31,-65.00,45.00,72.20,f0:2f:74:40:a0:c0
1783364686.5,33.58,-6.31,-65.00,45.00,72.20,f0:2f:74:40:a0:c0
1783364689.5,33.58,-6.31,-65.00,45.00,72.20,f0:2f:74:40:a0:c0
1783364692.5,33.58,-6.31,-65.00,45.00,72.20,f0:2f:74:40:a0:c0
1783364695.5,33.58,-6.31,-65.00,45.00,72.20,f0:2f:74:40:a0:c0
1783364698.5,33.58,-6.31,-65.00,45.00,72.20,f0:2f:74:40:a0:c0
1783364701.5,33.58,-6.31,-65.00,45.00,72.20,f0:2f:74:40:a0:c0
1783364704.5,33.58,-6.31,-66.00,44.00,72.20,f0:2f:74:40:a0:c0
1783364707.5,33.58,-6.31,-66.00,44.00,72.20,f0:2f:74:40:a0:c0
1783364710.5,33.58,-6.31,-65.00,45.00,72.20,f0:2f:74:40:a0:c0
1783364713.5,33.58,-6.31,-65.00,45.00,72.20,f0:2f:74:40:a0:c0
1783364716.5,33.58,-6.31,-65.00,45.00,72.20,f0:2f:74:40:a0:c0
1783364719.5,33.58,-6.31,-65.00,45.00,72.20,f0:2f:74:40:a0:c0
1783364722.5,33.58,-6.31,-65.00,45.00,72.20,f0:2f:74:40:a0:c0
1783364725.5,33.58,-6.31,-65.00,45.00,72.20,f0:2f:74:40:a0:c0
1783364728.5,33.58,-6.31,-65.00,45.00,72.20,f0:2f:74:40:a0:c0
1783364731.5,33.58,-6.31,-65.00,45.00,72.20,f0:2f:74:40:a0:c0
1783364734.5,33.58,-6.31,-65.00,45.00,72.20,f0:2f:74:40:a0:c0
1783364737.5,33.58,-6.31,-65.00,45.00,72.20,f0:2f:74:40:a0:c0
1783364740.5,33.58,-6.31,-65.00,45.00,72.20,f0:2f:74:40:a0:c0
1783364743.5,33.58,-6.31,-65.00,45.00,72.20,f0:2f:74:40:a0:c0
1783364746.5,33.58,-6.31,-66.00,44.00,72.20,f0:2f:74:40:a0:c0
1783364749.5,33.58,-6.31,-65.00,45.00,72.20,f0:2f:74:40:a0:c0
1783364752.5,33.58,-6.31,-65.00,45.00,72.20,f0:2f:74:40:a0:c0
1783364755.5,33.58,-6.31,-65.00,45.00,72.20,f0:2f:74:40:a0:c0
1783364758.5,33.58,-6.31,-65.00,45.00,72.20,f0:2f:74:40:a0:c0
1783364761.5,33.58,-6.31,-66.00,44.00,72.20,f0:2f:74:40:a0:c0
1783364764.5,33.58,-6.31,-65.00,45.00,72.20,f0:2f:74:40:a0:c0
1783364767.5,33.58,-6.31,-65.00,45.00,72.20,f0:2f:74:40:a0:c0
1783364770.5,33.58,-6.31,-66.00,44.00,72.20,f0:2f:74:40:a0:c0
1783364773.5,33.58,-6.31,-66.00,44.00,19.50,f0:2f:74:40:a0:c0
1783364776.7,33.58,-6.31,-65.00,45.00,6.50,f0:2f:74:40:a0:c0
1783364779.5,33.58,-6.31,-65.00,45.00,5.50,f0:2f:74:40:a0:c0
1783364782.5,33.58,-6.31,-65.00,45.00,28.80,f0:2f:74:40:a0:c0
1783364785.5,33.58,-6.31,-66.00,44.00,72.20,f0:2f:74:40:a0:c0
1783364788.5,33.58,-6.31,-66.00,44.00,72.20,f0:2f:74:40:a0:c0
1783364791.5,33.58,-6.31,-66.00,44.00,72.20,f0:2f:74:40:a0:c0
1783364794.5,33.58,-6.31,-65.00,45.00,72.20,f0:2f:74:40:a0:c0
1783364797.5,33.58,-6.31,-66.00,44.00,72.20,f0:2f:74:40:a0:c0
1783364800.5,33.58,-6.31,-66.00,44.00,72.20,f0:2f:74:40:a0:c0
1783364803.5,33.58,-6.31,-66.00,44.00,72.20,f0:2f:74:40:a0:c0
1783364806.5,33.58,-6.31,-66.00,44.00,72.20,f0:2f:74:40:a0:c0
1783364809.5,33.58,-6.31,-65.00,45.00,72.20,f0:2f:74:40:a0:c0
1783364812.5,33.58,-6.31,-65.00,45.00,72.20,f0:2f:74:40:a0:c0
1783364815.5,33.58,-6.31,-65.00,45.00,72.20,f0:2f:74:40:a0:c0
1783364818.5,33.58,-6.31,-65.00,45.00,72.20,f0:2f:74:40:a0:c0
1783364821.5,33.58,-6.31,-65.00,45.00,72.20,f0:2f:74:40:a0:c0
1783364824.5,33.58,-6.31,-66.00,44.00,72.20,f0:2f:74:40:a0:c0
1783364827.5,33.58,-6.31,-65.00,45.00,72.20,f0:2f:74:40:a0:c0
1783364830.5,33.58,-6.31,-65.00,45.00,72.20,f0:2f:74:40:a0:c0
1783364833.7,33.58,-6.31,-70.00,40.00,13.00,f0:2f:74:40:a0:c0
1783364836.5,33.58,-6.31,-69.00,41.00,5.50,f0:2f:74:40:a0:c0
1783364839.5,33.58,-6.31,-65.00,45.00,6.50,f0:2f:74:40:a0:c0
1783364842.5,33.58,-6.31,-65.00,45.00,72.20,f0:2f:74:40:a0:c0
1783364845.5,33.58,-6.31,-65.00,45.00,72.20,f0:2f:74:40:a0:c0
1783364848.5,33.58,-6.31,-66.00,44.00,72.20,f0:2f:74:40:a0:c0
1783364851.5,33.58,-6.31,-65.00,45.00,72.20,f0:2f:74:40:a0:c0
1783364854.5,33.58,-6.31,-65.00,45.00,72.20,f0:2f:74:40:a0:c0
1783364857.5,33.58,-6.31,-65.00,45.00,72.20,f0:2f:74:40:a0:c0
1783364860.5,33.58,-6.31,-66.00,44.00,72.20,f0:2f:74:40:a0:c0
1783364863.5,33.58,-6.31,-66.00,44.00,72.20,f0:2f:74:40:a0:c0
1783364866.5,33.58,-6.31,-65.00,45.00,72.20,f0:2f:74:40:a0:c0
1783364869.5,33.58,-6.31,-65.00,45.00,72.20,f0:2f:74:40:a0:c0
1783364872.5,33.58,-6.31,-65.00,45.00,72.20,f0:2f:74:40:a0:c0
1783364875.5,33.58,-6.31,-65.00,45.00,72.20,f0:2f:74:40:a0:c0
1783364878.5,33.58,-6.31,-65.00,45.00,72.20,f0:2f:74:40:a0:c0
1783364881.5,33.58,-6.31,-65.00,45.00,72.20,f0:2f:74:40:a0:c0
1783364884.5,33.58,-6.31,-65.00,45.00,72.20,f0:2f:74:40:a0:c0
1783364887.5,33.58,-6.31,-65.00,45.00,72.20,f0:2f:74:40:a0:c0
1783364890.5,33.58,-6.31,-65.00,45.00,72.20,f0:2f:74:40:a0:c0
1783364893.5,33.58,-6.31,-65.00,45.00,72.20,f0:2f:74:40:a0:c0
1783364896.5,33.58,-6.31,-65.00,45.00,72.20,f0:2f:74:40:a0:c0
1783364899.5,33.58,-6.31,-65.00,45.00,72.20,f0:2f:74:40:a0:c0
1783364902.5,33.58,-6.31,-65.00,45.00,72.20,f0:2f:74:40:a0:c0
1783364905.5,33.58,-6.31,-65.00,45.00,72.20,f0:2f:74:40:a0:c0
1783364908.5,33.58,-6.31,-65.00,45.00,72.20,f0:2f:74:40:a0:c0
1783364911.5,33.58,-6.31,-65.00,45.00,72.20,f0:2f:74:40:a0:c0
1783364914.5,33.58,-6.31,-65.00,45.00,72.20,f0:2f:74:40:a0:c0
1783364917.5,33.58,-6.31,-65.00,45.00,72.20,f0:2f:74:40:a0:c0
1783364920.5,33.58,-6.31,-66.00,44.00,72.20,f0:2f:74:40:a0:c0
1783364923.5,33.58,-6.31,-66.00,44.00,72.20,f0:2f:74:40:a0:c0
1783364926.5,33.58,-6.31,-66.00,44.00,72.20,f0:2f:74:40:a0:c0
1783364929.5,33.58,-6.31,-65.00,45.00,72.20,f0:2f:74:40:a0:c0
1783364932.5,33.58,-6.31,-65.00,45.00,72.20,f0:2f:74:40:a0:c0
1783364935.5,33.58,-6.31,-65.00,45.00,72.20,f0:2f:74:40:a0:c0
1783364938.5,33.58,-6.31,-65.00,45.00,72.20,f0:2f:74:40:a0:c0
1783364941.5,33.58,-6.31,-65.00,45.00,72.20,f0:2f:74:40:a0:c0
1783364944.5,33.58,-6.31,-66.00,44.00,72.20,f0:2f:74:40:a0:c0
1783364947.5,33.58,-6.31,-65.00,45.00,72.20,f0:2f:74:40:a0:c0
1783364950.5,33.58,-6.31,-65.00,45.00,72.20,f0:2f:74:40:a0:c0
1783364953.5,33.58,-6.31,-65.00,45.00,72.20,f0:2f:74:40:a0:c0
1783364956.5,33.58,-6.31,-65.00,45.00,72.20,f0:2f:74:40:a0:c0
1783364959.5,33.58,-6.31,-65.00,45.00,72.20,f0:2f:74:40:a0:c0
1783364962.5,33.58,-6.31,-65.00,45.00,72.20,f0:2f:74:40:a0:c0
1783364965.5,33.58,-6.31,-65.00,45.00,72.20,f0:2f:74:40:a0:c0
1783364968.5,33.58,-6.31,-65.00,45.00,72.20,f0:2f:74:40:a0:c0
1783364971.5,33.58,-6.31,-65.00,45.00,72.20,f0:2f:74:40:a0:c0
1783364974.5,33.58,-6.31,-65.00,45.00,72.20,f0:2f:74:40:a0:c0
1783364977.5,33.58,-6.31,-65.00,45.00,72.20,f0:2f:74:40:a0:c0
1783364980.5,33.58,-6.31,-65.00,45.00,72.20,f0:2f:74:40:a0:c0
1783364983.5,33.58,-6.31,-65.00,45.00,72.20,f0:2f:74:40:a0:c0
1783364986.5,33.58,-6.31,-66.00,44.00,72.20,f0:2f:74:40:a0:c0
1783364989.5,33.58,-6.31,-65.00,45.00,72.20,f0:2f:74:40:a0:c0
1783364992.5,33.58,-6.31,-65.00,45.00,72.20,f0:2f:74:40:a0:c0
1783364995.5,33.58,-6.31,-65.00,45.00,72.20,f0:2f:74:40:a0:c0
1783364998.5,33.58,-6.31,-66.00,44.00,72.20,f0:2f:74:40:a0:c0
1783365001.5,33.58,-6.31,-66.00,44.00,72.20,f0:2f:74:40:a0:c0
1783365004.5,33.58,-6.31,-66.00,44.00,72.20,f0:2f:74:40:a0:c0
1783365007.5,33.58,-6.31,-65.00,45.00,72.20,f0:2f:74:40:a0:c0
1783365010.5,33.58,-6.31,-65.00,45.00,72.20,f0:2f:74:40:a0:c0
1783365013.5,33.58,-6.31,-66.00,44.00,72.20,f0:2f:74:40:a0:c0
1783365016.5,33.58,-6.31,-65.00,45.00,72.20,f0:2f:74:40:a0:c0
1783365019.5,33.58,-6.31,-65.00,45.00,72.20,f0:2f:74:40:a0:c0
1783365022.5,33.58,-6.31,-65.00,45.00,72.20,f0:2f:74:40:a0:c0
1783365025.5,33.58,-6.31,-65.00,45.00,72.20,f0:2f:74:40:a0:c0
1783365028.5,33.58,-6.31,-65.00,45.00,72.20,f0:2f:74:40:a0:c0
1783365031.5,33.58,-6.31,-66.00,44.00,72.20,f0:2f:74:40:a0:c0
1783365034.5,33.58,-6.31,-65.00,45.00,72.20,f0:2f:74:40:a0:c0
1783365037.5,33.58,-6.31,-66.00,44.00,72.20,f0:2f:74:40:a0:c0
1783365040.5,33.58,-6.31,-65.00,45.00,72.20,f0:2f:74:40:a0:c0
1783365043.5,33.58,-6.31,-65.00,45.00,72.20,f0:2f:74:40:a0:c0
1783365046.5,33.58,-6.31,-66.00,44.00,72.20,f0:2f:74:40:a0:c0
1783365049.5,33.58,-6.31,-65.00,45.00,72.20,f0:2f:74:40:a0:c0
1783365052.5,33.58,-6.31,-65.00,45.00,72.20,f0:2f:74:40:a0:c0
1783365055.5,33.58,-6.31,-66.00,44.00,72.20,f0:2f:74:40:a0:c0
1783365058.5,33.58,-6.31,-65.00,45.00,72.20,f0:2f:74:40:a0:c0
1783365061.5,33.58,-6.31,-65.00,45.00,72.20,f0:2f:74:40:a0:c0
1783365064.5,33.58,-6.31,-65.00,45.00,72.20,f0:2f:74:40:a0:c0
1783365067.5,33.58,-6.31,-65.00,45.00,72.20,f0:2f:74:40:a0:c0
1783365070.5,33.58,-6.31,-65.00,45.00,72.20,f0:2f:74:40:a0:c0
1783365073.5,33.58,-6.31,-64.00,46.00,72.20,f0:2f:74:40:a0:c0
1783365076.5,33.58,-6.31,-64.00,46.00,72.20,f0:2f:74:40:a0:c0
1783365079.5,33.58,-6.31,-64.00,46.00,72.20,f0:2f:74:40:a0:c0
1783365082.5,33.58,-6.31,-65.00,45.00,72.20,f0:2f:74:40:a0:c0
1783365085.5,33.58,-6.31,-64.00,46.00,72.20,f0:2f:74:40:a0:c0
1783365088.5,33.58,-6.31,-65.00,45.00,72.20,f0:2f:74:40:a0:c0
1783365091.5,33.58,-6.31,-65.00,45.00,72.20,f0:2f:74:40:a0:c0
1783365094.5,33.58,-6.31,-65.00,45.00,72.20,f0:2f:74:40:a0:c0
1783365097.5,33.58,-6.31,-65.00,45.00,72.20,f0:2f:74:40:a0:c0
1783365100.5,33.58,-6.31,-65.00,45.00,72.20,f0:2f:74:40:a0:c0
1783365103.5,33.58,-6.31,-65.00,45.00,72.20,f0:2f:74:40:a0:c0
1783365106.5,33.58,-6.31,-65.00,45.00,72.20,f0:2f:74:40:a0:c0
1783365109.5,33.58,-6.31,-65.00,45.00,72.20,f0:2f:74:40:a0:c0
1783365112.5,33.58,-6.31,-65.00,45.00,72.20,f0:2f:74:40:a0:c0
1783365115.5,33.58,-6.31,-65.00,45.00,72.20,f0:2f:74:40:a0:c0
1783365118.5,33.58,-6.31,-65.00,45.00,72.20,f0:2f:74:40:a0:c0
1783365121.5,33.58,-6.31,-65.00,45.00,72.20,f0:2f:74:40:a0:c0
1783365124.5,33.58,-6.31,-65.00,45.00,72.20,f0:2f:74:40:a0:c0
1783365127.5,33.58,-6.31,-65.00,45.00,72.20,f0:2f:74:40:a0:c0
1783365130.5,33.58,-6.31,-64.00,46.00,72.20,f0:2f:74:40:a0:c0
1783365133.5,33.58,-6.31,-65.00,45.00,72.20,f0:2f:74:40:a0:c0
1783365136.5,33.58,-6.31,-65.00,45.00,72.20,f0:2f:74:40:a0:c0
1783365139.5,33.58,-6.31,-65.00,45.00,72.20,f0:2f:74:40:a0:c0
1783365142.5,33.58,-6.31,-65.00,45.00,72.20,f0:2f:74:40:a0:c0
1783365145.5,33.58,-6.31,-65.00,45.00,72.20,f0:2f:74:40:a0:c0
1783365148.5,33.58,-6.31,-65.00,45.00,72.20,f0:2f:74:40:a0:c0
1783365151.5,33.58,-6.31,-65.00,45.00,72.20,f0:2f:74:40:a0:c0
1783365154.5,33.58,-6.31,-65.00,45.00,72.20,f0:2f:74:40:a0:c0
1783365157.5,33.58,-6.31,-65.00,45.00,72.20,f0:2f:74:40:a0:c0
1783365160.5,33.58,-6.31,-65.00,45.00,72.20,f0:2f:74:40:a0:c0
1783365163.5,33.58,-6.31,-65.00,45.00,72.20,f0:2f:74:40:a0:c0
1783365166.5,33.58,-6.31,-65.00,45.00,72.20,f0:2f:74:40:a0:c0
1783365169.5,33.58,-6.31,-65.00,45.00,72.20,f0:2f:74:40:a0:c0
1783365172.5,33.58,-6.31,-65.00,45.00,72.20,f0:2f:74:40:a0:c0
1783365175.5,33.58,-6.31,-65.00,45.00,72.20,f0:2f:74:40:a0:c0
1783365178.5,33.58,-6.31,-65.00,45.00,72.20,f0:2f:74:40:a0:c0
1783365181.5,33.58,-6.31,-65.00,45.00,72.20,f0:2f:74:40:a0:c0
1783365184.5,33.58,-6.31,-65.00,45.00,72.20,f0:2f:74:40:a0:c0
1783365187.5,33.58,-6.31,-66.00,44.00,72.20,f0:2f:74:40:a0:c0
1783365190.5,33.58,-6.31,-65.00,45.00,72.20,f0:2f:74:40:a0:c0
1783365193.5,33.58,-6.31,-65.00,45.00,72.20,f0:2f:74:40:a0:c0
1783365196.5,33.58,-6.31,-65.00,45.00,72.20,f0:2f:74:40:a0:c0
1783365199.5,33.58,-6.31,-65.00,45.00,72.20,f0:2f:74:40:a0:c0
1783365202.5,33.58,-6.31,-65.00,45.00,72.20,f0:2f:74:40:a0:c0
1783365205.5,33.58,-6.31,-65.00,45.00,72.20,f0:2f:74:40:a0:c0
1783365208.5,33.58,-6.31,-65.00,45.00,72.20,f0:2f:74:40:a0:c0
1783365211.5,33.58,-6.31,-65.00,45.00,72.20,f0:2f:74:40:a0:c0
1783365214.5,33.58,-6.31,-65.00,45.00,72.20,f0:2f:74:40:a0:c0
1783365217.5,33.58,-6.31,-65.00,45.00,72.20,f0:2f:74:40:a0:c0
1783365220.5,33.58,-6.31,-65.00,45.00,72.20,f0:2f:74:40:a0:c0
1783365223.5,33.58,-6.31,-65.00,45.00,72.20,f0:2f:74:40:a0:c0
1783365226.5,33.58,-6.31,-65.00,45.00,72.20,f0:2f:74:40:a0:c0
1783365229.5,33.58,-6.31,-65.00,45.00,72.20,f0:2f:74:40:a0:c0
1783365232.5,33.58,-6.31,-65.00,45.00,72.20,f0:2f:74:40:a0:c0
1783365235.5,33.58,-6.31,-65.00,45.00,72.20,f0:2f:74:40:a0:c0
1783365238.5,33.58,-6.31,-65.00,45.00,72.20,f0:2f:74:40:a0:c0
1783365241.5,33.58,-6.31,-65.00,45.00,72.20,f0:2f:74:40:a0:c0
1783365244.5,33.58,-6.31,-65.00,45.00,72.20,f0:2f:74:40:a0:c0
1783365247.5,33.58,-6.31,-65.00,45.00,72.20,f0:2f:74:40:a0:c0
1783365250.5,33.58,-6.31,-65.00,45.00,72.20,f0:2f:74:40:a0:c0
1783365253.5,33.58,-6.31,-68.00,42.00,39.00,f0:2f:74:40:a0:c0
1783365256.5,33.58,-6.31,-70.00,40.00,5.50,f0:2f:74:40:a0:c0
1783365259.5,33.58,-6.31,-70.00,40.00,6.50,f0:2f:74:40:a0:c0
1783365262.5,33.58,-6.31,-66.00,44.00,21.60,f0:2f:74:40:a0:c0
1783365265.5,33.58,-6.31,-65.00,45.00,72.20,f0:2f:74:40:a0:c0
1783365268.5,33.58,-6.31,-65.00,45.00,72.20,f0:2f:74:40:a0:c0
1783365271.5,33.58,-6.31,-65.00,45.00,72.20,f0:2f:74:40:a0:c0
1783365274.5,33.58,-6.31,-65.00,45.00,72.20,f0:2f:74:40:a0:c0
1783365277.5,33.58,-6.31,-65.00,45.00,72.20,f0:2f:74:40:a0:c0
1783365280.5,33.58,-6.31,-65.00,45.00,72.20,f0:2f:74:40:a0:c0
1783365283.5,33.58,-6.31,-65.00,45.00,72.20,f0:2f:74:40:a0:c0
1783365286.5,33.58,-6.31,-65.00,45.00,72.20,f0:2f:74:40:a0:c0
1783365289.5,33.58,-6.31,-65.00,45.00,72.20,f0:2f:74:40:a0:c0
1783365292.5,33.58,-6.31,-65.00,45.00,72.20,f0:2f:74:40:a0:c0
1783365295.5,33.58,-6.31,-65.00,45.00,72.20,f0:2f:74:40:a0:c0
1783365298.5,33.58,-6.31,-65.00,45.00,72.20,f0:2f:74:40:a0:c0
1783365301.5,33.58,-6.31,-65.00,45.00,72.20,f0:2f:74:40:a0:c0
1783365304.5,33.58,-6.31,-65.00,45.00,72.20,f0:2f:74:40:a0:c0
1783365307.5,33.58,-6.31,-65.00,45.00,72.20,f0:2f:74:40:a0:c0
1783365310.5,33.58,-6.31,-65.00,45.00,72.20,f0:2f:74:40:a0:c0
1783365313.5,33.58,-6.31,-65.00,45.00,72.20,f0:2f:74:40:a0:c0
1783365316.5,33.58,-6.31,-65.00,45.00,72.20,f0:2f:74:40:a0:c0
1783365319.5,33.58,-6.31,-64.00,46.00,72.20,f0:2f:74:40:a0:c0
1783365322.5,33.58,-6.31,-64.00,46.00,72.20,f0:2f:74:40:a0:c0
1783365325.5,33.58,-6.31,-64.00,46.00,72.20,f0:2f:74:40:a0:c0
1783365328.5,33.58,-6.31,-64.00,46.00,72.20,f0:2f:74:40:a0:c0
1783365331.5,33.58,-6.31,-65.00,45.00,72.20,f0:2f:74:40:a0:c0
1783365334.5,33.58,-6.31,-65.00,45.00,72.20,f0:2f:74:40:a0:c0
1783365337.5,33.58,-6.31,-65.00,45.00,72.20,f0:2f:74:40:a0:c0
1783365340.5,33.58,-6.31,-65.00,45.00,72.20,f0:2f:74:40:a0:c0
1783365343.5,33.58,-6.31,-64.00,46.00,72.20,f0:2f:74:40:a0:c0
1783365346.5,33.58,-6.31,-65.00,45.00,72.20,f0:2f:74:40:a0:c0
1783365349.5,33.58,-6.31,-64.00,46.00,72.20,f0:2f:74:40:a0:c0
1783365352.5,33.58,-6.31,-65.00,45.00,72.20,f0:2f:74:40:a0:c0
1783365355.5,33.58,-6.31,-64.00,46.00,72.20,f0:2f:74:40:a0:c0
1783365358.5,33.58,-6.31,-65.00,45.00,72.20,f0:2f:74:40:a0:c0
1783365361.5,33.58,-6.31,-65.00,45.00,72.20,f0:2f:74:40:a0:c0
1783365364.5,33.58,-6.31,-64.00,46.00,72.20,f0:2f:74:40:a0:c0
1783365367.5,33.58,-6.31,-64.00,46.00,72.20,f0:2f:74:40:a0:c0
1783365370.5,33.58,-6.31,-64.00,46.00,72.20,f0:2f:74:40:a0:c0
1783365373.5,33.58,-6.31,-64.00,46.00,72.20,f0:2f:74:40:a0:c0
1783365376.5,33.58,-6.31,-64.00,46.00,65.00,f0:2f:74:40:a0:c0
1783365379.5,33.58,-6.31,-65.00,45.00,72.20,f0:2f:74:40:a0:c0
1783365382.5,33.58,-6.31,-65.00,45.00,72.20,f0:2f:74:40:a0:c0
1783365385.5,33.58,-6.31,-65.00,45.00,72.20,f0:2f:74:40:a0:c0
1783365388.5,33.58,-6.31,-65.00,45.00,72.20,f0:2f:74:40:a0:c0
1783365391.5,33.58,-6.31,-65.00,45.00,72.20,f0:2f:74:40:a0:c0
1783365394.5,33.58,-6.31,-64.00,46.00,72.20,f0:2f:74:40:a0:c0
1783365397.5,33.58,-6.31,-64.00,46.00,72.20,f0:2f:74:40:a0:c0
1783365400.5,33.58,-6.31,-65.00,45.00,72.20,f0:2f:74:40:a0:c0
1783365403.5,33.58,-6.31,-65.00,45.00,72.20,f0:2f:74:40:a0:c0
1783365406.5,33.58,-6.31,-64.00,46.00,72.20,f0:2f:74:40:a0:c0
1783365409.5,33.58,-6.31,-64.00,46.00,65.00,f0:2f:74:40:a0:c0
1783365412.5,33.58,-6.31,-64.00,46.00,65.00,f0:2f:74:40:a0:c0
1783365415.5,33.58,-6.31,-64.00,46.00,72.20,f0:2f:74:40:a0:c0
1783365418.5,33.58,-6.31,-64.00,46.00,72.20,f0:2f:74:40:a0:c0
1783365421.5,33.58,-6.31,-64.00,46.00,72.20,f0:2f:74:40:a0:c0
1783365424.5,33.58,-6.31,-64.00,46.00,72.20,f0:2f:74:40:a0:c0
1783365427.5,33.58,-6.31,-64.00,46.00,72.20,f0:2f:74:40:a0:c0
1783365430.5,33.58,-6.31,-65.00,45.00,72.20,f0:2f:74:40:a0:c0
1783365433.5,33.58,-6.31,-64.00,46.00,72.20,f0:2f:74:40:a0:c0
1783365436.5,33.58,-6.31,-65.00,45.00,72.20,f0:2f:74:40:a0:c0
1783365439.5,33.58,-6.31,-64.00,46.00,72.20,f0:2f:74:40:a0:c0
1783365442.5,33.58,-6.31,-64.00,46.00,72.20,f0:2f:74:40:a0:c0
1783365445.5,33.58,-6.31,-65.00,45.00,72.20,f0:2f:74:40:a0:c0
1783365448.5,33.58,-6.31,-64.00,46.00,72.20,f0:2f:74:40:a0:c0
1783365451.5,33.58,-6.31,-64.00,46.00,72.20,f0:2f:74:40:a0:c0
1783365454.5,33.58,-6.31,-64.00,46.00,72.20,f0:2f:74:40:a0:c0
1783365457.5,33.58,-6.31,-64.00,46.00,72.20,f0:2f:74:40:a0:c0
1783365460.5,33.58,-6.31,-64.00,46.00,72.20,f0:2f:74:40:a0:c0
1783365463.5,33.58,-6.31,-64.00,46.00,72.20,f0:2f:74:40:a0:c0
1783365466.5,33.58,-6.31,-64.00,46.00,72.20,f0:2f:74:40:a0:c0
1783365469.5,33.58,-6.31,-64.00,46.00,72.20,f0:2f:74:40:a0:c0
1783365472.5,33.58,-6.31,-64.00,46.00,72.20,f0:2f:74:40:a0:c0
1783365475.5,33.58,-6.31,-64.00,46.00,72.20,f0:2f:74:40:a0:c0
1783365478.5,33.58,-6.31,-64.00,46.00,72.20,f0:2f:74:40:a0:c0
1783365481.5,33.58,-6.31,-64.00,46.00,72.20,f0:2f:74:40:a0:c0
1783365484.5,33.58,-6.31,-64.00,46.00,72.20,f0:2f:74:40:a0:c0
1783365487.5,33.58,-6.31,-64.00,46.00,72.20,f0:2f:74:40:a0:c0
1783365490.5,33.58,-6.31,-64.00,46.00,72.20,f0:2f:74:40:a0:c0
1783365493.5,33.58,-6.31,-64.00,46.00,72.20,f0:2f:74:40:a0:c0
1783365496.5,33.58,-6.31,-64.00,46.00,72.20,f0:2f:74:40:a0:c0
1783365499.5,33.58,-6.31,-65.00,45.00,72.20,f0:2f:74:40:a0:c0
1783365502.5,33.58,-6.31,-65.00,45.00,72.20,f0:2f:74:40:a0:c0
1783365505.5,33.58,-6.31,-64.00,46.00,72.20,f0:2f:74:40:a0:c0
1783365508.5,33.58,-6.31,-64.00,46.00,72.20,f0:2f:74:40:a0:c0
1783365511.5,33.58,-6.31,-64.00,46.00,72.20,f0:2f:74:40:a0:c0
1783365514.5,33.58,-6.31,-64.00,46.00,72.20,f0:2f:74:40:a0:c0
1783365517.5,33.58,-6.31,-64.00,46.00,72.20,f0:2f:74:40:a0:c0
1783365520.5,33.58,-6.31,-64.00,46.00,72.20,f0:2f:74:40:a0:c0
1783365523.5,33.58,-6.31,-65.00,45.00,72.20,f0:2f:74:40:a0:c0
1783365526.5,33.58,-6.31,-64.00,46.00,72.20,f0:2f:74:40:a0:c0
1783365529.5,33.58,-6.31,-64.00,46.00,72.20,f0:2f:74:40:a0:c0
1783365532.5,33.58,-6.31,-65.00,45.00,72.20,f0:2f:74:40:a0:c0
1783365535.5,33.58,-6.31,-64.00,46.00,72.20,f0:2f:74:40:a0:c0
1783365538.5,33.58,-6.31,-64.00,46.00,72.20,f0:2f:74:40:a0:c0
1783365541.5,33.58,-6.31,-64.00,46.00,72.20,f0:2f:74:40:a0:c0
1783365544.5,33.58,-6.31,-64.00,46.00,72.20,f0:2f:74:40:a0:c0
1783365547.5,33.58,-6.31,-64.00,46.00,72.20,f0:2f:74:40:a0:c0
1783365550.5,33.58,-6.31,-64.00,46.00,72.20,f0:2f:74:40:a0:c0
1783365553.5,33.58,-6.31,-64.00,46.00,72.20,f0:2f:74:40:a0:c0
1783365556.5,33.58,-6.31,-64.00,46.00,72.20,f0:2f:74:40:a0:c0
1783365559.5,33.58,-6.31,-64.00,46.00,72.20,f0:2f:74:40:a0:c0
1783365562.5,33.58,-6.31,-64.00,46.00,72.20,f0:2f:74:40:a0:c0
1783365565.5,33.58,-6.31,-64.00,46.00,72.20,f0:2f:74:40:a0:c0
1783365568.5,33.58,-6.31,-65.00,45.00,72.20,f0:2f:74:40:a0:c0
1783365571.5,33.58,-6.31,-64.00,46.00,72.20,f0:2f:74:40:a0:c0
1783365574.5,33.58,-6.31,-64.00,46.00,65.00,f0:2f:74:40:a0:c0
1783365577.5,33.58,-6.31,-64.00,46.00,65.00,f0:2f:74:40:a0:c0
1783365580.5,33.58,-6.31,-64.00,46.00,57.70,f0:2f:74:40:a0:c0
1783365583.5,33.58,-6.31,-64.00,46.00,65.00,f0:2f:74:40:a0:c0
1783365586.5,33.58,-6.31,-64.00,46.00,57.70,f0:2f:74:40:a0:c0
1783365589.5,33.58,-6.31,-64.00,46.00,28.80,f0:2f:74:40:a0:c0
1783365592.5,33.58,-6.31,-64.00,46.00,72.20,f0:2f:74:40:a0:c0
1783365595.5,33.58,-6.31,-64.00,46.00,72.20,f0:2f:74:40:a0:c0
1783365598.5,33.58,-6.31,-65.00,45.00,72.20,f0:2f:74:40:a0:c0
1783365601.5,33.58,-6.31,-64.00,46.00,72.20,f0:2f:74:40:a0:c0
1783365604.5,33.58,-6.31,-64.00,46.00,72.20,f0:2f:74:40:a0:c0
1783365607.5,33.58,-6.31,-64.00,46.00,72.20,f0:2f:74:40:a0:c0
1783365610.5,33.58,-6.31,-65.00,45.00,72.20,f0:2f:74:40:a0:c0
1783365613.5,33.58,-6.31,-65.00,45.00,72.20,f0:2f:74:40:a0:c0
1783365616.5,33.58,-6.31,-64.00,46.00,72.20,f0:2f:74:40:a0:c0
1783365619.5,33.58,-6.31,-65.00,45.00,72.20,f0:2f:74:40:a0:c0
1783365622.5,33.58,-6.31,-64.00,46.00,72.20,f0:2f:74:40:a0:c0
1783365625.5,33.58,-6.31,-64.00,46.00,72.20,f0:2f:74:40:a0:c0
1783365628.5,33.58,-6.31,-64.00,46.00,72.20,f0:2f:74:40:a0:c0
1783365631.5,33.58,-6.31,-65.00,45.00,72.20,f0:2f:74:40:a0:c0
1783365634.5,33.58,-6.31,-64.00,46.00,72.20,f0:2f:74:40:a0:c0
1783365637.5,33.58,-6.31,-64.00,46.00,72.20,f0:2f:74:40:a0:c0
1783365640.5,33.58,-6.31,-64.00,46.00,72.20,f0:2f:74:40:a0:c0
1783365643.5,33.58,-6.31,-64.00,46.00,72.20,f0:2f:74:40:a0:c0
1783365646.5,33.58,-6.31,-64.00,46.00,72.20,f0:2f:74:40:a0:c0
1783365649.5,33.58,-6.31,-64.00,46.00,72.20,f0:2f:74:40:a0:c0
1783365652.5,33.58,-6.31,-65.00,45.00,72.20,f0:2f:74:40:a0:c0
1783365655.5,33.58,-6.31,-65.00,45.00,72.20,f0:2f:74:40:a0:c0
1783365658.5,33.58,-6.31,-65.00,45.00,72.20,f0:2f:74:40:a0:c0
1783365661.5,33.58,-6.31,-64.00,46.00,72.20,f0:2f:74:40:a0:c0
1783365664.5,33.58,-6.31,-65.00,45.00,72.20,f0:2f:74:40:a0:c0
1783365667.5,33.58,-6.31,-64.00,46.00,72.20,f0:2f:74:40:a0:c0
1783365670.5,33.58,-6.31,-65.00,45.00,72.20,f0:2f:74:40:a0:c0
1783365673.5,33.58,-6.31,-65.00,45.00,72.20,f0:2f:74:40:a0:c0
1783365676.5,33.58,-6.31,-69.00,41.00,13.00,f0:2f:74:40:a0:c0
1783365679.5,33.58,-6.31,-68.00,42.00,5.50,f0:2f:74:40:a0:c0
1783365682.5,33.58,-6.31,-67.00,43.00,6.50,f0:2f:74:40:a0:c0
1783365685.5,33.58,-6.31,-65.00,45.00,65.00,f0:2f:74:40:a0:c0
1783365688.5,33.58,-6.31,-65.00,45.00,72.20,f0:2f:74:40:a0:c0
1783365691.5,33.58,-6.31,-65.00,45.00,72.20,f0:2f:74:40:a0:c0
1783365694.5,33.58,-6.31,-64.00,46.00,72.20,f0:2f:74:40:a0:c0
1783365697.5,33.58,-6.31,-65.00,45.00,72.20,f0:2f:74:40:a0:c0
1783365700.5,33.58,-6.31,-64.00,46.00,72.20,f0:2f:74:40:a0:c0
1783365703.5,33.58,-6.31,-65.00,45.00,72.20,f0:2f:74:40:a0:c0
1783365706.5,33.58,-6.31,-65.00,45.00,72.20,f0:2f:74:40:a0:c0
1783365709.5,33.58,-6.31,-65.00,45.00,72.20,f0:2f:74:40:a0:c0
1783365712.5,33.58,-6.31,-64.00,46.00,72.20,f0:2f:74:40:a0:c0
1783365715.5,33.58,-6.31,-64.00,46.00,72.20,f0:2f:74:40:a0:c0
1783365718.5,33.58,-6.31,-65.00,45.00,72.20,f0:2f:74:40:a0:c0
1783365721.5,33.58,-6.31,-65.00,45.00,72.20,f0:2f:74:40:a0:c0
1783365724.5,33.58,-6.31,-65.00,45.00,72.20,f0:2f:74:40:a0:c0
1783365727.5,33.58,-6.31,-65.00,45.00,72.20,f0:2f:74:40:a0:c0
1783365730.5,33.58,-6.31,-68.00,42.00,5.50,f0:2f:74:40:a0:c0
1783365733.5,33.58,-6.31,-68.00,42.00,5.50,f0:2f:74:40:a0:c0
1783365736.5,33.58,-6.31,-66.00,44.00,5.50,f0:2f:74:40:a0:c0
1783365739.5,33.58,-6.31,-65.00,45.00,72.20,f0:2f:74:40:a0:c0
1783365742.5,33.58,-6.31,-65.00,45.00,72.20,f0:2f:74:40:a0:c0
1783365745.5,33.58,-6.31,-65.00,45.00,72.20,f0:2f:74:40:a0:c0
1783365748.5,33.58,-6.31,-65.00,45.00,72.20,f0:2f:74:40:a0:c0
1783365751.5,33.58,-6.31,-65.00,45.00,72.20,f0:2f:74:40:a0:c0
1783365754.5,33.58,-6.31,-65.00,45.00,72.20,f0:2f:74:40:a0:c0
1783365757.5,33.58,-6.31,-65.00,45.00,72.20,f0:2f:74:40:a0:c0
1783365760.5,33.58,-6.31,-64.00,46.00,72.20,f0:2f:74:40:a0:c0
1783365763.5,33.58,-6.31,-65.00,45.00,72.20,f0:2f:74:40:a0:c0
1783365766.5,33.58,-6.31,-64.00,46.00,72.20,f0:2f:74:40:a0:c0
1783365769.5,33.58,-6.31,-65.00,45.00,72.20,f0:2f:74:40:a0:c0
1783365772.5,33.58,-6.31,-65.00,45.00,72.20,f0:2f:74:40:a0:c0
1783365775.5,33.58,-6.31,-65.00,45.00,72.20,f0:2f:74:40:a0:c0
1783365778.5,33.58,-6.31,-65.00,45.00,72.20,f0:2f:74:40:a0:c0
1783365781.5,33.58,-6.31,-64.00,46.00,72.20,f0:2f:74:40:a0:c0
1783365784.5,33.58,-6.31,-65.00,45.00,72.20,f0:2f:74:40:a0:c0
1783365787.5,33.58,-6.31,-65.00,45.00,72.20,f0:2f:74:40:a0:c0
1783365790.5,33.58,-6.31,-65.00,45.00,72.20,f0:2f:74:40:a0:c0
1783365793.5,33.58,-6.31,-65.00,45.00,72.20,f0:2f:74:40:a0:c0
1783365796.5,33.58,-6.31,-64.00,46.00,72.20,f0:2f:74:40:a0:c0
1783365799.5,33.58,-6.31,-65.00,45.00,72.20,f0:2f:74:40:a0:c0
1783365802.5,33.58,-6.31,-65.00,45.00,72.20,f0:2f:74:40:a0:c0
1783365805.5,33.58,-6.31,-64.00,46.00,72.20,f0:2f:74:40:a0:c0
1783365808.5,33.58,-6.31,-65.00,45.00,72.20,f0:2f:74:40:a0:c0
1783365811.5,33.58,-6.31,-65.00,45.00,72.20,f0:2f:74:40:a0:c0
1783365814.5,33.58,-6.31,-65.00,45.00,72.20,f0:2f:74:40:a0:c0
1783365817.5,33.58,-6.31,-65.00,45.00,72.20,f0:2f:74:40:a0:c0
1783365820.5,33.58,-6.31,-65.00,45.00,65.00,f0:2f:74:40:a0:c0
1783365823.5,33.58,-6.31,-65.00,45.00,72.20,f0:2f:74:40:a0:c0
1783365826.5,33.58,-6.31,-65.00,45.00,72.20,f0:2f:74:40:a0:c0
1783365829.5,33.58,-6.31,-65.00,45.00,72.20,f0:2f:74:40:a0:c0
1783365832.5,33.58,-6.31,-65.00,45.00,72.20,f0:2f:74:40:a0:c0
1783365835.5,33.58,-6.31,-65.00,45.00,72.20,f0:2f:74:40:a0:c0
1783365838.5,33.58,-6.31,-65.00,45.00,72.20,f0:2f:74:40:a0:c0
1783365841.5,33.58,-6.31,-66.00,44.00,72.20,f0:2f:74:40:a0:c0
1783365844.5,33.58,-6.31,-66.00,44.00,72.20,f0:2f:74:40:a0:c0
1783365847.5,33.58,-6.31,-65.00,45.00,72.20,f0:2f:74:40:a0:c0
1783365850.5,33.58,-6.31,-65.00,45.00,72.20,f0:2f:74:40:a0:c0
1783365853.5,33.58,-6.31,-65.00,45.00,72.20,f0:2f:74:40:a0:c0
1783365856.5,33.58,-6.31,-65.00,45.00,72.20,f0:2f:74:40:a0:c0
1783365859.5,33.58,-6.31,-65.00,45.00,72.20,f0:2f:74:40:a0:c0
1783365862.5,33.58,-6.31,-65.00,45.00,72.20,f0:2f:74:40:a0:c0
1783365865.5,33.58,-6.31,-65.00,45.00,24.00,f0:2f:74:40:a0:c0
1783365868.5,33.58,-6.31,-65.00,45.00,72.20,f0:2f:74:40:a0:c0
1783365871.5,33.58,-6.31,-65.00,45.00,72.20,f0:2f:74:40:a0:c0
1783365874.5,33.58,-6.31,-65.00,45.00,72.20,f0:2f:74:40:a0:c0
1783365877.5,33.58,-6.31,-65.00,45.00,72.20,f0:2f:74:40:a0:c0
1783365880.5,33.58,-6.31,-65.00,45.00,72.20,f0:2f:74:40:a0:c0
1783365883.5,33.58,-6.31,-65.00,45.00,72.20,f0:2f:74:40:a0:c0
1783365886.5,33.58,-6.31,-65.00,45.00,72.20,f0:2f:74:40:a0:c0
1783365889.5,33.58,-6.31,-66.00,44.00,72.20,f0:2f:74:40:a0:c0
1783365892.5,33.58,-6.31,-65.00,45.00,72.20,f0:2f:74:40:a0:c0
1783365895.5,33.58,-6.31,-65.00,45.00,72.20,f0:2f:74:40:a0:c0
1783365898.5,33.58,-6.31,-65.00,45.00,72.20,f0:2f:74:40:a0:c0
1783365901.5,33.58,-6.31,-65.00,45.00,72.20,f0:2f:74:40:a0:c0
1783365904.5,33.58,-6.31,-65.00,45.00,72.20,f0:2f:74:40:a0:c0
1783365907.5,33.58,-6.31,-65.00,45.00,72.20,f0:2f:74:40:a0:c0
1783365910.5,33.58,-6.31,-65.00,45.00,72.20,f0:2f:74:40:a0:c0
1783365913.5,33.58,-6.31,-65.00,45.00,72.20,f0:2f:74:40:a0:c0
1783365916.5,33.58,-6.31,-65.00,45.00,72.20,f0:2f:74:40:a0:c0
1783365919.5,33.58,-6.31,-64.00,46.00,72.20,f0:2f:74:40:a0:c0
1783365922.5,33.58,-6.31,-64.00,46.00,72.20,f0:2f:74:40:a0:c0
1783365925.5,33.58,-6.31,-65.00,45.00,72.20,f0:2f:74:40:a0:c0
1783365928.5,33.58,-6.31,-65.00,45.00,72.20,f0:2f:74:40:a0:c0
1783365931.5,33.58,-6.31,-65.00,45.00,72.20,f0:2f:74:40:a0:c0
1783365934.5,33.58,-6.31,-64.00,46.00,72.20,f0:2f:74:40:a0:c0
1783365937.5,33.58,-6.31,-65.00,45.00,72.20,f0:2f:74:40:a0:c0
1783365940.5,33.58,-6.31,-65.00,45.00,72.20,f0:2f:74:40:a0:c0
1783365943.5,33.58,-6.31,-65.00,45.00,72.20,f0:2f:74:40:a0:c0
1783365946.5,33.58,-6.31,-65.00,45.00,72.20,f0:2f:74:40:a0:c0
1783365949.5,33.58,-6.31,-66.00,44.00,65.00,f0:2f:74:40:a0:c0
1783365952.5,33.58,-6.31,-65.00,45.00,72.20,f0:2f:74:40:a0:c0
1783365955.5,33.58,-6.31,-65.00,45.00,72.20,f0:2f:74:40:a0:c0
1783365958.5,33.58,-6.31,-65.00,45.00,72.20,f0:2f:74:40:a0:c0
1783365961.5,33.58,-6.31,-65.00,45.00,72.20,f0:2f:74:40:a0:c0
1783365964.5,33.58,-6.31,-65.00,45.00,72.20,f0:2f:74:40:a0:c0
1783365967.5,33.58,-6.31,-65.00,45.00,72.20,f0:2f:74:40:a0:c0
1783365970.5,33.58,-6.31,-65.00,45.00,72.20,f0:2f:74:40:a0:c0
1783365973.5,33.58,-6.31,-65.00,45.00,72.20,f0:2f:74:40:a0:c0
1783365976.5,33.58,-6.31,-65.00,45.00,72.20,f0:2f:74:40:a0:c0
1783365979.5,33.58,-6.31,-65.00,45.00,72.20,f0:2f:74:40:a0:c0
1783365982.5,33.58,-6.31,-64.00,46.00,72.20,f0:2f:74:40:a0:c0
1783365985.5,33.58,-6.31,-64.00,46.00,72.20,f0:2f:74:40:a0:c0
1783365988.5,33.58,-6.31,-64.00,46.00,72.20,f0:2f:74:40:a0:c0
1783365991.5,33.58,-6.31,-65.00,45.00,72.20,f0:2f:74:40:a0:c0
1783365994.5,33.58,-6.31,-64.00,46.00,72.20,f0:2f:74:40:a0:c0
1783365997.5,33.58,-6.31,-65.00,45.00,72.20,f0:2f:74:40:a0:c0
1783366000.5,33.58,-6.31,-65.00,45.00,72.20,f0:2f:74:40:a0:c0
1783366003.5,33.58,-6.31,-64.00,46.00,72.20,f0:2f:74:40:a0:c0
1783366006.5,33.58,-6.31,-65.00,45.00,72.20,f0:2f:74:40:a0:c0
1783366009.5,33.58,-6.31,-65.00,45.00,72.20,f0:2f:74:40:a0:c0
1783366012.5,33.58,-6.31,-64.00,46.00,72.20,f0:2f:74:40:a0:c0
1783366015.5,33.58,-6.31,-64.00,46.00,72.20,f0:2f:74:40:a0:c0
1783366018.5,33.58,-6.31,-64.00,46.00,72.20,f0:2f:74:40:a0:c0
1783366021.5,33.58,-6.31,-64.00,46.00,72.20,f0:2f:74:40:a0:c0
1783366024.5,33.58,-6.31,-65.00,45.00,72.20,f0:2f:74:40:a0:c0
1783366027.5,33.58,-6.31,-64.00,46.00,72.20,f0:2f:74:40:a0:c0
1783366030.5,33.58,-6.31,-65.00,45.00,72.20,f0:2f:74:40:a0:c0
1783366033.5,33.58,-6.31,-65.00,45.00,72.20,f0:2f:74:40:a0:c0
1783366036.5,33.58,-6.31,-66.00,44.00,52.00,f0:2f:74:40:a0:c0
1783366039.5,33.58,-6.31,-68.00,42.00,6.50,f0:2f:74:40:a0:c0
1783366042.7,33.58,-6.31,-69.00,41.00,5.50,f0:2f:74:40:a0:c0
1783366045.5,33.58,-6.31,-65.00,45.00,28.80,f0:2f:74:40:a0:c0
1783366048.5,33.58,-6.31,-64.00,46.00,72.20,f0:2f:74:40:a0:c0
1783366051.5,33.58,-6.31,-64.00,46.00,72.20,f0:2f:74:40:a0:c0
1783366054.5,33.58,-6.31,-64.00,46.00,72.20,f0:2f:74:40:a0:c0
1783366057.5,33.58,-6.31,-64.00,46.00,72.20,f0:2f:74:40:a0:c0
1783366060.5,33.58,-6.31,-67.00,43.00,5.50,f0:2f:74:40:a0:c0
1783366063.5,33.58,-6.31,-67.00,43.00,6.50,f0:2f:74:40:a0:c0
1783366066.5,33.58,-6.31,-65.00,45.00,21.60,f0:2f:74:40:a0:c0
1783366069.5,33.58,-6.31,-65.00,45.00,72.20,f0:2f:74:40:a0:c0
1783366072.5,33.58,-6.31,-64.00,46.00,72.20,f0:2f:74:40:a0:c0
1783366075.5,33.58,-6.31,-64.00,46.00,72.20,f0:2f:74:40:a0:c0
1783366078.5,33.58,-6.31,-65.00,45.00,72.20,f0:2f:74:40:a0:c0
1783366081.5,33.58,-6.31,-65.00,45.00,72.20,f0:2f:74:40:a0:c0
1783366084.5,33.58,-6.31,-64.00,46.00,72.20,f0:2f:74:40:a0:c0
1783366087.5,33.58,-6.31,-65.00,45.00,72.20,f0:2f:74:40:a0:c0
1783366090.5,33.58,-6.31,-65.00,45.00,72.20,f0:2f:74:40:a0:c0
1783366093.5,33.58,-6.31,-65.00,45.00,72.20,f0:2f:74:40:a0:c0
1783366096.5,33.58,-6.31,-67.00,43.00,52.00,f0:2f:74:40:a0:c0
1783366099.5,33.58,-6.31,-66.00,44.00,5.50,f0:2f:74:40:a0:c0
1783366102.5,33.58,-6.31,-67.00,43.00,5.50,f0:2f:74:40:a0:c0
1783366105.5,33.58,-6.31,-64.00,46.00,26.00,f0:2f:74:40:a0:c0
1783366108.5,33.58,-6.31,-65.00,45.00,72.20,f0:2f:74:40:a0:c0
1783366111.5,33.58,-6.31,-64.00,46.00,72.20,f0:2f:74:40:a0:c0
1783366114.5,33.58,-6.31,-65.00,45.00,72.20,f0:2f:74:40:a0:c0
1783366117.5,33.58,-6.31,-65.00,45.00,72.20,f0:2f:74:40:a0:c0
1783366120.5,33.58,-6.31,-65.00,45.00,72.20,f0:2f:74:40:a0:c0
1783366123.5,33.58,-6.31,-65.00,45.00,72.20,f0:2f:74:40:a0:c0
1783366126.5,33.58,-6.31,-65.00,45.00,72.20,f0:2f:74:40:a0:c0
1783366129.5,33.58,-6.31,-64.00,46.00,72.20,f0:2f:74:40:a0:c0
1783366132.5,33.58,-6.31,-65.00,45.00,72.20,f0:2f:74:40:a0:c0
1783366135.5,33.58,-6.31,-64.00,46.00,72.20,f0:2f:74:40:a0:c0
1783366138.5,33.58,-6.31,-64.00,46.00,72.20,f0:2f:74:40:a0:c0
1783366141.5,33.58,-6.31,-65.00,45.00,65.00,f0:2f:74:40:a0:c0
1783366144.5,33.58,-6.31,-64.00,46.00,65.00,f0:2f:74:40:a0:c0
1783366147.5,33.58,-6.31,-64.00,46.00,72.20,f0:2f:74:40:a0:c0
1783366150.5,33.58,-6.31,-64.00,46.00,72.20,f0:2f:74:40:a0:c0
1783366153.5,33.58,-6.31,-64.00,46.00,72.20,f0:2f:74:40:a0:c0
1783366156.5,33.58,-6.31,-67.00,43.00,52.00,f0:2f:74:40:a0:c0
1783366159.5,33.58,-6.31,-71.00,39.00,5.50,f0:2f:74:40:a0:c0
1783366162.5,33.58,-6.31,-69.00,41.00,5.50,f0:2f:74:40:a0:c0
1783366165.5,33.58,-6.31,-64.00,46.00,28.80,f0:2f:74:40:a0:c0
1783366168.5,33.58,-6.31,-64.00,46.00,72.20,f0:2f:74:40:a0:c0
1783366171.5,33.58,-6.31,-64.00,46.00,72.20,f0:2f:74:40:a0:c0
1783366174.5,33.58,-6.31,-64.00,46.00,72.20,f0:2f:74:40:a0:c0
1783366177.5,33.58,-6.31,-64.00,46.00,72.20,f0:2f:74:40:a0:c0
1783366180.5,33.58,-6.31,-64.00,46.00,72.20,f0:2f:74:40:a0:c0
1783366183.5,33.58,-6.31,-64.00,46.00,72.20,f0:2f:74:40:a0:c0
1783366186.5,33.58,-6.31,-64.00,46.00,72.20,f0:2f:74:40:a0:c0
1783366189.5,33.58,-6.31,-64.00,46.00,72.20,f0:2f:74:40:a0:c0
1783366192.5,33.58,-6.31,-65.00,45.00,72.20,f0:2f:74:40:a0:c0
1783366195.5,33.58,-6.31,-65.00,45.00,72.20,f0:2f:74:40:a0:c0
1783366198.5,33.58,-6.31,-65.00,45.00,72.20,f0:2f:74:40:a0:c0
1783366201.5,33.58,-6.31,-66.00,44.00,72.20,f0:2f:74:40:a0:c0
1783366204.5,33.58,-6.31,-65.00,45.00,72.20,f0:2f:74:40:a0:c0
1783366207.5,33.58,-6.31,-65.00,45.00,72.20,f0:2f:74:40:a0:c0
1783366210.5,33.58,-6.31,-65.00,45.00,72.20,f0:2f:74:40:a0:c0
1783366213.5,33.58,-6.31,-65.00,45.00,72.20,f0:2f:74:40:a0:c0
1783366216.5,33.58,-6.31,-65.00,45.00,72.20,f0:2f:74:40:a0:c0
1783366219.5,33.58,-6.31,-64.00,46.00,72.20,f0:2f:74:40:a0:c0
1783366222.5,33.58,-6.31,-65.00,45.00,72.20,f0:2f:74:40:a0:c0
1783366225.5,33.58,-6.31,-65.00,45.00,72.20,f0:2f:74:40:a0:c0
1783366228.5,33.58,-6.31,-65.00,45.00,72.20,f0:2f:74:40:a0:c0
1783366231.5,33.58,-6.31,-65.00,45.00,72.20,f0:2f:74:40:a0:c0
1783366234.5,33.58,-6.31,-65.00,45.00,72.20,f0:2f:74:40:a0:c0
1783366237.5,33.58,-6.31,-65.00,45.00,72.20,f0:2f:74:40:a0:c0
1783366240.5,33.58,-6.31,-64.00,46.00,72.20,f0:2f:74:40:a0:c0
1783366243.5,33.58,-6.31,-64.00,46.00,72.20,f0:2f:74:40:a0:c0
1783366246.5,33.58,-6.31,-65.00,45.00,72.20,f0:2f:74:40:a0:c0
1783366249.5,33.58,-6.31,-64.00,46.00,72.20,f0:2f:74:40:a0:c0
1783366252.5,33.58,-6.31,-65.00,45.00,65.00,f0:2f:74:40:a0:c0
1783366255.5,33.58,-6.31,-65.00,45.00,72.20,f0:2f:74:40:a0:c0
1783366258.5,33.58,-6.31,-65.00,45.00,72.20,f0:2f:74:40:a0:c0
1783366261.5,33.58,-6.31,-65.00,45.00,72.20,f0:2f:74:40:a0:c0
1783366264.5,33.58,-6.31,-65.00,45.00,72.20,f0:2f:74:40:a0:c0
1783366267.5,33.58,-6.31,-65.00,45.00,72.20,f0:2f:74:40:a0:c0
1783366270.5,33.58,-6.31,-64.00,46.00,72.20,f0:2f:74:40:a0:c0
1783366273.5,33.58,-6.31,-65.00,45.00,72.20,f0:2f:74:40:a0:c0
1783366276.5,33.58,-6.31,-65.00,45.00,72.20,f0:2f:74:40:a0:c0
1783366279.5,33.58,-6.31,-65.00,45.00,72.20,f0:2f:74:40:a0:c0
1783366282.5,33.58,-6.31,-64.00,46.00,72.20,f0:2f:74:40:a0:c0
1783366285.5,33.58,-6.31,-65.00,45.00,72.20,f0:2f:74:40:a0:c0
1783366288.5,33.58,-6.31,-65.00,45.00,65.00,f0:2f:74:40:a0:c0
1783366291.5,33.58,-6.31,-65.00,45.00,72.20,f0:2f:74:40:a0:c0
1783366294.5,33.58,-6.31,-65.00,45.00,72.20,f0:2f:74:40:a0:c0
1783366297.5,33.58,-6.31,-65.00,45.00,72.20,f0:2f:74:40:a0:c0
1783366300.5,33.58,-6.31,-65.00,45.00,72.20,f0:2f:74:40:a0:c0
1783366303.5,33.58,-6.31,-65.00,45.00,72.20,f0:2f:74:40:a0:c0
1783366306.5,33.58,-6.31,-64.00,46.00,72.20,f0:2f:74:40:a0:c0
1783366309.5,33.58,-6.31,-65.00,45.00,72.20,f0:2f:74:40:a0:c0
1783366312.5,33.58,-6.31,-65.00,45.00,72.20,f0:2f:74:40:a0:c0
1783366315.5,33.58,-6.31,-65.00,45.00,72.20,f0:2f:74:40:a0:c0
1783366318.5,33.58,-6.31,-65.00,45.00,72.20,f0:2f:74:40:a0:c0
1783366321.5,33.58,-6.31,-65.00,45.00,72.20,f0:2f:74:40:a0:c0
1783366324.5,33.58,-6.31,-65.00,45.00,72.20,f0:2f:74:40:a0:c0
1783366327.5,33.58,-6.31,-65.00,45.00,72.20,f0:2f:74:40:a0:c0
1783366330.5,33.58,-6.31,-65.00,45.00,72.20,f0:2f:74:40:a0:c0
1783366333.5,33.58,-6.31,-65.00,45.00,72.20,f0:2f:74:40:a0:c0
1783366336.5,33.58,-6.31,-64.00,46.00,72.20,f0:2f:74:40:a0:c0
1783366339.5,33.58,-6.31,-65.00,45.00,72.20,f0:2f:74:40:a0:c0
1783366342.5,33.58,-6.31,-65.00,45.00,72.20,f0:2f:74:40:a0:c0
1783366345.5,33.58,-6.31,-65.00,45.00,72.20,f0:2f:74:40:a0:c0
1783366348.5,33.58,-6.31,-65.00,45.00,72.20,f0:2f:74:40:a0:c0
1783366351.5,33.58,-6.31,-65.00,45.00,72.20,f0:2f:74:40:a0:c0
1783366354.5,33.58,-6.31,-65.00,45.00,72.20,f0:2f:74:40:a0:c0
1783366357.5,33.58,-6.31,-65.00,45.00,72.20,f0:2f:74:40:a0:c0
1783366360.5,33.58,-6.31,-65.00,45.00,72.20,f0:2f:74:40:a0:c0
1783366363.5,33.58,-6.31,-65.00,45.00,72.20,f0:2f:74:40:a0:c0
1783366366.5,33.58,-6.31,-64.00,46.00,72.20,f0:2f:74:40:a0:c0
1783366369.5,33.58,-6.31,-65.00,45.00,72.20,f0:2f:74:40:a0:c0
1783366372.5,33.58,-6.31,-65.00,45.00,72.20,f0:2f:74:40:a0:c0
1783366375.5,33.58,-6.31,-65.00,45.00,72.20,f0:2f:74:40:a0:c0
1783366378.5,33.58,-6.31,-65.00,45.00,72.20,f0:2f:74:40:a0:c0
1783366381.5,33.58,-6.31,-65.00,45.00,72.20,f0:2f:74:40:a0:c0
1783366384.5,33.58,-6.31,-65.00,45.00,72.20,f0:2f:74:40:a0:c0
1783366387.5,33.58,-6.31,-65.00,45.00,72.20,f0:2f:74:40:a0:c0
1783366390.5,33.58,-6.31,-65.00,45.00,72.20,f0:2f:74:40:a0:c0
1783366393.5,33.58,-6.31,-65.00,45.00,72.20,f0:2f:74:40:a0:c0
1783366396.5,33.58,-6.31,-64.00,46.00,72.20,f0:2f:74:40:a0:c0
1783366399.5,33.58,-6.31,-65.00,45.00,72.20,f0:2f:74:40:a0:c0
1783366402.5,33.58,-6.31,-65.00,45.00,72.20,f0:2f:74:40:a0:c0
1783366405.5,33.58,-6.31,-64.00,46.00,72.20,f0:2f:74:40:a0:c0
1783366408.5,33.58,-6.31,-65.00,45.00,72.20,f0:2f:74:40:a0:c0
1783366411.5,33.58,-6.31,-64.00,46.00,72.20,f0:2f:74:40:a0:c0
1783366414.5,33.58,-6.31,-64.00,46.00,72.20,f0:2f:74:40:a0:c0
1783366417.5,33.58,-6.31,-65.00,45.00,72.20,f0:2f:74:40:a0:c0
1783366420.5,33.58,-6.31,-65.00,45.00,72.20,f0:2f:74:40:a0:c0
1783366423.5,33.58,-6.31,-65.00,45.00,72.20,f0:2f:74:40:a0:c0
1783366426.5,33.58,-6.31,-65.00,45.00,72.20,f0:2f:74:40:a0:c0
1783366429.5,33.58,-6.31,-65.00,45.00,72.20,f0:2f:74:40:a0:c0
1783366432.5,33.58,-6.31,-64.00,46.00,72.20,f0:2f:74:40:a0:c0
1783366435.5,33.58,-6.31,-64.00,46.00,57.70,f0:2f:74:40:a0:c0
1783366438.5,33.58,-6.31,-64.00,46.00,72.20,f0:2f:74:40:a0:c0
1783366441.5,33.58,-6.31,-64.00,46.00,65.00,f0:2f:74:40:a0:c0
1783366444.5,33.58,-6.31,-65.00,45.00,72.20,f0:2f:74:40:a0:c0
1783366447.5,33.58,-6.31,-65.00,45.00,72.20,f0:2f:74:40:a0:c0
1783366450.5,33.58,-6.31,-65.00,45.00,72.20,f0:2f:74:40:a0:c0
1783366453.5,33.58,-6.31,-65.00,45.00,72.20,f0:2f:74:40:a0:c0
1783366456.5,33.58,-6.31,-65.00,45.00,72.20,f0:2f:74:40:a0:c0
1783366459.5,33.58,-6.31,-65.00,45.00,72.20,f0:2f:74:40:a0:c0
1783366462.5,33.58,-6.31,-65.00,45.00,72.20,f0:2f:74:40:a0:c0
1783366465.5,33.58,-6.31,-65.00,45.00,72.20,f0:2f:74:40:a0:c0
1783366468.5,33.58,-6.31,-65.00,45.00,72.20,f0:2f:74:40:a0:c0
1783366471.5,33.58,-6.31,-65.00,45.00,72.20,f0:2f:74:40:a0:c0
1783366474.5,33.58,-6.31,-65.00,45.00,72.20,f0:2f:74:40:a0:c0
1783366477.5,33.58,-6.31,-65.00,45.00,65.00,f0:2f:74:40:a0:c0
1783366480.5,33.58,-6.31,-65.00,45.00,65.00,f0:2f:74:40:a0:c0
1783366483.5,33.58,-6.31,-65.00,45.00,65.00,f0:2f:74:40:a0:c0
1783366486.5,33.58,-6.31,-65.00,45.00,57.70,f0:2f:74:40:a0:c0
1783366489.5,33.58,-6.31,-65.00,45.00,72.20,f0:2f:74:40:a0:c0
1783366492.5,33.58,-6.31,-65.00,45.00,72.20,f0:2f:74:40:a0:c0
1783366495.5,33.58,-6.31,-65.00,45.00,72.20,f0:2f:74:40:a0:c0
1783366498.5,33.58,-6.31,-65.00,45.00,72.20,f0:2f:74:40:a0:c0
1783366501.5,33.58,-6.31,-64.00,46.00,65.00,f0:2f:74:40:a0:c0
1783366504.5,33.58,-6.31,-65.00,45.00,65.00,f0:2f:74:40:a0:c0
1783366507.5,33.58,-6.31,-65.00,45.00,72.20,f0:2f:74:40:a0:c0
1783366510.5,33.58,-6.31,-65.00,45.00,72.20,f0:2f:74:40:a0:c0
1783366513.5,33.58,-6.31,-65.00,45.00,72.20,f0:2f:74:40:a0:c0
1783366516.5,33.58,-6.31,-64.00,46.00,72.20,f0:2f:74:40:a0:c0
1783366519.5,33.58,-6.31,-70.00,40.00,5.50,f0:2f:74:40:a0:c0
1783366522.5,33.58,-6.31,-65.00,45.00,5.50,f0:2f:74:40:a0:c0
1783366525.5,33.58,-6.31,-65.00,45.00,6.50,f0:2f:74:40:a0:c0
1783366528.5,33.58,-6.31,-65.00,45.00,72.20,f0:2f:74:40:a0:c0
1783366531.5,33.58,-6.31,-65.00,45.00,72.20,f0:2f:74:40:a0:c0
1783366534.5,33.58,-6.31,-65.00,45.00,72.20,f0:2f:74:40:a0:c0
1783366537.5,33.58,-6.31,-64.00,46.00,72.20,f0:2f:74:40:a0:c0
1783366540.5,33.58,-6.31,-65.00,45.00,72.20,f0:2f:74:40:a0:c0
1783366543.5,33.58,-6.31,-64.00,46.00,72.20,f0:2f:74:40:a0:c0
1783366546.5,33.58,-6.31,-65.00,45.00,72.20,f0:2f:74:40:a0:c0
1783366549.5,33.58,-6.31,-69.00,41.00,72.20,f0:2f:74:40:a0:c0
1783366552.5,33.58,-6.31,-65.00,45.00,72.20,f0:2f:74:40:a0:c0
1783366555.5,33.58,-6.31,-65.00,45.00,72.20,f0:2f:74:40:a0:c0
1783366558.5,33.58,-6.31,-65.00,45.00,72.20,f0:2f:74:40:a0:c0
1783366561.5,33.58,-6.31,-66.00,44.00,72.20,f0:2f:74:40:a0:c0
1783366564.5,33.58,-6.31,-65.00,45.00,72.20,f0:2f:74:40:a0:c0
1783366567.5,33.58,-6.31,-65.00,45.00,72.20,f0:2f:74:40:a0:c0
1783366570.5,33.58,-6.31,-65.00,45.00,72.20,f0:2f:74:40:a0:c0
1783366573.5,33.58,-6.31,-65.00,45.00,72.20,f0:2f:74:40:a0:c0
1783366576.5,33.58,-6.31,-65.00,45.00,72.20,f0:2f:74:40:a0:c0
1783366579.5,33.58,-6.31,-65.00,45.00,5.50,f0:2f:74:40:a0:c0
1783366582.5,33.58,-6.31,-68.00,42.00,5.50,f0:2f:74:40:a0:c0
1783366585.5,33.58,-6.31,-66.00,44.00,5.50,f0:2f:74:40:a0:c0
1783366588.5,33.58,-6.31,-67.00,43.00,5.50,f0:2f:74:40:a0:c0
1783366591.5,33.58,-6.31,-65.00,45.00,7.20,f0:2f:74:40:a0:c0
1783366594.5,33.58,-6.31,-65.00,45.00,72.20,f0:2f:74:40:a0:c0
1783366597.5,33.58,-6.31,-65.00,45.00,72.20,f0:2f:74:40:a0:c0
1783366600.5,33.58,-6.31,-65.00,45.00,72.20,f0:2f:74:40:a0:c0
1783366603.5,33.58,-6.31,-65.00,45.00,72.20,f0:2f:74:40:a0:c0
1783366606.5,33.58,-6.31,-65.00,45.00,72.20,f0:2f:74:40:a0:c0
1783366609.5,33.58,-6.31,-65.00,45.00,72.20,f0:2f:74:40:a0:c0
1783366612.5,33.58,-6.31,-65.00,45.00,72.20,f0:2f:74:40:a0:c0
1783366615.5,33.58,-6.31,-66.00,44.00,72.20,f0:2f:74:40:a0:c0
1783366618.5,33.58,-6.31,-66.00,44.00,72.20,f0:2f:74:40:a0:c0
1783366621.5,33.58,-6.31,-65.00,45.00,72.20,f0:2f:74:40:a0:c0
1783366624.5,33.58,-6.31,-65.00,45.00,65.00,f0:2f:74:40:a0:c0
1783366627.5,33.58,-6.31,-65.00,45.00,72.20,f0:2f:74:40:a0:c0
1783366630.5,33.58,-6.31,-65.00,45.00,72.20,f0:2f:74:40:a0:c0
1783366633.5,33.58,-6.31,-65.00,45.00,72.20,f0:2f:74:40:a0:c0
1783366636.5,33.58,-6.31,-65.00,45.00,72.20,f0:2f:74:40:a0:c0
1783366639.5,33.58,-6.31,-65.00,45.00,72.20,f0:2f:74:40:a0:c0
1783366642.5,33.58,-6.31,-65.00,45.00,72.20,f0:2f:74:40:a0:c0
1783366645.5,33.58,-6.31,-65.00,45.00,72.20,f0:2f:74:40:a0:c0
1783366648.5,33.58,-6.31,-65.00,45.00,72.20,f0:2f:74:40:a0:c0
1783366651.5,33.58,-6.31,-65.00,45.00,72.20,f0:2f:74:40:a0:c0
1783366654.5,33.58,-6.31,-65.00,45.00,72.20,f0:2f:74:40:a0:c0
1783366657.5,33.58,-6.31,-65.00,45.00,72.20,f0:2f:74:40:a0:c0
1783366660.5,33.58,-6.31,-66.00,44.00,72.20,f0:2f:74:40:a0:c0
1783366663.5,33.58,-6.31,-66.00,44.00,72.20,f0:2f:74:40:a0:c0
1783366666.5,33.58,-6.31,-65.00,45.00,72.20,f0:2f:74:40:a0:c0
1783366669.5,33.58,-6.31,-65.00,45.00,72.20,f0:2f:74:40:a0:c0
1783366672.5,33.58,-6.31,-65.00,45.00,65.00,f0:2f:74:40:a0:c0
1783366675.5,33.58,-6.31,-65.00,45.00,72.20,f0:2f:74:40:a0:c0
1783366678.5,33.58,-6.31,-65.00,45.00,72.20,f0:2f:74:40:a0:c0
1783366681.5,33.58,-6.31,-65.00,45.00,72.20,f0:2f:74:40:a0:c0
1783366684.5,33.58,-6.31,-64.00,46.00,72.20,f0:2f:74:40:a0:c0
1783366687.5,33.58,-6.31,-65.00,45.00,72.20,f0:2f:74:40:a0:c0
1783366690.5,33.58,-6.31,-65.00,45.00,72.20,f0:2f:74:40:a0:c0
1783366693.5,33.58,-6.31,-65.00,45.00,72.20,f0:2f:74:40:a0:c0
1783366696.5,33.58,-6.31,-66.00,44.00,72.20,f0:2f:74:40:a0:c0
1783366699.5,33.58,-6.31,-65.00,45.00,72.20,f0:2f:74:40:a0:c0
1783366702.5,33.58,-6.31,-65.00,45.00,72.20,f0:2f:74:40:a0:c0
1783366705.5,33.58,-6.31,-65.00,45.00,72.20,f0:2f:74:40:a0:c0
1783366708.5,33.58,-6.31,-64.00,46.00,72.20,f0:2f:74:40:a0:c0
1783366711.5,33.58,-6.31,-65.00,45.00,72.20,f0:2f:74:40:a0:c0
1783366714.5,33.58,-6.31,-64.00,46.00,72.20,f0:2f:74:40:a0:c0
1783366717.5,33.58,-6.31,-65.00,45.00,72.20,f0:2f:74:40:a0:c0
1783366720.5,33.58,-6.31,-65.00,45.00,72.20,f0:2f:74:40:a0:c0
1783366723.5,33.58,-6.31,-65.00,45.00,72.20,f0:2f:74:40:a0:c0
1783366726.5,33.58,-6.31,-65.00,45.00,72.20,f0:2f:74:40:a0:c0
1783366729.5,33.58,-6.31,-65.00,45.00,72.20,f0:2f:74:40:a0:c0
1783366732.5,33.58,-6.31,-66.00,44.00,72.20,f0:2f:74:40:a0:c0
1783366735.5,33.58,-6.31,-65.00,45.00,72.20,f0:2f:74:40:a0:c0
1783366738.5,33.58,-6.31,-65.00,45.00,72.20,f0:2f:74:40:a0:c0
1783366741.5,33.58,-6.31,-65.00,45.00,72.20,f0:2f:74:40:a0:c0
1783366744.5,33.58,-6.31,-65.00,45.00,72.20,f0:2f:74:40:a0:c0
1783366747.5,33.58,-6.31,-65.00,45.00,72.20,f0:2f:74:40:a0:c0
1783366750.5,33.58,-6.31,-65.00,45.00,72.20,f0:2f:74:40:a0:c0
1783366753.5,33.58,-6.31,-65.00,45.00,65.00,f0:2f:74:40:a0:c0
1783366756.5,33.58,-6.31,-66.00,44.00,57.70,f0:2f:74:40:a0:c0
1783366759.5,33.58,-6.31,-65.00,45.00,72.20,f0:2f:74:40:a0:c0
1783366762.5,33.58,-6.31,-65.00,45.00,72.20,f0:2f:74:40:a0:c0
1783366765.5,33.58,-6.31,-65.00,45.00,72.20,f0:2f:74:40:a0:c0
1783366768.5,33.58,-6.31,-65.00,45.00,72.20,f0:2f:74:40:a0:c0
1783366771.5,33.58,-6.31,-65.00,45.00,72.20,f0:2f:74:40:a0:c0
1783366774.5,33.58,-6.31,-65.00,45.00,72.20,f0:2f:74:40:a0:c0
1783366777.5,33.58,-6.31,-65.00,45.00,72.20,f0:2f:74:40:a0:c0
1783366780.5,33.58,-6.31,-65.00,45.00,72.20,f0:2f:74:40:a0:c0
1783366783.5,33.58,-6.31,-65.00,45.00,72.20,f0:2f:74:40:a0:c0
1783366786.5,33.58,-6.31,-65.00,45.00,72.20,f0:2f:74:40:a0:c0
1783366789.5,33.58,-6.31,-66.00,44.00,72.20,f0:2f:74:40:a0:c0
1783366792.5,33.58,-6.31,-65.00,45.00,72.20,f0:2f:74:40:a0:c0
1783366795.5,33.58,-6.31,-66.00,44.00,72.20,f0:2f:74:40:a0:c0
1783366798.5,33.58,-6.31,-65.00,45.00,72.20,f0:2f:74:40:a0:c0
1783366801.5,33.58,-6.31,-65.00,45.00,72.20,f0:2f:74:40:a0:c0
1783366804.5,33.58,-6.31,-65.00,45.00,72.20,f0:2f:74:40:a0:c0
1783366807.5,33.58,-6.31,-65.00,45.00,72.20,f0:2f:74:40:a0:c0
1783366810.5,33.58,-6.31,-65.00,45.00,72.20,f0:2f:74:40:a0:c0
1783366813.5,33.58,-6.31,-65.00,45.00,72.20,f0:2f:74:40:a0:c0
1783366816.5,33.58,-6.31,-65.00,45.00,72.20,f0:2f:74:40:a0:c0
1783366819.5,33.58,-6.31,-65.00,45.00,72.20,f0:2f:74:40:a0:c0
1783366822.5,33.58,-6.31,-65.00,45.00,65.00,f0:2f:74:40:a0:c0
1783366825.5,33.58,-6.31,-65.00,45.00,65.00,f0:2f:74:40:a0:c0
1783366828.5,33.58,-6.31,-65.00,45.00,57.70,f0:2f:74:40:a0:c0
1783366831.5,33.58,-6.31,-65.00,45.00,65.00,f0:2f:74:40:a0:c0
1783366834.5,33.58,-6.31,-65.00,45.00,57.70,f0:2f:74:40:a0:c0
1783366837.5,33.58,-6.31,-65.00,45.00,57.70,f0:2f:74:40:a0:c0
1783366840.5,33.58,-6.31,-65.00,45.00,72.20,f0:2f:74:40:a0:c0
1783366843.5,33.58,-6.31,-65.00,45.00,72.20,f0:2f:74:40:a0:c0
1783366846.5,33.58,-6.31,-65.00,45.00,72.20,f0:2f:74:40:a0:c0
1783366849.5,33.58,-6.31,-68.00,42.00,72.20,f0:2f:74:40:a0:c0
1783366852.5,33.58,-6.31,-66.00,44.00,72.20,f0:2f:74:40:a0:c0
1783366855.5,33.58,-6.31,-64.00,46.00,72.20,f0:2f:74:40:a0:c0
1783366858.5,33.58,-6.31,-65.00,45.00,72.20,f0:2f:74:40:a0:c0
1783366861.5,33.58,-6.31,-65.00,45.00,72.20,f0:2f:74:40:a0:c0
1783366864.5,33.58,-6.31,-64.00,46.00,72.20,f0:2f:74:40:a0:c0
1783366867.5,33.58,-6.31,-65.00,45.00,72.20,f0:2f:74:40:a0:c0
1783366870.5,33.58,-6.31,-65.00,45.00,72.20,f0:2f:74:40:a0:c0
1783366873.5,33.58,-6.31,-65.00,45.00,72.20,f0:2f:74:40:a0:c0
1783366876.5,33.58,-6.31,-65.00,45.00,72.20,f0:2f:74:40:a0:c0
1783366879.5,33.58,-6.31,-65.00,45.00,72.20,f0:2f:74:40:a0:c0
1783366882.5,33.58,-6.31,-64.00,46.00,72.20,f0:2f:74:40:a0:c0
1783366885.5,33.58,-6.31,-65.00,45.00,72.20,f0:2f:74:40:a0:c0
1783366888.5,33.58,-6.31,-65.00,45.00,65.00,f0:2f:74:40:a0:c0
1783366891.5,33.58,-6.31,-65.00,45.00,72.20,f0:2f:74:40:a0:c0
1783366894.5,33.58,-6.31,-65.00,45.00,72.20,f0:2f:74:40:a0:c0
1783366897.5,33.58,-6.31,-65.00,45.00,72.20,f0:2f:74:40:a0:c0
1783366900.5,33.58,-6.31,-65.00,45.00,72.20,f0:2f:74:40:a0:c0
1783366903.5,33.58,-6.31,-65.00,45.00,72.20,f0:2f:74:40:a0:c0
1783366906.5,33.58,-6.31,-65.00,45.00,72.20,f0:2f:74:40:a0:c0
1783366909.5,33.58,-6.31,-69.00,41.00,72.20,f0:2f:74:40:a0:c0
1783366912.5,33.58,-6.31,-65.00,45.00,72.20,f0:2f:74:40:a0:c0
1783366915.5,33.58,-6.31,-65.00,45.00,72.20,f0:2f:74:40:a0:c0
1783366918.5,33.58,-6.31,-65.00,45.00,72.20,f0:2f:74:40:a0:c0
1783366921.5,33.58,-6.31,-65.00,45.00,72.20,f0:2f:74:40:a0:c0
1783366924.5,33.58,-6.31,-65.00,45.00,72.20,f0:2f:74:40:a0:c0
1783366927.5,33.58,-6.31,-65.00,45.00,72.20,f0:2f:74:40:a0:c0
1783366930.5,33.58,-6.31,-65.00,45.00,72.20,f0:2f:74:40:a0:c0
1783366933.5,33.58,-6.31,-65.00,45.00,72.20,f0:2f:74:40:a0:c0
1783366936.5,33.58,-6.31,-65.00,45.00,72.20,f0:2f:74:40:a0:c0
1783366939.5,33.58,-6.31,-66.00,44.00,72.20,f0:2f:74:40:a0:c0
1783366942.5,33.58,-6.31,-65.00,45.00,72.20,f0:2f:74:40:a0:c0
1783366945.5,33.58,-6.31,-65.00,45.00,72.20,f0:2f:74:40:a0:c0
1783366948.5,33.58,-6.31,-65.00,45.00,72.20,f0:2f:74:40:a0:c0
1783366951.5,33.58,-6.31,-65.00,45.00,72.20,f0:2f:74:40:a0:c0
1783366954.5,33.58,-6.31,-65.00,45.00,72.20,f0:2f:74:40:a0:c0
1783366957.5,33.58,-6.31,-65.00,45.00,72.20,f0:2f:74:40:a0:c0
1783366960.5,33.58,-6.31,-65.00,45.00,72.20,f0:2f:74:40:a0:c0
1783366963.5,33.58,-6.31,-65.00,45.00,72.20,f0:2f:74:40:a0:c0
1783366966.5,33.58,-6.31,-65.00,45.00,72.20,f0:2f:74:40:a0:c0
1783366969.5,33.58,-6.31,-65.00,45.00,72.20,f0:2f:74:40:a0:c0
1783366972.5,33.58,-6.31,-65.00,45.00,72.20,f0:2f:74:40:a0:c0
1783366975.5,33.58,-6.31,-65.00,45.00,72.20,f0:2f:74:40:a0:c0
1783366978.5,33.58,-6.31,-65.00,45.00,72.20,f0:2f:74:40:a0:c0
1783366981.5,33.58,-6.31,-65.00,45.00,72.20,f0:2f:74:40:a0:c0
1783366984.5,33.58,-6.31,-65.00,45.00,72.20,f0:2f:74:40:a0:c0
1783366987.5,33.58,-6.31,-65.00,45.00,72.20,f0:2f:74:40:a0:c0
1783366990.5,33.58,-6.31,-65.00,45.00,72.20,f0:2f:74:40:a0:c0
1783366993.5,33.58,-6.31,-65.00,45.00,72.20,f0:2f:74:40:a0:c0
1783366996.5,33.58,-6.31,-64.00,46.00,72.20,f0:2f:74:40:a0:c0
1783366999.5,33.58,-6.31,-65.00,45.00,65.00,f0:2f:74:40:a0:c0
1783367002.5,33.58,-6.31,-64.00,46.00,5.50,f0:2f:74:40:a0:c0
1783367005.5,33.58,-6.31,-63.00,47.00,5.50,f0:2f:74:40:a0:c0
1783367008.5,33.58,-6.31,-65.00,45.00,72.20,f0:2f:74:40:a0:c0
1783367011.5,33.58,-6.31,-65.00,45.00,72.20,f0:2f:74:40:a0:c0
1783367014.5,33.58,-6.31,-66.00,44.00,72.20,f0:2f:74:40:a0:c0
1783367017.5,33.58,-6.31,-66.00,44.00,72.20,f0:2f:74:40:a0:c0
1783367020.5,33.58,-6.31,-65.00,45.00,72.20,f0:2f:74:40:a0:c0
1783367023.5,33.58,-6.31,-65.00,45.00,72.20,f0:2f:74:40:a0:c0
1783367026.5,33.58,-6.31,-65.00,45.00,72.20,f0:2f:74:40:a0:c0
1783367029.5,33.58,-6.31,-65.00,45.00,72.20,f0:2f:74:40:a0:c0
1783367032.5,33.58,-6.31,-66.00,44.00,72.20,f0:2f:74:40:a0:c0
1783367035.5,33.58,-6.31,-66.00,44.00,72.20,f0:2f:74:40:a0:c0
1783367038.5,33.58,-6.31,-64.00,46.00,72.20,f0:2f:74:40:a0:c0
1783367041.5,33.58,-6.31,-65.00,45.00,72.20,f0:2f:74:40:a0:c0
1783367044.5,33.58,-6.31,-66.00,44.00,72.20,f0:2f:74:40:a0:c0
1783367047.5,33.58,-6.31,-65.00,45.00,72.20,f0:2f:74:40:a0:c0
1783367050.5,33.58,-6.31,-65.00,45.00,72.20,f0:2f:74:40:a0:c0
1783367053.5,33.58,-6.31,-65.00,45.00,72.20,f0:2f:74:40:a0:c0
1783367056.5,33.58,-6.31,-65.00,45.00,72.20,f0:2f:74:40:a0:c0
1783367059.9,33.58,-6.31,-65.00,45.00,6.50,f0:2f:74:40:a0:c0
1783367062.5,33.58,-6.31,-64.00,46.00,5.50,f0:2f:74:40:a0:c0
1783367065.5,33.58,-6.31,-65.00,45.00,7.20,f0:2f:74:40:a0:c0
1783367068.5,33.58,-6.31,-65.00,45.00,72.20,f0:2f:74:40:a0:c0
1783367071.5,33.58,-6.31,-65.00,45.00,24.00,f0:2f:74:40:a0:c0
1783367074.5,33.58,-6.31,-65.00,45.00,72.20,f0:2f:74:40:a0:c0
1783367077.5,33.58,-6.31,-65.00,45.00,72.20,f0:2f:74:40:a0:c0
1783367080.5,33.58,-6.31,-65.00,45.00,72.20,f0:2f:74:40:a0:c0
1783367083.5,33.58,-6.31,-65.00,45.00,72.20,f0:2f:74:40:a0:c0
1783367086.5,33.58,-6.31,-65.00,45.00,72.20,f0:2f:74:40:a0:c0
1783367089.5,33.58,-6.31,-65.00,45.00,72.20,f0:2f:74:40:a0:c0
1783367092.5,33.58,-6.31,-65.00,45.00,72.20,f0:2f:74:40:a0:c0
1783367095.5,33.58,-6.31,-65.00,45.00,72.20,f0:2f:74:40:a0:c0
1783367098.5,33.58,-6.31,-65.00,45.00,72.20,f0:2f:74:40:a0:c0
1783367101.5,33.58,-6.31,-64.00,46.00,72.20,f0:2f:74:40:a0:c0
1783367104.5,33.58,-6.31,-64.00,46.00,72.20,f0:2f:74:40:a0:c0
1783367107.5,33.58,-6.31,-65.00,45.00,72.20,f0:2f:74:40:a0:c0
1783367110.5,33.58,-6.31,-65.00,45.00,72.20,f0:2f:74:40:a0:c0
1783367113.5,33.58,-6.31,-65.00,45.00,72.20,f0:2f:74:40:a0:c0
1783367116.5,33.58,-6.31,-65.00,45.00,72.20,f0:2f:74:40:a0:c0
1783367119.5,33.58,-6.31,-64.00,46.00,72.20,f0:2f:74:40:a0:c0
1783367122.5,33.58,-6.31,-65.00,45.00,72.20,f0:2f:74:40:a0:c0
1783367125.5,33.58,-6.31,-65.00,45.00,72.20,f0:2f:74:40:a0:c0
1783367128.5,33.58,-6.31,-65.00,45.00,72.20,f0:2f:74:40:a0:c0
1783367131.5,33.58,-6.31,-65.00,45.00,72.20,f0:2f:74:40:a0:c0
1783367134.5,33.58,-6.31,-65.00,45.00,72.20,f0:2f:74:40:a0:c0
1783367137.5,33.58,-6.31,-64.00,46.00,72.20,f0:2f:74:40:a0:c0
1783367140.5,33.58,-6.31,-65.00,45.00,72.20,f0:2f:74:40:a0:c0
1783367143.5,33.58,-6.31,-65.00,45.00,72.20,f0:2f:74:40:a0:c0
1783367146.5,33.58,-6.31,-65.00,45.00,72.20,f0:2f:74:40:a0:c0
1783367149.5,33.58,-6.31,-65.00,45.00,72.20,f0:2f:74:40:a0:c0
1783367152.5,33.58,-6.31,-64.00,46.00,72.20,f0:2f:74:40:a0:c0
1783367155.5,33.58,-6.31,-65.00,45.00,72.20,f0:2f:74:40:a0:c0
1783367158.5,33.58,-6.31,-65.00,45.00,72.20,f0:2f:74:40:a0:c0
1783367161.5,33.58,-6.31,-65.00,45.00,72.20,f0:2f:74:40:a0:c0
1783367164.5,33.58,-6.31,-65.00,45.00,72.20,f0:2f:74:40:a0:c0
1783367167.5,33.58,-6.31,-65.00,45.00,72.20,f0:2f:74:40:a0:c0
1783367170.5,33.58,-6.31,-65.00,45.00,72.20,f0:2f:74:40:a0:c0
1783367173.5,33.58,-6.31,-67.00,43.00,5.50,f0:2f:74:40:a0:c0
1783367176.5,33.58,-6.31,-66.00,44.00,5.50,f0:2f:74:40:a0:c0
1783367179.5,33.58,-6.31,-68.00,42.00,7.20,f0:2f:74:40:a0:c0
1783367182.5,33.58,-6.31,-65.00,45.00,72.20,f0:2f:74:40:a0:c0
1783367185.5,33.58,-6.31,-65.00,45.00,65.00,f0:2f:74:40:a0:c0
1783367188.5,33.58,-6.31,-65.00,45.00,72.20,f0:2f:74:40:a0:c0
1783367191.5,33.58,-6.31,-65.00,45.00,72.20,f0:2f:74:40:a0:c0
1783367194.5,33.58,-6.31,-65.00,45.00,72.20,f0:2f:74:40:a0:c0
1783367197.5,33.58,-6.31,-65.00,45.00,65.00,f0:2f:74:40:a0:c0
1783367200.5,33.58,-6.31,-65.00,45.00,72.20,f0:2f:74:40:a0:c0
1783367203.5,33.58,-6.31,-65.00,45.00,72.20,f0:2f:74:40:a0:c0
1783367206.5,33.58,-6.31,-65.00,45.00,72.20,f0:2f:74:40:a0:c0
1783367209.5,33.58,-6.31,-65.00,45.00,72.20,f0:2f:74:40:a0:c0
1783367212.5,33.58,-6.31,-65.00,45.00,72.20,f0:2f:74:40:a0:c0
1783367215.5,33.58,-6.31,-65.00,45.00,72.20,f0:2f:74:40:a0:c0
1783367218.5,33.58,-6.31,-65.00,45.00,72.20,f0:2f:74:40:a0:c0
1783367221.5,33.58,-6.31,-65.00,45.00,72.20,f0:2f:74:40:a0:c0
1783367224.5,33.58,-6.31,-65.00,45.00,72.20,f0:2f:74:40:a0:c0
1783367227.5,33.58,-6.31,-65.00,45.00,72.20,f0:2f:74:40:a0:c0
1783367230.5,33.58,-6.31,-65.00,45.00,72.20,f0:2f:74:40:a0:c0
1783367233.5,33.58,-6.31,-65.00,45.00,72.20,f0:2f:74:40:a0:c0
1783367236.5,33.58,-6.31,-65.00,45.00,72.20,f0:2f:74:40:a0:c0
1783367239.5,33.58,-6.31,-64.00,46.00,72.20,f0:2f:74:40:a0:c0
1783367242.5,33.58,-6.31,-65.00,45.00,72.20,f0:2f:74:40:a0:c0
1783367245.5,33.58,-6.31,-65.00,45.00,72.20,f0:2f:74:40:a0:c0
1783367248.5,33.58,-6.31,-65.00,45.00,72.20,f0:2f:74:40:a0:c0
1783367251.5,33.58,-6.31,-65.00,45.00,72.20,f0:2f:74:40:a0:c0
1783367254.5,33.58,-6.31,-65.00,45.00,72.20,f0:2f:74:40:a0:c0
1783367257.5,33.58,-6.31,-64.00,46.00,72.20,f0:2f:74:40:a0:c0
1783367260.5,33.58,-6.31,-65.00,45.00,72.20,f0:2f:74:40:a0:c0
1783367263.5,33.58,-6.31,-65.00,45.00,72.20,f0:2f:74:40:a0:c0
1783367266.5,33.58,-6.31,-65.00,45.00,72.20,f0:2f:74:40:a0:c0
1783367269.5,33.58,-6.31,-65.00,45.00,72.20,f0:2f:74:40:a0:c0
1783367272.5,33.58,-6.31,-65.00,45.00,72.20,f0:2f:74:40:a0:c0
1783367275.5,33.58,-6.31,-66.00,44.00,72.20,f0:2f:74:40:a0:c0
1783367278.5,33.58,-6.31,-65.00,45.00,72.20,f0:2f:74:40:a0:c0
1783367281.5,33.58,-6.31,-65.00,45.00,72.20,f0:2f:74:40:a0:c0
1783367284.5,33.58,-6.31,-65.00,45.00,72.20,f0:2f:74:40:a0:c0
1783367287.5,33.58,-6.31,-65.00,45.00,72.20,f0:2f:74:40:a0:c0
1783367290.5,33.58,-6.31,-65.00,45.00,72.20,f0:2f:74:40:a0:c0
1783367293.5,33.58,-6.31,-65.00,45.00,72.20,f0:2f:74:40:a0:c0
1783367296.5,33.58,-6.31,-65.00,45.00,72.20,f0:2f:74:40:a0:c0
1783367299.5,33.58,-6.31,-65.00,45.00,72.20,f0:2f:74:40:a0:c0
1783367302.5,33.58,-6.31,-65.00,45.00,72.20,f0:2f:74:40:a0:c0
1783367305.5,33.58,-6.31,-65.00,45.00,72.20,f0:2f:74:40:a0:c0
1783367308.5,33.58,-6.31,-66.00,44.00,72.20,f0:2f:74:40:a0:c0
1783367311.5,33.58,-6.31,-65.00,45.00,65.00,f0:2f:74:40:a0:c0
1783367314.5,33.58,-6.31,-65.00,45.00,72.20,f0:2f:74:40:a0:c0
1783367317.5,33.58,-6.31,-65.00,45.00,72.20,f0:2f:74:40:a0:c0
1783367320.5,33.58,-6.31,-66.00,44.00,72.20,f0:2f:74:40:a0:c0
1783367323.5,33.58,-6.31,-65.00,45.00,72.20,f0:2f:74:40:a0:c0
1783367326.5,33.58,-6.31,-65.00,45.00,72.20,f0:2f:74:40:a0:c0
1783367329.5,33.58,-6.31,-65.00,45.00,65.00,f0:2f:74:40:a0:c0
1783367332.5,33.58,-6.31,-65.00,45.00,65.00,f0:2f:74:40:a0:c0
1783367335.5,33.58,-6.31,-64.00,46.00,72.20,f0:2f:74:40:a0:c0
1783367338.5,33.58,-6.31,-65.00,45.00,72.20,f0:2f:74:40:a0:c0
1783367341.5,33.58,-6.31,-65.00,45.00,72.20,f0:2f:74:40:a0:c0
1783367344.5,33.58,-6.31,-65.00,45.00,72.20,f0:2f:74:40:a0:c0
1783367347.5,33.58,-6.31,-65.00,45.00,72.20,f0:2f:74:40:a0:c0
1783367350.5,33.58,-6.31,-65.00,45.00,65.00,f0:2f:74:40:a0:c0
1783367353.5,33.58,-6.31,-65.00,45.00,65.00,f0:2f:74:40:a0:c0
1783367356.5,33.58,-6.31,-65.00,45.00,72.20,f0:2f:74:40:a0:c0
1783367359.5,33.58,-6.31,-65.00,45.00,72.20,f0:2f:74:40:a0:c0
1783367362.5,33.58,-6.31,-65.00,45.00,65.00,f0:2f:74:40:a0:c0
1783367365.5,33.58,-6.31,-65.00,45.00,72.20,f0:2f:74:40:a0:c0
1783367368.5,33.58,-6.31,-65.00,45.00,72.20,f0:2f:74:40:a0:c0
1783367371.5,33.58,-6.31,-64.00,46.00,72.20,f0:2f:74:40:a0:c0
1783367374.5,33.58,-6.31,-65.00,45.00,72.20,f0:2f:74:40:a0:c0
1783367377.5,33.58,-6.31,-65.00,45.00,72.20,f0:2f:74:40:a0:c0
1783367380.5,33.58,-6.31,-65.00,45.00,72.20,f0:2f:74:40:a0:c0
1783367383.5,33.58,-6.31,-65.00,45.00,72.20,f0:2f:74:40:a0:c0
1783367386.5,33.58,-6.31,-65.00,45.00,72.20,f0:2f:74:40:a0:c0
1783367389.5,33.58,-6.31,-65.00,45.00,72.20,f0:2f:74:40:a0:c0
1783367392.5,33.58,-6.31,-65.00,45.00,72.20,f0:2f:74:40:a0:c0
1783367395.5,33.58,-6.31,-65.00,45.00,72.20,f0:2f:74:40:a0:c0
1783367398.5,33.58,-6.31,-65.00,45.00,72.20,f0:2f:74:40:a0:c0
1783367401.5,33.58,-6.31,-65.00,45.00,72.20,f0:2f:74:40:a0:c0
1783367404.5,33.58,-6.31,-65.00,45.00,72.20,f0:2f:74:40:a0:c0
1783367407.5,33.58,-6.31,-65.00,45.00,72.20,f0:2f:74:40:a0:c0
1783367410.5,33.58,-6.31,-65.00,45.00,72.20,f0:2f:74:40:a0:c0
1783367413.5,33.58,-6.31,-65.00,45.00,72.20,f0:2f:74:40:a0:c0
1783367416.5,33.58,-6.31,-65.00,45.00,72.20,f0:2f:74:40:a0:c0
1783367419.5,33.58,-6.31,-65.00,45.00,72.20,f0:2f:74:40:a0:c0
1783367422.5,33.58,-6.31,-65.00,45.00,6.50,f0:2f:74:40:a0:c0
1783367425.5,33.58,-6.31,-65.00,45.00,5.50,f0:2f:74:40:a0:c0
1783367428.5,33.58,-6.31,-65.00,45.00,14.40,f0:2f:74:40:a0:c0
1783367431.5,33.58,-6.31,-65.00,45.00,72.20,f0:2f:74:40:a0:c0
1783367434.5,33.58,-6.31,-65.00,45.00,72.20,f0:2f:74:40:a0:c0
1783367437.5,33.58,-6.31,-65.00,45.00,72.20,f0:2f:74:40:a0:c0
1783367440.5,33.58,-6.31,-64.00,46.00,72.20,f0:2f:74:40:a0:c0
1783367443.5,33.58,-6.31,-64.00,46.00,72.20,f0:2f:74:40:a0:c0
1783367446.5,33.58,-6.31,-65.00,45.00,72.20,f0:2f:74:40:a0:c0
1783367449.5,33.58,-6.31,-64.00,46.00,72.20,f0:2f:74:40:a0:c0
1783367452.5,33.58,-6.31,-64.00,46.00,72.20,f0:2f:74:40:a0:c0
1783367455.5,33.58,-6.31,-65.00,45.00,72.20,f0:2f:74:40:a0:c0
1783367458.5,33.58,-6.31,-65.00,45.00,72.20,f0:2f:74:40:a0:c0
1783367461.5,33.58,-6.31,-64.00,46.00,72.20,f0:2f:74:40:a0:c0
1783367464.5,33.58,-6.31,-65.00,45.00,65.00,f0:2f:74:40:a0:c0
1783367467.5,33.58,-6.31,-64.00,46.00,72.20,f0:2f:74:40:a0:c0
1783367470.5,33.58,-6.31,-64.00,46.00,72.20,f0:2f:74:40:a0:c0
1783367473.5,33.58,-6.31,-64.00,46.00,72.20,f0:2f:74:40:a0:c0
1783367476.5,33.58,-6.31,-64.00,46.00,72.20,f0:2f:74:40:a0:c0
1783367479.5,33.58,-6.31,-65.00,45.00,7.20,f0:2f:74:40:a0:c0
1783367482.5,33.58,-6.31,-66.00,44.00,5.50,f0:2f:74:40:a0:c0
1783367485.5,33.58,-6.31,-66.00,44.00,5.50,f0:2f:74:40:a0:c0
1783367488.5,33.58,-6.31,-64.00,46.00,57.70,f0:2f:74:40:a0:c0
1783367491.5,33.58,-6.31,-64.00,46.00,72.20,f0:2f:74:40:a0:c0
1783367494.5,33.58,-6.31,-65.00,45.00,72.20,f0:2f:74:40:a0:c0
1783367497.5,33.58,-6.31,-64.00,46.00,72.20,f0:2f:74:40:a0:c0
1783367500.5,33.58,-6.31,-65.00,45.00,72.20,f0:2f:74:40:a0:c0
1783367503.5,33.58,-6.31,-65.00,45.00,72.20,f0:2f:74:40:a0:c0
1783367506.5,33.58,-6.31,-65.00,45.00,72.20,f0:2f:74:40:a0:c0
1783367509.5,33.58,-6.31,-66.00,44.00,72.20,f0:2f:74:40:a0:c0
1783367512.5,33.58,-6.31,-65.00,45.00,72.20,f0:2f:74:40:a0:c0
1783367515.5,33.58,-6.31,-65.00,45.00,72.20,f0:2f:74:40:a0:c0
1783367518.5,33.58,-6.31,-65.00,45.00,72.20,f0:2f:74:40:a0:c0
1783367521.5,33.58,-6.31,-64.00,46.00,72.20,f0:2f:74:40:a0:c0
1783367524.5,33.58,-6.31,-65.00,45.00,72.20,f0:2f:74:40:a0:c0
1783367527.5,33.58,-6.31,-65.00,45.00,72.20,f0:2f:74:40:a0:c0
1783367530.5,33.58,-6.31,-65.00,45.00,72.20,f0:2f:74:40:a0:c0
1783367533.5,33.58,-6.31,-65.00,45.00,72.20,f0:2f:74:40:a0:c0
1783367536.5,33.58,-6.31,-65.00,45.00,72.20,f0:2f:74:40:a0:c0
1783367539.5,33.58,-6.31,-66.00,44.00,57.70,f0:2f:74:40:a0:c0
1783367542.5,33.58,-6.31,-66.00,44.00,65.00,f0:2f:74:40:a0:c0
1783367545.5,33.58,-6.31,-65.00,45.00,65.00,f0:2f:74:40:a0:c0
1783367548.5,33.58,-6.31,-64.00,46.00,65.00,f0:2f:74:40:a0:c0
1783367551.5,33.58,-6.31,-65.00,45.00,72.20,f0:2f:74:40:a0:c0
1783367554.5,33.58,-6.31,-65.00,45.00,72.20,f0:2f:74:40:a0:c0
1783367557.5,33.58,-6.31,-64.00,46.00,72.20,f0:2f:74:40:a0:c0
1783367560.5,33.58,-6.31,-65.00,45.00,72.20,f0:2f:74:40:a0:c0
1783367563.5,33.58,-6.31,-65.00,45.00,72.20,f0:2f:74:40:a0:c0
1783367566.5,33.58,-6.31,-64.00,46.00,72.20,f0:2f:74:40:a0:c0
1783367569.5,33.58,-6.31,-65.00,45.00,57.70,f0:2f:74:40:a0:c0
1783367572.5,33.58,-6.31,-65.00,45.00,72.20,f0:2f:74:40:a0:c0
1783367575.5,33.58,-6.31,-65.00,45.00,72.20,f0:2f:74:40:a0:c0
1783367578.5,33.58,-6.31,-66.00,44.00,72.20,f0:2f:74:40:a0:c0
1783367581.5,33.58,-6.31,-65.00,45.00,72.20,f0:2f:74:40:a0:c0
1783367584.5,33.58,-6.31,-64.00,46.00,72.20,f0:2f:74:40:a0:c0
1783367587.5,33.58,-6.31,-65.00,45.00,72.20,f0:2f:74:40:a0:c0
1783367590.5,33.58,-6.31,-64.00,46.00,72.20,f0:2f:74:40:a0:c0
1783367593.5,33.58,-6.31,-65.00,45.00,72.20,f0:2f:74:40:a0:c0
1783367596.5,33.58,-6.31,-65.00,45.00,72.20,f0:2f:74:40:a0:c0
1783367599.5,33.58,-6.31,-64.00,46.00,72.20,f0:2f:74:40:a0:c0
1783367602.5,33.58,-6.31,-64.00,46.00,72.20,f0:2f:74:40:a0:c0
1783367605.5,33.58,-6.31,-64.00,46.00,72.20,f0:2f:74:40:a0:c0
1783367608.5,33.58,-6.31,-64.00,46.00,72.20,f0:2f:74:40:a0:c0
1783367611.5,33.58,-6.31,-65.00,45.00,72.20,f0:2f:74:40:a0:c0
1783367614.5,33.58,-6.31,-64.00,46.00,72.20,f0:2f:74:40:a0:c0
1783367617.5,33.58,-6.31,-65.00,45.00,72.20,f0:2f:74:40:a0:c0
1783367620.5,33.58,-6.31,-64.00,46.00,72.20,f0:2f:74:40:a0:c0
1783367623.5,33.58,-6.31,-65.00,45.00,72.20,f0:2f:74:40:a0:c0
1783367626.5,33.58,-6.31,-65.00,45.00,72.20,f0:2f:74:40:a0:c0
1783367629.5,33.58,-6.31,-65.00,45.00,72.20,f0:2f:74:40:a0:c0
1783367632.5,33.58,-6.31,-64.00,46.00,72.20,f0:2f:74:40:a0:c0
1783367635.5,33.58,-6.31,-65.00,45.00,14.40,f0:2f:74:40:a0:c0
1783367638.5,33.58,-6.31,-62.00,48.00,5.50,f0:2f:74:40:a0:c0
1783367641.5,33.58,-6.31,-64.00,46.00,7.20,f0:2f:74:40:a0:c0
1783367644.5,33.58,-6.31,-65.00,45.00,72.20,f0:2f:74:40:a0:c0
1783367647.5,33.58,-6.31,-64.00,46.00,72.20,f0:2f:74:40:a0:c0
1783367650.5,33.58,-6.31,-65.00,45.00,72.20,f0:2f:74:40:a0:c0
1783367653.5,33.58,-6.31,-64.00,46.00,72.20,f0:2f:74:40:a0:c0
1783367656.5,33.58,-6.31,-65.00,45.00,72.20,f0:2f:74:40:a0:c0
1783367659.5,33.58,-6.31,-64.00,46.00,72.20,f0:2f:74:40:a0:c0
1783367662.5,33.58,-6.31,-64.00,46.00,72.20,f0:2f:74:40:a0:c0
1783367665.5,33.58,-6.31,-65.00,45.00,72.20,f0:2f:74:40:a0:c0
1783367668.5,33.58,-6.31,-64.00,46.00,72.20,f0:2f:74:40:a0:c0
1783367671.5,33.58,-6.31,-64.00,46.00,72.20,f0:2f:74:40:a0:c0
1783367674.5,33.58,-6.31,-65.00,45.00,24.00,f0:2f:74:40:a0:c0
1783367677.5,33.58,-6.31,-64.00,46.00,5.50,f0:2f:74:40:a0:c0
1783367680.5,33.58,-6.31,-63.00,47.00,5.50,f0:2f:74:40:a0:c0
1783367683.5,33.58,-6.31,-63.00,47.00,5.50,f0:2f:74:40:a0:c0
1783367686.5,33.58,-6.31,-64.00,46.00,72.20,f0:2f:74:40:a0:c0
1783367689.5,33.58,-6.31,-65.00,45.00,72.20,f0:2f:74:40:a0:c0
1783367692.5,33.58,-6.31,-64.00,46.00,72.20,f0:2f:74:40:a0:c0
1783367695.5,33.58,-6.31,-64.00,46.00,72.20,f0:2f:74:40:a0:c0
1783367698.5,33.58,-6.31,-64.00,46.00,72.20,f0:2f:74:40:a0:c0
1783367701.5,33.58,-6.31,-64.00,46.00,72.20,f0:2f:74:40:a0:c0
1783367704.5,33.58,-6.31,-65.00,45.00,72.20,f0:2f:74:40:a0:c0
1783367707.5,33.58,-6.31,-65.00,45.00,72.20,f0:2f:74:40:a0:c0
1783367710.5,33.58,-6.31,-64.00,46.00,72.20,f0:2f:74:40:a0:c0
1783367713.5,33.58,-6.31,-65.00,45.00,72.20,f0:2f:74:40:a0:c0
1783367716.5,33.58,-6.31,-65.00,45.00,72.20,f0:2f:74:40:a0:c0
1783367719.5,33.58,-6.31,-64.00,46.00,72.20,f0:2f:74:40:a0:c0
1783367722.5,33.58,-6.31,-64.00,46.00,72.20,f0:2f:74:40:a0:c0
1783367725.5,33.58,-6.31,-64.00,46.00,72.20,f0:2f:74:40:a0:c0
1783367728.5,33.58,-6.31,-65.00,45.00,72.20,f0:2f:74:40:a0:c0
1783367731.5,33.58,-6.31,-64.00,46.00,72.20,f0:2f:74:40:a0:c0
1783367734.5,33.58,-6.31,-64.00,46.00,72.20,f0:2f:74:40:a0:c0
1783367737.5,33.58,-6.31,-65.00,45.00,72.20,f0:2f:74:40:a0:c0
1783367740.5,33.58,-6.31,-65.00,45.00,72.20,f0:2f:74:40:a0:c0
1783367743.5,33.58,-6.31,-64.00,46.00,72.20,f0:2f:74:40:a0:c0
1783367746.5,33.58,-6.31,-64.00,46.00,72.20,f0:2f:74:40:a0:c0
1783367749.5,33.58,-6.31,-64.00,46.00,72.20,f0:2f:74:40:a0:c0
1783367752.5,33.58,-6.31,-65.00,45.00,72.20,f0:2f:74:40:a0:c0
1783367755.5,33.58,-6.31,-65.00,45.00,72.20,f0:2f:74:40:a0:c0
1783367758.5,33.58,-6.31,-65.00,45.00,72.20,f0:2f:74:40:a0:c0
1783367761.5,33.58,-6.31,-64.00,46.00,72.20,f0:2f:74:40:a0:c0
1783367764.5,33.58,-6.31,-64.00,46.00,72.20,f0:2f:74:40:a0:c0
1783367767.5,33.58,-6.31,-65.00,45.00,72.20,f0:2f:74:40:a0:c0
1783367770.5,33.58,-6.31,-65.00,45.00,72.20,f0:2f:74:40:a0:c0
1783367773.5,33.58,-6.31,-65.00,45.00,72.20,f0:2f:74:40:a0:c0
1783367776.5,33.58,-6.31,-64.00,46.00,72.20,f0:2f:74:40:a0:c0
1783367779.5,33.58,-6.31,-64.00,46.00,72.20,f0:2f:74:40:a0:c0
1783367782.5,33.58,-6.31,-65.00,45.00,72.20,f0:2f:74:40:a0:c0
1783367785.5,33.58,-6.31,-65.00,45.00,72.20,f0:2f:74:40:a0:c0
1783367788.5,33.58,-6.31,-64.00,46.00,72.20,f0:2f:74:40:a0:c0
1783367791.5,33.58,-6.31,-64.00,46.00,72.20,f0:2f:74:40:a0:c0
1783367794.5,33.58,-6.31,-64.00,46.00,72.20,f0:2f:74:40:a0:c0
1783367797.5,33.58,-6.31,-64.00,46.00,65.00,f0:2f:74:40:a0:c0
1783367800.5,33.58,-6.31,-64.00,46.00,39.00,f0:2f:74:40:a0:c0
1783367803.5,33.58,-6.31,-65.00,45.00,5.50,f0:2f:74:40:a0:c0
1783367806.5,33.58,-6.31,-63.00,47.00,5.50,f0:2f:74:40:a0:c0
1783367809.5,33.58,-6.31,-64.00,46.00,21.60,f0:2f:74:40:a0:c0
1783367812.5,33.58,-6.31,-65.00,45.00,72.20,f0:2f:74:40:a0:c0
1783367815.5,33.58,-6.31,-65.00,45.00,72.20,f0:2f:74:40:a0:c0
1783367818.5,33.58,-6.31,-66.00,44.00,72.20,f0:2f:74:40:a0:c0
1783367821.5,33.58,-6.31,-65.00,45.00,72.20,f0:2f:74:40:a0:c0
1783367824.5,33.58,-6.31,-65.00,45.00,72.20,f0:2f:74:40:a0:c0
1783367827.5,33.58,-6.31,-64.00,46.00,72.20,f0:2f:74:40:a0:c0
1783367830.5,33.58,-6.31,-65.00,45.00,72.20,f0:2f:74:40:a0:c0
1783367833.5,33.58,-6.31,-65.00,45.00,72.20,f0:2f:74:40:a0:c0
1783367836.5,33.58,-6.31,-66.00,44.00,72.20,f0:2f:74:40:a0:c0
1783367839.5,33.58,-6.31,-65.00,45.00,72.20,f0:2f:74:40:a0:c0
1783367842.5,33.58,-6.31,-63.00,47.00,19.50,f0:2f:74:40:a0:c0
1783367845.5,33.58,-6.31,-65.00,45.00,5.50,f0:2f:74:40:a0:c0
1783367848.5,33.58,-6.31,-65.00,45.00,5.50,f0:2f:74:40:a0:c0
1783367851.5,33.58,-6.31,-66.00,44.00,65.00,f0:2f:74:40:a0:c0
1783367854.5,33.58,-6.31,-65.00,45.00,72.20,f0:2f:74:40:a0:c0
1783367857.5,33.58,-6.31,-65.00,45.00,72.20,f0:2f:74:40:a0:c0
1783367860.5,33.58,-6.31,-65.00,45.00,72.20,f0:2f:74:40:a0:c0
1783367863.5,33.58,-6.31,-64.00,46.00,72.20,f0:2f:74:40:a0:c0
1783367866.5,33.58,-6.31,-65.00,45.00,72.20,f0:2f:74:40:a0:c0
1783367869.5,33.58,-6.31,-65.00,45.00,72.20,f0:2f:74:40:a0:c0
1783367872.5,33.58,-6.31,-65.00,45.00,72.20,f0:2f:74:40:a0:c0
1783367875.5,33.58,-6.31,-65.00,45.00,52.00,f0:2f:74:40:a0:c0
1783367878.5,33.58,-6.31,-64.00,46.00,5.50,f0:2f:74:40:a0:c0
1783367881.5,33.58,-6.31,-65.00,45.00,5.50,f0:2f:74:40:a0:c0
1783367884.5,33.58,-6.31,-65.00,45.00,28.80,f0:2f:74:40:a0:c0
1783367887.5,33.58,-6.31,-65.00,45.00,72.20,f0:2f:74:40:a0:c0
1783367890.5,33.58,-6.31,-64.00,46.00,72.20,f0:2f:74:40:a0:c0
1783367893.5,33.58,-6.31,-65.00,45.00,72.20,f0:2f:74:40:a0:c0
1783367896.5,33.58,-6.31,-66.00,44.00,72.20,f0:2f:74:40:a0:c0
1783367899.5,33.58,-6.31,-66.00,44.00,72.20,f0:2f:74:40:a0:c0
1783367902.5,33.58,-6.31,-65.00,45.00,72.20,f0:2f:74:40:a0:c0
1783367905.5,33.58,-6.31,-65.00,45.00,72.20,f0:2f:74:40:a0:c0
1783367908.5,33.58,-6.31,-65.00,45.00,72.20,f0:2f:74:40:a0:c0
1783367911.5,33.58,-6.31,-65.00,45.00,72.20,f0:2f:74:40:a0:c0
1783367914.5,33.58,-6.31,-65.00,45.00,72.20,f0:2f:74:40:a0:c0
1783367917.5,33.58,-6.31,-65.00,45.00,72.20,f0:2f:74:40:a0:c0
1783367920.5,33.58,-6.31,-65.00,45.00,72.20,f0:2f:74:40:a0:c0
1783367923.5,33.58,-6.31,-65.00,45.00,72.20,f0:2f:74:40:a0:c0
1783367926.5,33.58,-6.31,-65.00,45.00,72.20,f0:2f:74:40:a0:c0
1783367929.5,33.58,-6.31,-64.00,46.00,72.20,f0:2f:74:40:a0:c0
1783367932.5,33.58,-6.31,-64.00,46.00,72.20,f0:2f:74:40:a0:c0
1783367935.5,33.58,-6.31,-64.00,46.00,72.20,f0:2f:74:40:a0:c0
1783367938.5,33.58,-6.31,-64.00,46.00,72.20,f0:2f:74:40:a0:c0
1783367941.5,33.58,-6.31,-64.00,46.00,72.20,f0:2f:74:40:a0:c0
1783367944.5,33.58,-6.31,-65.00,45.00,72.20,f0:2f:74:40:a0:c0
1783367947.5,33.58,-6.31,-64.00,46.00,72.20,f0:2f:74:40:a0:c0
1783367950.5,33.58,-6.31,-64.00,46.00,72.20,f0:2f:74:40:a0:c0
1783367953.5,33.58,-6.31,-64.00,46.00,72.20,f0:2f:74:40:a0:c0
1783367956.5,33.58,-6.31,-65.00,45.00,72.20,f0:2f:74:40:a0:c0
1783367959.5,33.58,-6.31,-64.00,46.00,72.20,f0:2f:74:40:a0:c0
1783367962.5,33.58,-6.31,-68.00,42.00,6.50,f0:2f:74:40:a0:c0
1783367965.5,33.58,-6.31,-65.00,45.00,13.00,f0:2f:74:40:a0:c0
1783367968.5,33.58,-6.31,-65.00,45.00,5.50,f0:2f:74:40:a0:c0
1783367971.5,33.58,-6.31,-64.00,46.00,72.20,f0:2f:74:40:a0:c0
1783367974.5,33.58,-6.31,-64.00,46.00,72.20,f0:2f:74:40:a0:c0
1783367977.5,33.58,-6.31,-65.00,45.00,72.20,f0:2f:74:40:a0:c0
1783367980.5,33.58,-6.31,-64.00,46.00,72.20,f0:2f:74:40:a0:c0
1783367983.5,33.58,-6.31,-64.00,46.00,72.20,f0:2f:74:40:a0:c0
1783367986.5,33.58,-6.31,-64.00,46.00,72.20,f0:2f:74:40:a0:c0
1783367989.5,33.58,-6.31,-65.00,45.00,72.20,f0:2f:74:40:a0:c0
1783367992.5,33.58,-6.31,-66.00,44.00,72.20,f0:2f:74:40:a0:c0
1783367995.5,33.58,-6.31,-65.00,45.00,72.20,f0:2f:74:40:a0:c0
1783367998.5,33.58,-6.31,-65.00,45.00,72.20,f0:2f:74:40:a0:c0
1783368001.5,33.58,-6.31,-65.00,45.00,72.20,f0:2f:74:40:a0:c0
1783368004.5,33.58,-6.31,-66.00,44.00,72.20,f0:2f:74:40:a0:c0
1783368007.5,33.58,-6.31,-65.00,45.00,72.20,f0:2f:74:40:a0:c0
1783368010.5,33.58,-6.31,-65.00,45.00,72.20,f0:2f:74:40:a0:c0
1783368013.5,33.58,-6.31,-65.00,45.00,72.20,f0:2f:74:40:a0:c0
1783368016.5,33.58,-6.31,-65.00,45.00,72.20,f0:2f:74:40:a0:c0
1783368019.5,33.58,-6.31,-65.00,45.00,72.20,f0:2f:74:40:a0:c0
1783368022.5,33.58,-6.31,-65.00,45.00,72.20,f0:2f:74:40:a0:c0
1783368025.5,33.58,-6.31,-65.00,45.00,72.20,f0:2f:74:40:a0:c0
1783368028.5,33.58,-6.31,-65.00,45.00,72.20,f0:2f:74:40:a0:c0
1783368031.5,33.58,-6.31,-64.00,46.00,72.20,f0:2f:74:40:a0:c0
1783368034.5,33.58,-6.31,-65.00,45.00,72.20,f0:2f:74:40:a0:c0
1783368037.5,33.58,-6.31,-64.00,46.00,72.20,f0:2f:74:40:a0:c0
1783368040.5,33.58,-6.31,-64.00,46.00,72.20,f0:2f:74:40:a0:c0
1783368043.5,33.58,-6.31,-65.00,45.00,72.20,f0:2f:74:40:a0:c0
1783368046.5,33.58,-6.31,-65.00,45.00,72.20,f0:2f:74:40:a0:c0
1783368049.5,33.58,-6.31,-65.00,45.00,72.20,f0:2f:74:40:a0:c0
1783368052.5,33.58,-6.31,-65.00,45.00,72.20,f0:2f:74:40:a0:c0
1783368055.5,33.58,-6.31,-65.00,45.00,72.20,f0:2f:74:40:a0:c0
1783368058.5,33.58,-6.31,-64.00,46.00,72.20,f0:2f:74:40:a0:c0
1783368061.5,33.58,-6.31,-64.00,46.00,72.20,f0:2f:74:40:a0:c0
1783368064.5,33.58,-6.31,-65.00,45.00,72.20,f0:2f:74:40:a0:c0
1783368067.5,33.58,-6.31,-65.00,45.00,72.20,f0:2f:74:40:a0:c0
1783368070.5,33.58,-6.31,-65.00,45.00,72.20,f0:2f:74:40:a0:c0
1783368073.5,33.58,-6.31,-64.00,46.00,72.20,f0:2f:74:40:a0:c0
1783368076.5,33.58,-6.31,-64.00,46.00,72.20,f0:2f:74:40:a0:c0
1783368079.5,33.58,-6.31,-64.00,46.00,72.20,f0:2f:74:40:a0:c0
1783368082.5,33.58,-6.31,-64.00,46.00,72.20,f0:2f:74:40:a0:c0
1783368085.5,33.58,-6.31,-64.00,46.00,72.20,f0:2f:74:40:a0:c0
1783368088.5,33.58,-6.31,-65.00,45.00,72.20,f0:2f:74:40:a0:c0
1783368091.5,33.58,-6.31,-65.00,45.00,72.20,f0:2f:74:40:a0:c0
1783368094.5,33.58,-6.31,-64.00,46.00,72.20,f0:2f:74:40:a0:c0
1783368097.5,33.58,-6.31,-65.00,45.00,72.20,f0:2f:74:40:a0:c0
1783368100.5,33.58,-6.31,-64.00,46.00,72.20,f0:2f:74:40:a0:c0
1783368103.5,33.58,-6.31,-65.00,45.00,72.20,f0:2f:74:40:a0:c0
1783368106.5,33.58,-6.31,-65.00,45.00,72.20,f0:2f:74:40:a0:c0
1783368109.5,33.58,-6.31,-65.00,45.00,72.20,f0:2f:74:40:a0:c0
1783368112.5,33.58,-6.31,-65.00,45.00,72.20,f0:2f:74:40:a0:c0
1783368115.5,33.58,-6.31,-65.00,45.00,72.20,f0:2f:74:40:a0:c0
1783368118.5,33.58,-6.31,-64.00,46.00,72.20,f0:2f:74:40:a0:c0
1783368121.5,33.58,-6.31,-64.00,46.00,72.20,f0:2f:74:40:a0:c0
1783368124.5,33.58,-6.31,-64.00,46.00,72.20,f0:2f:74:40:a0:c0
1783368127.5,33.58,-6.31,-64.00,46.00,72.20,f0:2f:74:40:a0:c0
1783368130.5,33.58,-6.31,-64.00,46.00,72.20,f0:2f:74:40:a0:c0
1783368133.5,33.58,-6.31,-65.00,45.00,72.20,f0:2f:74:40:a0:c0
1783368136.5,33.58,-6.31,-65.00,45.00,72.20,f0:2f:74:40:a0:c0
1783368139.5,33.58,-6.31,-64.00,46.00,72.20,f0:2f:74:40:a0:c0
1783368142.5,33.58,-6.31,-64.00,46.00,72.20,f0:2f:74:40:a0:c0
1783368145.5,33.58,-6.31,-64.00,46.00,72.20,f0:2f:74:40:a0:c0
1783368148.5,33.58,-6.31,-64.00,46.00,72.20,f0:2f:74:40:a0:c0
1783368151.5,33.58,-6.31,-64.00,46.00,72.20,f0:2f:74:40:a0:c0
1783368154.5,33.58,-6.31,-64.00,46.00,72.20,f0:2f:74:40:a0:c0
1783368157.5,33.58,-6.31,-64.00,46.00,72.20,f0:2f:74:40:a0:c0
1783368160.5,33.58,-6.31,-65.00,45.00,72.20,f0:2f:74:40:a0:c0
1783368163.5,33.58,-6.31,-65.00,45.00,72.20,f0:2f:74:40:a0:c0
1783368166.5,33.58,-6.31,-65.00,45.00,72.20,f0:2f:74:40:a0:c0
1783368169.5,33.58,-6.31,-65.00,45.00,72.20,f0:2f:74:40:a0:c0
1783368172.5,33.58,-6.31,-65.00,45.00,72.20,f0:2f:74:40:a0:c0
1783368175.5,33.58,-6.31,-64.00,46.00,72.20,f0:2f:74:40:a0:c0
1783368178.5,33.58,-6.31,-64.00,46.00,72.20,f0:2f:74:40:a0:c0
1783368181.5,33.58,-6.31,-64.00,46.00,72.20,f0:2f:74:40:a0:c0
1783368184.5,33.58,-6.31,-64.00,46.00,72.20,f0:2f:74:40:a0:c0
1783368187.5,33.58,-6.31,-64.00,46.00,72.20,f0:2f:74:40:a0:c0
1783368190.5,33.58,-6.31,-65.00,45.00,72.20,f0:2f:74:40:a0:c0
1783368193.5,33.58,-6.31,-65.00,45.00,72.20,f0:2f:74:40:a0:c0
1783368196.5,33.58,-6.31,-65.00,45.00,72.20,f0:2f:74:40:a0:c0
1783368199.5,33.58,-6.31,-65.00,45.00,72.20,f0:2f:74:40:a0:c0
1783368202.5,33.58,-6.31,-65.00,45.00,72.20,f0:2f:74:40:a0:c0
1783368205.5,33.58,-6.31,-65.00,45.00,72.20,f0:2f:74:40:a0:c0
1783368208.5,33.58,-6.31,-64.00,46.00,72.20,f0:2f:74:40:a0:c0
1783368211.5,33.58,-6.31,-64.00,46.00,72.20,f0:2f:74:40:a0:c0
1783368214.5,33.58,-6.31,-65.00,45.00,72.20,f0:2f:74:40:a0:c0
1783368217.5,33.58,-6.31,-65.00,45.00,72.20,f0:2f:74:40:a0:c0
1783368220.5,33.58,-6.31,-65.00,45.00,72.20,f0:2f:74:40:a0:c0
1783368223.5,33.58,-6.31,-64.00,46.00,72.20,f0:2f:74:40:a0:c0
1783368226.5,33.58,-6.31,-64.00,46.00,72.20,f0:2f:74:40:a0:c0
1783368229.5,33.58,-6.31,-65.00,45.00,72.20,f0:2f:74:40:a0:c0
1783368232.5,33.58,-6.31,-65.00,45.00,72.20,f0:2f:74:40:a0:c0
1783368235.5,33.58,-6.31,-65.00,45.00,72.20,f0:2f:74:40:a0:c0
1783368238.5,33.58,-6.31,-65.00,45.00,72.20,f0:2f:74:40:a0:c0
1783368241.5,33.58,-6.31,-64.00,46.00,72.20,f0:2f:74:40:a0:c0
1783368244.5,33.58,-6.31,-64.00,46.00,72.20,f0:2f:74:40:a0:c0
1783368247.5,33.58,-6.31,-65.00,45.00,72.20,f0:2f:74:40:a0:c0
1783368250.5,33.58,-6.31,-64.00,46.00,72.20,f0:2f:74:40:a0:c0
1783368253.5,33.58,-6.31,-65.00,45.00,72.20,f0:2f:74:40:a0:c0
1783368256.5,33.58,-6.31,-64.00,46.00,72.20,f0:2f:74:40:a0:c0
1783368259.5,33.58,-6.31,-64.00,46.00,72.20,f0:2f:74:40:a0:c0
1783368262.5,33.58,-6.31,-65.00,45.00,72.20,f0:2f:74:40:a0:c0
1783368265.5,33.58,-6.31,-65.00,45.00,72.20,f0:2f:74:40:a0:c0
1783368268.5,33.58,-6.31,-65.00,45.00,72.20,f0:2f:74:40:a0:c0
1783368271.5,33.58,-6.31,-65.00,45.00,72.20,f0:2f:74:40:a0:c0
1783368274.5,33.58,-6.31,-65.00,45.00,72.20,f0:2f:74:40:a0:c0
1783368277.5,33.58,-6.31,-65.00,45.00,72.20,f0:2f:74:40:a0:c0
1783368280.5,33.58,-6.31,-65.00,45.00,72.20,f0:2f:74:40:a0:c0
1783368283.5,33.58,-6.31,-65.00,45.00,72.20,f0:2f:74:40:a0:c0
1783368286.5,33.58,-6.31,-65.00,45.00,72.20,f0:2f:74:40:a0:c0
1783368289.5,33.58,-6.31,-65.00,45.00,72.20,f0:2f:74:40:a0:c0
1783368292.5,33.58,-6.31,-65.00,45.00,72.20,f0:2f:74:40:a0:c0
1783368295.5,33.58,-6.31,-65.00,45.00,72.20,f0:2f:74:40:a0:c0
1783368298.5,33.58,-6.31,-66.00,44.00,72.20,f0:2f:74:40:a0:c0
1783368301.5,33.58,-6.31,-64.00,46.00,72.20,f0:2f:74:40:a0:c0
1783368304.5,33.58,-6.31,-65.00,45.00,72.20,f0:2f:74:40:a0:c0
1783368307.5,33.58,-6.31,-64.00,46.00,72.20,f0:2f:74:40:a0:c0
1783368310.5,33.58,-6.31,-65.00,45.00,72.20,f0:2f:74:40:a0:c0
1783368313.5,33.58,-6.31,-65.00,45.00,72.20,f0:2f:74:40:a0:c0
1783368316.5,33.58,-6.31,-66.00,44.00,72.20,f0:2f:74:40:a0:c0
1783368319.5,33.58,-6.31,-65.00,45.00,72.20,f0:2f:74:40:a0:c0
1783368322.5,33.58,-6.31,-65.00,45.00,72.20,f0:2f:74:40:a0:c0
1783368325.5,33.58,-6.31,-65.00,45.00,72.20,f0:2f:74:40:a0:c0
1783368328.5,33.58,-6.31,-65.00,45.00,57.70,f0:2f:74:40:a0:c0
1783368331.5,33.58,-6.31,-65.00,45.00,72.20,f0:2f:74:40:a0:c0
1783368334.5,33.58,-6.31,-65.00,45.00,72.20,f0:2f:74:40:a0:c0
1783368337.5,33.58,-6.31,-65.00,45.00,72.20,f0:2f:74:40:a0:c0
1783368340.5,33.58,-6.31,-65.00,45.00,72.20,f0:2f:74:40:a0:c0
1783368343.5,33.58,-6.31,-65.00,45.00,72.20,f0:2f:74:40:a0:c0
1783368346.5,33.58,-6.31,-65.00,45.00,72.20,f0:2f:74:40:a0:c0
1783368349.5,33.58,-6.31,-65.00,45.00,72.20,f0:2f:74:40:a0:c0
1783368352.5,33.58,-6.31,-64.00,46.00,72.20,f0:2f:74:40:a0:c0
1783368355.5,33.58,-6.31,-65.00,45.00,72.20,f0:2f:74:40:a0:c0
1783368358.5,33.58,-6.31,-65.00,45.00,72.20,f0:2f:74:40:a0:c0
1783368361.5,33.58,-6.31,-65.00,45.00,72.20,f0:2f:74:40:a0:c0
1783368364.5,33.58,-6.31,-65.00,45.00,72.20,f0:2f:74:40:a0:c0
1783368367.5,33.58,-6.31,-64.00,46.00,72.20,f0:2f:74:40:a0:c0
1783368370.5,33.58,-6.31,-64.00,46.00,72.20,f0:2f:74:40:a0:c0
1783368373.5,33.58,-6.31,-65.00,45.00,72.20,f0:2f:74:40:a0:c0
1783368376.5,33.58,-6.31,-64.00,46.00,72.20,f0:2f:74:40:a0:c0
1783368379.5,33.58,-6.31,-65.00,45.00,72.20,f0:2f:74:40:a0:c0
1783368382.5,33.58,-6.31,-66.00,44.00,72.20,f0:2f:74:40:a0:c0
1783368385.5,33.58,-6.31,-67.00,43.00,7.20,f0:2f:74:40:a0:c0
1783368388.5,33.58,-6.31,-71.00,39.00,5.50,f0:2f:74:40:a0:c0
1783368391.5,33.58,-6.31,-65.00,45.00,65.00,f0:2f:74:40:a0:c0
1783368394.5,33.58,-6.31,-64.00,46.00,72.20,f0:2f:74:40:a0:c0
1783368397.5,33.58,-6.31,-65.00,45.00,72.20,f0:2f:74:40:a0:c0
1783368400.5,33.58,-6.31,-65.00,45.00,72.20,f0:2f:74:40:a0:c0
1783368403.5,33.58,-6.31,-65.00,45.00,72.20,f0:2f:74:40:a0:c0
1783368406.5,33.58,-6.31,-64.00,46.00,72.20,f0:2f:74:40:a0:c0
1783368409.5,33.58,-6.31,-64.00,46.00,72.20,f0:2f:74:40:a0:c0
1783368412.5,33.58,-6.31,-64.00,46.00,72.20,f0:2f:74:40:a0:c0
1783368415.5,33.58,-6.31,-65.00,45.00,72.20,f0:2f:74:40:a0:c0
1783368418.5,33.58,-6.31,-65.00,45.00,72.20,f0:2f:74:40:a0:c0
1783368421.5,33.58,-6.31,-65.00,45.00,72.20,f0:2f:74:40:a0:c0
1783368424.5,33.58,-6.31,-64.00,46.00,72.20,f0:2f:74:40:a0:c0
1783368427.5,33.58,-6.31,-64.00,46.00,72.20,f0:2f:74:40:a0:c0
1783368430.5,33.58,-6.31,-65.00,45.00,72.20,f0:2f:74:40:a0:c0
1783368433.5,33.58,-6.31,-65.00,45.00,72.20,f0:2f:74:40:a0:c0
1783368436.5,33.58,-6.31,-65.00,45.00,72.20,f0:2f:74:40:a0:c0
1783368439.5,33.58,-6.31,-65.00,45.00,72.20,f0:2f:74:40:a0:c0
1783368442.5,33.58,-6.31,-65.00,45.00,72.20,f0:2f:74:40:a0:c0
1783368445.5,33.58,-6.31,-65.00,45.00,72.20,f0:2f:74:40:a0:c0
1783368448.5,33.58,-6.31,-65.00,45.00,72.20,f0:2f:74:40:a0:c0
1783368451.5,33.58,-6.31,-65.00,45.00,72.20,f0:2f:74:40:a0:c0
1783368454.5,33.58,-6.31,-64.00,46.00,72.20,f0:2f:74:40:a0:c0
1783368457.5,33.58,-6.31,-65.00,45.00,72.20,f0:2f:74:40:a0:c0
1783368460.5,33.58,-6.31,-65.00,45.00,72.20,f0:2f:74:40:a0:c0
1783368463.5,33.58,-6.31,-65.00,45.00,72.20,f0:2f:74:40:a0:c0
1783368466.5,33.58,-6.31,-65.00,45.00,72.20,f0:2f:74:40:a0:c0
1783368469.5,33.58,-6.31,-65.00,45.00,72.20,f0:2f:74:40:a0:c0
1783368472.5,33.58,-6.31,-65.00,45.00,72.20,f0:2f:74:40:a0:c0
1783368475.5,33.58,-6.31,-65.00,45.00,72.20,f0:2f:74:40:a0:c0
1783368478.5,33.58,-6.31,-65.00,45.00,72.20,f0:2f:74:40:a0:c0
1783368481.5,33.58,-6.31,-65.00,45.00,72.20,f0:2f:74:40:a0:c0
1783368484.5,33.58,-6.31,-65.00,45.00,72.20,f0:2f:74:40:a0:c0
1783368487.5,33.58,-6.31,-65.00,45.00,72.20,f0:2f:74:40:a0:c0
1783368490.5,33.58,-6.31,-65.00,45.00,72.20,f0:2f:74:40:a0:c0
1783368493.5,33.58,-6.31,-64.00,46.00,72.20,f0:2f:74:40:a0:c0
1783368496.5,33.58,-6.31,-64.00,46.00,72.20,f0:2f:74:40:a0:c0
1783368499.5,33.58,-6.31,-64.00,46.00,72.20,f0:2f:74:40:a0:c0
1783368502.5,33.58,-6.31,-64.00,46.00,72.20,f0:2f:74:40:a0:c0
1783368505.5,33.58,-6.31,-64.00,46.00,72.20,f0:2f:74:40:a0:c0
1783368508.5,33.58,-6.31,-64.00,46.00,72.20,f0:2f:74:40:a0:c0
1783368511.5,33.58,-6.31,-64.00,46.00,72.20,f0:2f:74:40:a0:c0
1783368514.5,33.58,-6.31,-64.00,46.00,72.20,f0:2f:74:40:a0:c0
1783368517.5,33.58,-6.31,-64.00,46.00,72.20,f0:2f:74:40:a0:c0
1783368520.5,33.58,-6.31,-64.00,46.00,72.20,f0:2f:74:40:a0:c0
1783368523.5,33.58,-6.31,-64.00,46.00,72.20,f0:2f:74:40:a0:c0
1783368526.5,33.58,-6.31,-64.00,46.00,72.20,f0:2f:74:40:a0:c0
1783368529.5,33.58,-6.31,-64.00,46.00,72.20,f0:2f:74:40:a0:c0
1783368532.5,33.58,-6.31,-64.00,46.00,72.20,f0:2f:74:40:a0:c0
1783368535.5,33.58,-6.31,-64.00,46.00,72.20,f0:2f:74:40:a0:c0
1783368538.5,33.58,-6.31,-64.00,46.00,72.20,f0:2f:74:40:a0:c0
1783368541.5,33.58,-6.31,-64.00,46.00,72.20,f0:2f:74:40:a0:c0
1783368544.5,33.58,-6.31,-65.00,45.00,72.20,f0:2f:74:40:a0:c0
1783368547.5,33.58,-6.31,-65.00,45.00,72.20,f0:2f:74:40:a0:c0
1783368550.5,33.58,-6.31,-65.00,45.00,72.20,f0:2f:74:40:a0:c0
1783368553.5,33.58,-6.31,-64.00,46.00,72.20,f0:2f:74:40:a0:c0
1783368556.5,33.58,-6.31,-64.00,46.00,72.20,f0:2f:74:40:a0:c0
1783368559.5,33.58,-6.31,-65.00,45.00,72.20,f0:2f:74:40:a0:c0
1783368562.5,33.58,-6.31,-65.00,45.00,72.20,f0:2f:74:40:a0:c0
1783368565.5,33.58,-6.31,-65.00,45.00,72.20,f0:2f:74:40:a0:c0
1783368568.5,33.58,-6.31,-64.00,46.00,72.20,f0:2f:74:40:a0:c0
1783368571.5,33.58,-6.31,-64.00,46.00,72.20,f0:2f:74:40:a0:c0
1783368574.5,33.58,-6.31,-64.00,46.00,72.20,f0:2f:74:40:a0:c0
1783368577.5,33.58,-6.31,-65.00,45.00,72.20,f0:2f:74:40:a0:c0
1783368580.5,33.58,-6.31,-64.00,46.00,72.20,f0:2f:74:40:a0:c0
1783368583.5,33.58,-6.31,-64.00,46.00,72.20,f0:2f:74:40:a0:c0
1783368586.5,33.58,-6.31,-64.00,46.00,65.00,f0:2f:74:40:a0:c0
1783368589.5,33.58,-6.31,-64.00,46.00,72.20,f0:2f:74:40:a0:c0
1783368592.5,33.58,-6.31,-64.00,46.00,65.00,f0:2f:74:40:a0:c0
1783368595.5,33.58,-6.31,-64.00,46.00,72.20,f0:2f:74:40:a0:c0
1783368598.5,33.58,-6.31,-65.00,45.00,72.20,f0:2f:74:40:a0:c0
1783368601.5,33.58,-6.31,-64.00,46.00,72.20,f0:2f:74:40:a0:c0
1783368604.5,33.58,-6.31,-64.00,46.00,72.20,f0:2f:74:40:a0:c0
1783368607.5,33.58,-6.31,-65.00,45.00,72.20,f0:2f:74:40:a0:c0
1783368610.5,33.58,-6.31,-65.00,45.00,72.20,f0:2f:74:40:a0:c0
1783368613.5,33.58,-6.31,-65.00,45.00,72.20,f0:2f:74:40:a0:c0
1783368616.5,33.58,-6.31,-65.00,45.00,72.20,f0:2f:74:40:a0:c0
1783368619.5,33.58,-6.31,-65.00,45.00,72.20,f0:2f:74:40:a0:c0
1783368622.5,33.58,-6.31,-65.00,45.00,72.20,f0:2f:74:40:a0:c0
1783368625.5,33.58,-6.31,-65.00,45.00,72.20,f0:2f:74:40:a0:c0
1783368628.5,33.58,-6.31,-64.00,46.00,72.20,f0:2f:74:40:a0:c0
1783368631.5,33.58,-6.31,-64.00,46.00,72.20,f0:2f:74:40:a0:c0
1783368634.5,33.58,-6.31,-64.00,46.00,72.20,f0:2f:74:40:a0:c0
1783368637.5,33.58,-6.31,-64.00,46.00,72.20,f0:2f:74:40:a0:c0
1783368640.5,33.58,-6.31,-64.00,46.00,72.20,f0:2f:74:40:a0:c0
1783368643.5,33.58,-6.31,-64.00,46.00,72.20,f0:2f:74:40:a0:c0
1783368646.5,33.58,-6.31,-64.00,46.00,72.20,f0:2f:74:40:a0:c0
1783368649.5,33.58,-6.31,-65.00,45.00,72.20,f0:2f:74:40:a0:c0
1783368652.5,33.58,-6.31,-65.00,45.00,72.20,f0:2f:74:40:a0:c0
1783368655.5,33.58,-6.31,-64.00,46.00,72.20,f0:2f:74:40:a0:c0
1783368658.5,33.58,-6.31,-66.00,44.00,72.20,f0:2f:74:40:a0:c0
1783368661.5,33.58,-6.31,-65.00,45.00,72.20,f0:2f:74:40:a0:c0
1783368664.5,33.58,-6.31,-64.00,46.00,72.20,f0:2f:74:40:a0:c0
1783368667.5,33.58,-6.31,-64.00,46.00,72.20,f0:2f:74:40:a0:c0
1783368670.5,33.58,-6.31,-64.00,46.00,72.20,f0:2f:74:40:a0:c0
1783368673.5,33.58,-6.31,-65.00,45.00,72.20,f0:2f:74:40:a0:c0
1783368676.5,33.58,-6.31,-64.00,46.00,65.00,f0:2f:74:40:a0:c0
1783368679.5,33.58,-6.31,-64.00,46.00,72.20,f0:2f:74:40:a0:c0
1783368682.5,33.58,-6.31,-65.00,45.00,72.20,f0:2f:74:40:a0:c0
1783368685.5,33.58,-6.31,-64.00,46.00,72.20,f0:2f:74:40:a0:c0
1783368688.5,33.58,-6.31,-65.00,45.00,72.20,f0:2f:74:40:a0:c0
1783368691.5,33.58,-6.31,-65.00,45.00,72.20,f0:2f:74:40:a0:c0
1783368694.5,33.58,-6.31,-65.00,45.00,72.20,f0:2f:74:40:a0:c0
1783368697.5,33.58,-6.31,-64.00,46.00,72.20,f0:2f:74:40:a0:c0
1783368700.5,33.58,-6.31,-65.00,45.00,72.20,f0:2f:74:40:a0:c0
1783368703.5,33.58,-6.31,-65.00,45.00,72.20,f0:2f:74:40:a0:c0
1783368706.5,33.58,-6.31,-65.00,45.00,72.20,f0:2f:74:40:a0:c0
1783368709.5,33.58,-6.31,-65.00,45.00,72.20,f0:2f:74:40:a0:c0
1783368712.5,33.58,-6.31,-65.00,45.00,72.20,f0:2f:74:40:a0:c0
1783368715.5,33.58,-6.31,-65.00,45.00,72.20,f0:2f:74:40:a0:c0
1783368718.5,33.58,-6.31,-66.00,44.00,72.20,f0:2f:74:40:a0:c0
1783368721.5,33.58,-6.31,-66.00,44.00,72.20,f0:2f:74:40:a0:c0
1783368724.5,33.58,-6.31,-65.00,45.00,72.20,f0:2f:74:40:a0:c0
1783368727.5,33.58,-6.31,-65.00,45.00,72.20,f0:2f:74:40:a0:c0
1783368730.5,33.58,-6.31,-66.00,44.00,72.20,f0:2f:74:40:a0:c0
1783368733.5,33.58,-6.31,-65.00,45.00,72.20,f0:2f:74:40:a0:c0
1783368736.5,33.58,-6.31,-65.00,45.00,72.20,f0:2f:74:40:a0:c0
1783368739.5,33.58,-6.31,-65.00,45.00,72.20,f0:2f:74:40:a0:c0
1783368742.5,33.58,-6.31,-65.00,45.00,65.00,f0:2f:74:40:a0:c0
1783368745.5,33.58,-6.31,-68.00,42.00,5.50,f0:2f:74:40:a0:c0
1783368748.5,33.58,-6.31,-67.00,43.00,5.50,f0:2f:74:40:a0:c0
1783368751.5,33.58,-6.31,-69.00,41.00,7.20,f0:2f:74:40:a0:c0
1783368754.5,33.58,-6.31,-64.00,46.00,72.20,f0:2f:74:40:a0:c0
1783368757.5,33.58,-6.31,-64.00,46.00,72.20,f0:2f:74:40:a0:c0
1783368760.5,33.58,-6.31,-64.00,46.00,72.20,f0:2f:74:40:a0:c0
1783368763.5,33.58,-6.31,-64.00,46.00,72.20,f0:2f:74:40:a0:c0
1783368766.5,33.58,-6.31,-64.00,46.00,72.20,f0:2f:74:40:a0:c0
1783368769.5,33.58,-6.31,-64.00,46.00,72.20,f0:2f:74:40:a0:c0
1783368772.5,33.58,-6.31,-64.00,46.00,72.20,f0:2f:74:40:a0:c0
1783368775.5,33.58,-6.31,-64.00,46.00,72.20,f0:2f:74:40:a0:c0
1783368778.5,33.58,-6.31,-64.00,46.00,72.20,f0:2f:74:40:a0:c0
1783368781.5,33.58,-6.31,-64.00,46.00,72.20,f0:2f:74:40:a0:c0
1783368784.5,33.58,-6.31,-65.00,45.00,72.20,f0:2f:74:40:a0:c0
1783368787.5,33.58,-6.31,-64.00,46.00,72.20,f0:2f:74:40:a0:c0
1783368790.5,33.58,-6.31,-65.00,45.00,72.20,f0:2f:74:40:a0:c0
1783368793.5,33.58,-6.31,-64.00,46.00,72.20,f0:2f:74:40:a0:c0
1783368796.5,33.58,-6.31,-64.00,46.00,72.20,f0:2f:74:40:a0:c0
1783368799.5,33.58,-6.31,-64.00,46.00,72.20,f0:2f:74:40:a0:c0
1783368802.5,33.58,-6.31,-64.00,46.00,72.20,f0:2f:74:40:a0:c0
1783368805.5,33.58,-6.31,-66.00,44.00,21.60,f0:2f:74:40:a0:c0
1783368808.5,33.58,-6.31,-67.00,43.00,5.50,f0:2f:74:40:a0:c0
1783368811.5,33.58,-6.31,-70.00,40.00,5.50,f0:2f:74:40:a0:c0
1783368814.5,33.58,-6.31,-65.00,45.00,72.20,f0:2f:74:40:a0:c0
1783368817.5,33.58,-6.31,-65.00,45.00,72.20,f0:2f:74:40:a0:c0
1783368820.5,33.58,-6.31,-65.00,45.00,72.20,f0:2f:74:40:a0:c0
1783368823.5,33.58,-6.31,-64.00,46.00,72.20,f0:2f:74:40:a0:c0
1783368826.5,33.58,-6.31,-64.00,46.00,72.20,f0:2f:74:40:a0:c0
1783368829.5,33.58,-6.31,-65.00,45.00,72.20,f0:2f:74:40:a0:c0
1783368832.5,33.58,-6.31,-64.00,46.00,72.20,f0:2f:74:40:a0:c0
1783368835.5,33.58,-6.31,-65.00,45.00,72.20,f0:2f:74:40:a0:c0
1783368838.5,33.58,-6.31,-65.00,45.00,72.20,f0:2f:74:40:a0:c0
1783368841.5,33.58,-6.31,-65.00,45.00,72.20,f0:2f:74:40:a0:c0
1783368844.5,33.58,-6.31,-64.00,46.00,72.20,f0:2f:74:40:a0:c0
1783368847.5,33.58,-6.31,-67.00,43.00,72.20,f0:2f:74:40:a0:c0
1783368850.5,33.58,-6.31,-64.00,46.00,72.20,f0:2f:74:40:a0:c0
1783368853.5,33.65,-6.30,-64.00,46.00,72.20,f0:2f:74:40:a0:c0
1783368856.5,33.65,-6.30,-64.00,46.00,72.20,f0:2f:74:40:a0:c0
1783368859.5,33.75,-6.25,-64.00,46.00,72.20,f0:2f:74:40:a0:c0
1783368862.5,33.75,-6.25,-68.00,42.00,52.00,f0:2f:74:40:a0:c0
1783368865.5,34.31,-5.78,-64.00,46.00,72.20,f0:2f:74:40:a0:c0
1783368868.5,34.67,-5.25,-64.00,46.00,65.00,f0:2f:74:40:a0:c0
1783368871.5,35.05,-4.70,-63.00,47.00,72.20,f0:2f:74:40:a0:c0
1783368874.5,35.49,-4.15,-63.00,47.00,72.20,f0:2f:74:40:a0:c0
1783368877.5,36.15,-3.35,-60.00,50.00,72.20,f0:2f:74:40:a0:c0
1783368880.5,36.65,-2.78,-61.00,49.00,24.00,f0:2f:74:40:a0:c0
1783368883.5,37.08,-2.44,-61.00,49.00,72.20,f0:2f:74:40:a0:c0
1783368886.5,36.80,-2.41,-61.00,49.00,72.20,f0:2f:74:40:a0:c0
1783368889.5,36.03,-2.39,-61.00,49.00,72.20,f0:2f:74:40:a0:c0
1783368892.5,35.17,-2.36,-63.00,47.00,72.20,f0:2f:74:40:a0:c0
1783368895.5,34.32,-2.35,-58.00,52.00,72.20,f0:2f:74:40:a0:c0
1783368898.5,33.73,-2.44,-58.00,52.00,72.20,f0:2f:74:40:a0:c0
1783368901.5,32.88,-2.75,-58.00,52.00,65.00,f0:2f:74:40:a0:c0
1783368904.5,32.06,-3.11,-56.00,54.00,72.20,f0:2f:74:40:a0:c0
1783368907.5,31.24,-3.22,-56.00,54.00,72.20,f0:2f:74:40:a0:c0
1783368910.5,30.67,-3.22,-53.00,57.00,72.20,f0:2f:74:40:a0:c0
1783368913.5,29.82,-3.22,-58.00,52.00,72.20,f0:2f:74:40:a0:c0
1783368916.5,28.97,-3.15,-53.00,57.00,72.20,f0:2f:74:40:a0:c0
1783368919.5,28.11,-3.13,-54.00,56.00,72.20,f0:2f:74:40:a0:c0
1783368922.5,27.18,-3.14,-49.00,61.00,72.20,f0:2f:74:40:a0:c0
1783368925.5,26.54,-3.15,-51.00,59.00,72.20,f0:2f:74:40:a0:c0
1783368928.5,25.67,-3.18,-47.00,63.00,72.20,f0:2f:74:40:a0:c0
1783368931.5,24.81,-3.15,-50.00,60.00,72.20,f0:2f:74:40:a0:c0
1783368934.5,24.00,-3.11,-52.00,58.00,72.20,f0:2f:74:40:a0:c0
1783368937.5,23.15,-3.11,-49.00,61.00,65.00,f0:2f:74:40:a0:c0
1783368940.5,22.27,-3.09,-51.00,59.00,72.20,f0:2f:74:40:a0:c0
1783368943.5,21.63,-3.09,-48.00,62.00,72.20,f0:2f:74:40:a0:c0
1783368946.5,20.69,-3.21,-47.00,63.00,72.20,f0:2f:74:40:a0:c0
1783368949.5,19.72,-3.20,-47.00,63.00,72.20,f0:2f:74:40:a0:c0
1783368952.5,18.85,-3.20,-44.00,66.00,72.20,f0:2f:74:40:a0:c0
1783368955.5,18.29,-3.23,-45.00,65.00,72.20,f0:2f:74:40:a0:c0
1783368958.5,17.39,-3.28,-47.00,63.00,72.20,f0:2f:74:40:a0:c0
1783368961.5,16.52,-3.45,-45.00,65.00,72.20,f0:2f:74:40:a0:c0
1783368964.5,15.94,-3.57,-45.00,65.00,72.20,f0:2f:74:40:a0:c0
1783368967.5,15.16,-3.85,-47.00,63.00,72.20,f0:2f:74:40:a0:c0
1783368970.5,14.75,-3.96,-41.00,69.00,72.20,f0:2f:74:40:a0:c0
1783368973.5,13.84,-3.91,-42.00,68.00,72.20,f0:2f:74:40:a0:c0
1783368976.5,13.02,-3.89,-41.00,69.00,72.20,f0:2f:74:40:a0:c0
1783368979.5,12.18,-4.06,-38.00,70.00,72.20,f0:2f:74:40:a0:c0
1783368982.5,11.64,-4.34,-40.00,70.00,72.20,f0:2f:74:40:a0:c0
1783368985.5,11.07,-4.44,-40.00,70.00,72.20,f0:2f:74:40:a0:c0
1783368988.5,10.20,-4.35,-39.00,70.00,72.20,f0:2f:74:40:a0:c0
1783368991.5,9.65,-4.28,-38.00,70.00,72.20,f0:2f:74:40:a0:c0
1783368994.5,8.75,-4.17,-37.00,70.00,72.20,f0:2f:74:40:a0:c0
1783368997.5,7.98,-4.07,-37.00,70.00,72.20,f0:2f:74:40:a0:c0
1783369000.5,7.04,-4.05,-35.00,70.00,72.20,f0:2f:74:40:a0:c0
1783369003.5,6.03,-3.98,-34.00,70.00,72.20,f0:2f:74:40:a0:c0
1783369006.5,5.11,-3.93,-31.00,70.00,72.20,f0:2f:74:40:a0:c0
1783369009.5,4.22,-3.92,-31.00,70.00,72.20,f0:2f:74:40:a0:c0
1783369012.5,3.39,-3.91,-34.00,70.00,72.20,f0:2f:74:40:a0:c0
1783369015.5,2.82,-3.93,-33.00,70.00,72.20,f0:2f:74:40:a0:c0
1783369018.5,1.91,-3.93,-33.00,70.00,72.20,f0:2f:74:40:a0:c0
1783369021.5,1.00,-3.91,-36.00,70.00,72.20,f0:2f:74:40:a0:c0
1783369024.5,0.20,-3.56,-34.00,70.00,72.20,f0:2f:74:40:a0:c0
1783369027.5,-0.23,-3.14,-34.00,70.00,72.20,f0:2f:74:40:a0:c0
1783369030.5,-0.41,-2.41,-31.00,70.00,72.20,f0:2f:74:40:a0:c0
1783369033.5,-0.53,-1.54,-36.00,70.00,72.20,f0:2f:74:40:a0:c0
1783369036.5,-0.65,-1.01,-37.00,70.00,65.00,f0:2f:74:40:a0:c0
1783369039.5,-0.98,-1.15,-36.00,70.00,72.20,f0:2f:74:40:a0:c0
1783369042.5,-1.51,-1.54,-33.00,70.00,72.20,f0:2f:74:40:a0:c0
1783369045.5,-2.35,-2.18,-37.00,70.00,72.20,f0:2f:74:40:a0:c0
1783369048.5,-2.96,-2.60,-36.00,70.00,72.20,f0:2f:74:40:a0:c0
1783369051.5,-3.54,-3.06,-35.00,70.00,72.20,f0:2f:74:40:a0:c0
1783369054.5,-4.17,-3.54,-39.00,70.00,72.20,f0:2f:74:40:a0:c0
1783369057.5,-4.98,-4.09,-40.00,70.00,72.20,f0:2f:74:40:a0:c0
1783369060.5,-5.80,-4.35,-42.00,68.00,72.20,f0:2f:74:40:a0:c0
1783369063.5,-6.38,-4.50,-40.00,70.00,72.20,f0:2f:74:40:a0:c0
1783369066.5,-7.27,-4.68,-43.00,67.00,72.20,f0:2f:74:40:a0:c0
1783369069.5,-8.15,-4.87,-44.00,66.00,72.20,f0:2f:74:40:a0:c0
1783369072.5,-8.75,-5.05,-46.00,64.00,72.20,f0:2f:74:40:a0:c0
1783369075.5,-9.59,-5.22,-49.00,61.00,72.20,f0:2f:74:40:a0:c0
1783369078.5,-10.42,-5.35,-47.00,63.00,72.20,f0:2f:74:40:a0:c0
1783369081.5,-11.25,-5.52,-45.00,65.00,72.20,f0:2f:74:40:a0:c0
1783369084.5,-11.82,-5.67,-47.00,63.00,72.20,f0:2f:74:40:a0:c0
1783369087.5,-12.57,-6.09,-51.00,59.00,72.20,f0:2f:74:40:a0:c0
1783369090.5,-12.62,-6.04,-49.00,61.00,72.20,f0:2f:74:40:a0:c0
1783369093.5,-11.95,-5.76,-49.00,61.00,72.20,f0:2f:74:40:a0:c0
1783369096.5,-11.46,-5.55,-48.00,62.00,72.20,f0:2f:74:40:a0:c0
1783369099.5,-10.66,-5.28,-47.00,63.00,72.20,f0:2f:74:40:a0:c0
1783369102.5,-9.89,-5.03,-45.00,65.00,65.00,f0:2f:74:40:a0:c0
1783369105.5,-9.02,-4.88,-45.00,65.00,65.00,f0:2f:74:40:a0:c0
1783369108.5,-8.48,-4.71,-46.00,64.00,57.70,f0:2f:74:40:a0:c0
1783369111.5,-7.70,-4.57,-41.00,69.00,72.20,f0:2f:74:40:a0:c0
1783369114.5,-6.83,-4.54,-41.00,69.00,72.20,f0:2f:74:40:a0:c0
1783369117.5,-6.04,-4.39,-39.00,70.00,72.20,f0:2f:74:40:a0:c0
1783369120.5,-5.49,-4.22,-41.00,69.00,72.20,f0:2f:74:40:a0:c0
1783369123.5,-4.62,-3.97,-39.00,70.00,72.20,f0:2f:74:40:a0:c0
1783369126.5,-4.03,-3.62,-36.00,70.00,72.20,f0:2f:74:40:a0:c0
1783369129.5,-3.43,-3.18,-37.00,70.00,72.20,f0:2f:74:40:a0:c0
1783369132.5,-2.45,-2.46,-35.00,70.00,72.20,f0:2f:74:40:a0:c0
1783369135.5,-1.79,-2.00,-37.00,70.00,72.20,f0:2f:74:40:a0:c0
1783369138.5,-1.18,-1.56,-30.00,70.00,72.20,f0:2f:74:40:a0:c0
1783369141.5,-0.36,-1.01,-38.00,70.00,72.20,f0:2f:74:40:a0:c0
1783369144.5,-0.23,-0.96,-33.00,70.00,65.00,f0:2f:74:40:a0:c0
1783369147.5,-0.23,-0.96,-34.00,70.00,57.70,f0:2f:74:40:a0:c0
1783369150.5,-0.23,-0.96,-34.00,70.00,72.20,f0:2f:74:40:a0:c0
1783369153.5,-0.23,-0.96,-33.00,70.00,72.20,f0:2f:74:40:a0:c0
1783369156.5,-0.23,-0.96,-33.00,70.00,72.20,f0:2f:74:40:a0:c0
1783369159.5,-0.23,-0.96,-33.00,70.00,72.20,f0:2f:74:40:a0:c0
1783369162.5,-0.23,-0.96,-34.00,70.00,72.20,f0:2f:74:40:a0:c0
1783369165.5,-0.23,-0.96,-33.00,70.00,72.20,f0:2f:74:40:a0:c0
1783369168.5,-0.23,-0.96,-33.00,70.00,72.20,f0:2f:74:40:a0:c0
1783369171.5,-0.23,-0.96,-33.00,70.00,72.20,f0:2f:74:40:a0:c0
1783369174.5,-0.23,-0.96,-34.00,70.00,72.20,f0:2f:74:40:a0:c0
1783369177.5,-0.23,-0.96,-33.00,70.00,72.20,f0:2f:74:40:a0:c0
1783369180.5,-0.23,-0.96,-33.00,70.00,72.20,f0:2f:74:40:a0:c0
1783369183.5,-0.28,-0.85,-36.00,70.00,72.20,f0:2f:74:40:a0:c0
1783369186.5,-0.37,-0.89,-37.00,70.00,72.20,f0:2f:74:40:a0:c0
1783369189.5,-0.50,-1.10,-35.00,70.00,72.20,f0:2f:74:40:a0:c0
1783369192.5,-0.66,-0.95,-33.00,70.00,72.20,f0:2f:74:40:a0:c0
1783369195.5,-1.02,-0.40,-37.00,70.00,72.20,f0:2f:74:40:a0:c0
1783369198.5,-1.67,0.46,-37.00,70.00,72.20,f0:2f:74:40:a0:c0
1783369201.5,-2.14,1.04,-38.00,70.00,72.20,f0:2f:74:40:a0:c0
1783369204.5,-2.59,1.64,-39.00,70.00,72.20,f0:2f:74:40:a0:c0
1783369207.5,-3.04,2.21,-37.00,70.00,72.20,f0:2f:74:40:a0:c0
1783369210.5,-3.56,2.79,-36.00,70.00,72.20,f0:2f:74:40:a0:c0
1783369213.5,-4.11,3.33,-43.00,67.00,72.20,f0:2f:74:40:a0:c0
1783369216.5,-4.81,4.24,-39.00,70.00,65.00,f0:2f:74:40:a0:c0
1783369219.5,-4.74,4.87,-41.00,69.00,57.70,f0:2f:74:40:a0:c0
1783369222.5,-4.64,5.27,-44.00,66.00,65.00,f0:2f:74:40:a0:c0
1783369225.5,-4.63,6.19,-43.00,67.00,72.20,f0:2f:74:40:a0:c0
1783369228.5,-4.71,6.98,-46.00,64.00,72.20,f0:2f:74:40:a0:c0
1783369231.5,-4.81,7.54,-46.00,64.00,72.20,f0:2f:74:40:a0:c0
1783369234.5,-5.33,8.29,-49.00,61.00,72.20,f0:2f:74:40:a0:c0
1783369237.5,-5.86,8.14,-48.00,62.00,72.20,f0:2f:74:40:a0:c0
1783369240.5,-6.64,8.08,-51.00,59.00,72.20,f0:2f:74:40:a0:c0
1783369243.5,-7.38,8.06,-52.00,58.00,72.20,f0:2f:74:40:a0:c0
1783369246.5,-8.11,8.06,-51.00,59.00,72.20,f0:2f:74:40:a0:c0
1783369249.5,-8.90,8.02,-51.00,59.00,72.20,f0:2f:74:40:a0:c0
1783369252.5,-9.71,7.99,-53.00,57.00,72.20,f0:2f:74:40:a0:c0
1783369255.5,-10.46,7.93,-53.00,57.00,72.20,f0:2f:74:40:a0:c0
1783369258.5,-11.23,7.89,-52.00,58.00,72.20,f0:2f:74:40:a0:c0
1783369261.5,-12.01,7.90,-52.00,58.00,72.20,f0:2f:74:40:a0:c0
1783369264.5,-12.69,7.89,-53.00,57.00,72.20,f0:2f:74:40:a0:c0
1783369267.5,-13.49,7.86,-52.00,58.00,72.20,f0:2f:74:40:a0:c0
1783369270.5,-13.93,7.74,-53.00,57.00,72.20,f0:2f:74:40:a0:c0
1783369273.5,-13.83,7.81,-54.00,56.00,65.00,f0:2f:74:40:a0:c0
1783369276.5,-13.17,7.97,-55.00,55.00,72.20,f0:2f:74:40:a0:c0
1783369279.5,-12.35,7.94,-52.00,58.00,65.00,f0:2f:74:40:a0:c0
1783369282.5,-11.56,7.97,-50.00,60.00,57.70,f0:2f:74:40:a0:c0
1783369285.5,-10.85,7.92,-55.00,55.00,72.20,f0:2f:74:40:a0:c0
1783369288.5,-10.13,7.98,-52.00,58.00,72.20,f0:2f:74:40:a0:c0
1783369291.5,-9.42,8.07,-52.00,58.00,72.20,f0:2f:74:40:a0:c0
1783369294.5,-8.65,8.08,-53.00,57.00,72.20,f0:2f:74:40:a0:c0
1783369297.5,-7.95,8.14,-50.00,60.00,72.20,f0:2f:74:40:a0:c0
1783369300.5,-7.23,8.13,-53.00,57.00,65.00,f0:2f:74:40:a0:c0
1783369303.5,-6.47,8.10,-49.00,61.00,72.20,f0:2f:74:40:a0:c0
1783369306.5,-5.79,8.08,-47.00,63.00,72.20,f0:2f:74:40:a0:c0
1783369309.5,-5.17,8.07,-44.00,66.00,72.20,f0:2f:74:40:a0:c0
1783369312.5,-4.74,7.62,-44.00,66.00,72.20,f0:2f:74:40:a0:c0
1783369315.5,-4.74,6.86,-43.00,67.00,72.20,f0:2f:74:40:a0:c0
1783369318.5,-4.67,6.06,-43.00,67.00,65.00,f0:2f:74:40:a0:c0
1783369321.5,-4.59,5.29,-42.00,68.00,72.20,f0:2f:74:40:a0:c0
1783369324.5,-4.51,4.72,-38.00,70.00,72.20,f0:2f:74:40:a0:c0
1783369327.5,-4.51,4.76,-38.00,70.00,72.20,f0:2f:74:40:a0:c0
1783369330.5,-4.51,4.76,-38.00,70.00,72.20,f0:2f:74:40:a0:c0
1783369333.5,-4.51,4.76,-38.00,70.00,72.20,f0:2f:74:40:a0:c0
1783369336.5,-4.51,4.76,-38.00,70.00,65.00,f0:2f:74:40:a0:c0
1783369339.5,-4.51,4.76,-38.00,70.00,72.20,f0:2f:74:40:a0:c0
1783369342.5,-4.51,4.76,-38.00,70.00,72.20,f0:2f:74:40:a0:c0
1783369345.5,-4.51,4.76,-38.00,70.00,72.20,f0:2f:74:40:a0:c0
1783369348.5,-4.51,4.76,-38.00,70.00,72.20,f0:2f:74:40:a0:c0
1783369351.5,-4.51,4.76,-38.00,70.00,72.20,f0:2f:74:40:a0:c0
1783369354.5,-4.51,4.76,-38.00,70.00,65.00,f0:2f:74:40:a0:c0
1783369357.5,-4.51,4.76,-38.00,70.00,72.20,f0:2f:74:40:a0:c0
1783369360.5,-4.51,4.76,-38.00,70.00,72.20,f0:2f:74:40:a0:c0
1783369363.5,-4.51,4.76,-38.00,70.00,72.20,f0:2f:74:40:a0:c0
1783369366.5,-4.51,4.76,-38.00,70.00,72.20,f0:2f:74:40:a0:c0
1783369369.5,-4.49,4.76,-37.00,70.00,72.20,f0:2f:74:40:a0:c0
1783369372.5,-4.54,4.78,-44.00,66.00,65.00,f0:2f:74:40:a0:c0
1783369375.5,-4.62,4.57,-40.00,70.00,65.00,f0:2f:74:40:a0:c0
1783369378.5,-4.46,4.01,-38.00,70.00,72.20,f0:2f:74:40:a0:c0
1783369381.5,-3.85,3.20,-40.00,70.00,72.20,f0:2f:74:40:a0:c0
1783369384.5,-3.41,2.68,-36.00,70.00,72.20,f0:2f:74:40:a0:c0
1783369387.5,-2.98,2.14,-39.00,70.00,72.20,f0:2f:74:40:a0:c0
1783369390.5,-2.34,1.32,-32.00,70.00,72.20,f0:2f:74:40:a0:c0
1783369393.5,-1.94,0.71,-36.00,70.00,65.00,f0:2f:74:40:a0:c0
1783369396.5,-1.50,0.09,-36.00,70.00,65.00,f0:2f:74:40:a0:c0
1783369399.5,-0.99,-0.55,-35.00,70.00,72.20,f0:2f:74:40:a0:c0
1783369402.5,-0.37,-1.30,-36.00,70.00,72.20,f0:2f:74:40:a0:c0
1783369405.5,-0.33,-1.46,-35.00,70.00,72.20,f0:2f:74:40:a0:c0
1783369408.5,-0.34,-1.48,-34.00,70.00,72.20,f0:2f:74:40:a0:c0
1783369411.5,-0.43,-1.65,-33.00,70.00,72.20,f0:2f:74:40:a0:c0
1783369414.5,-0.32,-2.23,-33.00,70.00,72.20,f0:2f:74:40:a0:c0
1783369417.5,-0.17,-3.07,-33.00,70.00,72.20,f0:2f:74:40:a0:c0
1783369420.5,0.50,-3.70,-34.00,70.00,72.20,f0:2f:74:40:a0:c0
1783369423.5,1.26,-3.70,-34.00,70.00,72.20,f0:2f:74:40:a0:c0
1783369426.5,2.06,-3.72,-31.00,70.00,72.20,f0:2f:74:40:a0:c0
1783369429.5,2.84,-3.72,-32.00,70.00,72.20,f0:2f:74:40:a0:c0
1783369432.5,3.36,-3.73,-35.00,70.00,72.20,f0:2f:74:40:a0:c0
1783369435.5,4.18,-3.80,-38.00,70.00,72.20,f0:2f:74:40:a0:c0
1783369438.5,5.03,-3.82,-29.00,70.00,72.20,f0:2f:74:40:a0:c0
1783369441.5,5.91,-3.96,-34.00,70.00,72.20,f0:2f:74:40:a0:c0
1783369444.5,6.69,-3.93,-38.00,70.00,72.20,f0:2f:74:40:a0:c0
1783369447.5,7.50,-3.92,-37.00,70.00,72.20,f0:2f:74:40:a0:c0
1783369450.5,8.23,-3.94,-37.00,70.00,72.20,f0:2f:74:40:a0:c0
1783369453.5,9.07,-3.99,-37.00,70.00,72.20,f0:2f:74:40:a0:c0
1783369456.5,9.97,-4.01,-39.00,70.00,72.20,f0:2f:74:40:a0:c0
1783369459.5,10.86,-4.09,-38.00,70.00,72.20,f0:2f:74:40:a0:c0
1783369462.5,11.71,-4.38,-41.00,69.00,72.20,f0:2f:74:40:a0:c0
1783369465.5,11.80,-4.37,-42.00,68.00,72.20,f0:2f:74:40:a0:c0
1783369468.5,11.80,-4.37,-42.00,68.00,72.20,f0:2f:74:40:a0:c0
1783369471.5,11.80,-4.37,-42.00,68.00,72.20,f0:2f:74:40:a0:c0
1783369474.5,11.80,-4.37,-42.00,68.00,72.20,f0:2f:74:40:a0:c0
1783369477.5,11.80,-4.37,-42.00,68.00,65.00,f0:2f:74:40:a0:c0
1783369480.5,11.80,-4.37,-42.00,68.00,72.20,f0:2f:74:40:a0:c0
1783369483.5,11.80,-4.37,-42.00,68.00,72.20,f0:2f:74:40:a0:c0
1783369486.5,11.80,-4.37,-42.00,68.00,72.20,f0:2f:74:40:a0:c0
1783369489.5,11.80,-4.37,-42.00,68.00,72.20,f0:2f:74:40:a0:c0
1783369492.5,11.80,-4.37,-42.00,68.00,72.20,f0:2f:74:40:a0:c0
1783369495.5,11.80,-4.37,-42.00,68.00,72.20,f0:2f:74:40:a0:c0
1783369498.5,11.80,-4.37,-42.00,68.00,72.20,f0:2f:74:40:a0:c0
1783369501.5,11.80,-4.37,-42.00,68.00,72.20,f0:2f:74:40:a0:c0
1783369504.5,11.80,-4.37,-42.00,68.00,72.20,f0:2f:74:40:a0:c0
1783369507.5,11.95,-4.38,-43.00,67.00,72.20,f0:2f:74:40:a0:c0
1783369510.5,12.24,-4.43,-41.00,69.00,72.20,f0:2f:74:40:a0:c0
1783369513.5,13.11,-4.29,-38.00,70.00,72.20,f0:2f:74:40:a0:c0
1783369516.5,13.93,-4.17,-41.00,69.00,72.20,f0:2f:74:40:a0:c0
1783369519.5,14.51,-4.00,-44.00,66.00,72.20,f0:2f:74:40:a0:c0
1783369522.5,15.28,-3.80,-47.00,63.00,72.20,f0:2f:74:40:a0:c0
1783369525.5,15.26,-3.72,-46.00,64.00,72.20,f0:2f:74:40:a0:c0
1783369528.5,15.26,-3.72,-47.00,63.00,65.00,f0:2f:74:40:a0:c0
1783369531.5,15.26,-3.72,-46.00,64.00,72.20,f0:2f:74:40:a0:c0
1783369534.5,15.26,-3.72,-47.00,63.00,72.20,f0:2f:74:40:a0:c0
1783369537.5,15.26,-3.72,-46.00,64.00,72.20,f0:2f:74:40:a0:c0
1783369540.5,15.26,-3.72,-47.00,63.00,72.20,f0:2f:74:40:a0:c0
1783369543.5,15.26,-3.72,-47.00,63.00,72.20,f0:2f:74:40:a0:c0
1783369546.5,15.26,-3.72,-47.00,63.00,72.20,f0:2f:74:40:a0:c0
1783369549.5,15.26,-3.72,-47.00,63.00,65.00,f0:2f:74:40:a0:c0
1783369552.5,15.26,-3.72,-47.00,63.00,72.20,f0:2f:74:40:a0:c0
1783369555.5,15.26,-3.72,-47.00,63.00,72.20,f0:2f:74:40:a0:c0
1783369558.5,15.26,-3.72,-46.00,64.00,72.20,f0:2f:74:40:a0:c0
1783369561.5,15.26,-3.72,-46.00,64.00,72.20,f0:2f:74:40:a0:c0
1783369564.5,15.26,-3.72,-47.00,63.00,72.20,f0:2f:74:40:a0:c0
1783369567.5,15.30,-3.75,-47.00,63.00,72.20,f0:2f:74:40:a0:c0
1783369570.5,15.64,-3.79,-47.00,63.00,65.00,f0:2f:74:40:a0:c0
1783369573.5,16.50,-3.65,-45.00,65.00,72.20,f0:2f:74:40:a0:c0
1783369576.5,17.31,-3.53,-45.00,65.00,72.20,f0:2f:74:40:a0:c0
1783369579.5,17.89,-3.44,-43.00,67.00,72.20,f0:2f:74:40:a0:c0
1783369582.5,18.75,-3.33,-45.00,65.00,72.20,f0:2f:74:40:a0:c0
1783369585.5,19.58,-3.23,-45.00,65.00,72.20,f0:2f:74:40:a0:c0
1783369588.5,20.33,-3.27,-49.00,61.00,72.20,f0:2f:74:40:a0:c0
1783369591.5,21.08,-3.22,-47.00,63.00,65.00,f0:2f:74:40:a0:c0
1783369594.5,21.94,-3.24,-49.00,61.00,65.00,f0:2f:74:40:a0:c0
1783369597.5,22.75,-3.18,-51.00,59.00,72.20,f0:2f:74:40:a0:c0
1783369600.5,23.56,-3.22,-49.00,61.00,72.20,f0:2f:74:40:a0:c0
1783369603.5,24.38,-3.27,-50.00,60.00,72.20,f0:2f:74:40:a0:c0
1783369606.5,25.40,-3.29,-50.00,60.00,72.20,f0:2f:74:40:a0:c0
1783369609.5,26.16,-3.21,-50.00,60.00,72.20,f0:2f:74:40:a0:c0
1783369612.5,27.16,-3.18,-48.00,62.00,72.20,f0:2f:74:40:a0:c0
1783369615.5,27.68,-3.16,-49.00,61.00,72.20,f0:2f:74:40:a0:c0
1783369618.5,28.57,-3.14,-54.00,56.00,72.20,f0:2f:74:40:a0:c0
1783369621.5,29.41,-3.14,-53.00,57.00,72.20,f0:2f:74:40:a0:c0
1783369624.5,30.42,-3.10,-52.00,58.00,72.20,f0:2f:74:40:a0:c0
1783369627.5,31.25,-3.12,-54.00,56.00,72.20,f0:2f:74:40:a0:c0
1783369630.5,32.08,-3.05,-57.00,53.00,65.00,f0:2f:74:40:a0:c0
1783369633.5,32.66,-2.82,-57.00,53.00,65.00,f0:2f:74:40:a0:c0
1783369636.5,33.48,-2.69,-59.00,51.00,72.20,f0:2f:74:40:a0:c0
1783369639.5,34.33,-2.67,-59.00,51.00,72.20,f0:2f:74:40:a0:c0
1783369642.5,35.20,-2.65,-59.00,51.00,72.20,f0:2f:74:40:a0:c0
1783369645.5,36.05,-2.66,-59.00,51.00,72.20,f0:2f:74:40:a0:c0
1783369648.5,36.88,-2.71,-58.00,52.00,6.50,f0:2f:74:40:a0:c0
1783369651.6,37.20,-2.77,-63.00,47.00,5.50,f0:2f:74:40:a0:c0
1783369654.5,37.22,-2.73,-64.00,46.00,14.40,f0:2f:74:40:a0:c0
1783369657.5,37.22,-2.77,-65.00,45.00,72.20,f0:2f:74:40:a0:c0
1783369660.5,36.79,-2.75,-63.00,47.00,72.20,f0:2f:74:40:a0:c0
1783369663.5,36.28,-2.74,-60.00,50.00,72.20,f0:2f:74:40:a0:c0
1783369666.5,35.50,-2.74,-61.00,49.00,72.20,f0:2f:74:40:a0:c0
1783369669.5,34.64,-2.74,-60.00,50.00,72.20,f0:2f:74:40:a0:c0
1783369672.5,33.86,-2.74,-59.00,51.00,72.20,f0:2f:74:40:a0:c0
1783369675.5,33.04,-2.82,-58.00,52.00,72.20,f0:2f:74:40:a0:c0
1783369678.5,32.22,-3.00,-57.00,53.00,72.20,f0:2f:74:40:a0:c0
1783369681.5,31.43,-3.19,-52.00,58.00,72.20,f0:2f:74:40:a0:c0
1783369684.5,30.61,-3.21,-54.00,56.00,72.20,f0:2f:74:40:a0:c0
1783369687.5,29.76,-3.18,-55.00,55.00,72.20,f0:2f:74:40:a0:c0
1783369690.5,29.19,-3.17,-53.00,57.00,72.20,f0:2f:74:40:a0:c0
1783369693.5,28.40,-3.14,-53.00,57.00,72.20,f0:2f:74:40:a0:c0
1783369696.5,27.57,-3.19,-53.00,57.00,72.20,f0:2f:74:40:a0:c0
1783369699.5,26.69,-3.21,-53.00,57.00,72.20,f0:2f:74:40:a0:c0
1783369702.5,25.83,-3.24,-46.00,64.00,72.20,f0:2f:74:40:a0:c0
1783369705.5,24.96,-3.24,-52.00,58.00,72.20,f0:2f:74:40:a0:c0
1783369708.5,24.06,-3.19,-50.00,60.00,72.20,f0:2f:74:40:a0:c0
1783369711.5,23.21,-3.15,-50.00,60.00,72.20,f0:2f:74:40:a0:c0
1783369714.5,22.37,-3.16,-48.00,62.00,72.20,f0:2f:74:40:a0:c0
1783369717.5,21.42,-3.15,-49.00,61.00,72.20,f0:2f:74:40:a0:c0
1783369720.5,20.48,-3.17,-50.00,60.00,65.00,f0:2f:74:40:a0:c0
1783369723.5,19.90,-3.20,-45.00,65.00,72.20,f0:2f:74:40:a0:c0
1783369726.5,19.04,-3.27,-48.00,62.00,72.20,f0:2f:74:40:a0:c0
1783369729.5,18.35,-3.26,-42.00,68.00,72.20,f0:2f:74:40:a0:c0
1783369732.5,17.45,-3.31,-43.00,67.00,72.20,f0:2f:74:40:a0:c0
1783369735.5,16.55,-3.48,-47.00,63.00,72.20,f0:2f:74:40:a0:c0
1783369738.5,15.71,-3.61,-44.00,66.00,72.20,f0:2f:74:40:a0:c0
1783369741.5,15.41,-3.73,-49.00,61.00,72.20,f0:2f:74:40:a0:c0
1783369744.5,14.47,-3.92,-44.00,66.00,72.20,f0:2f:74:40:a0:c0
1783369747.5,13.95,-3.89,-42.00,68.00,72.20,f0:2f:74:40:a0:c0
1783369750.5,13.10,-3.82,-46.00,64.00,72.20,f0:2f:74:40:a0:c0
1783369753.5,12.20,-4.04,-40.00,70.00,72.20,f0:2f:74:40:a0:c0
1783369756.5,11.68,-4.34,-41.00,69.00,72.20,f0:2f:74:40:a0:c0
1783369759.5,11.09,-4.43,-39.00,70.00,72.20,f0:2f:74:40:a0:c0
1783369762.5,10.26,-4.34,-36.00,70.00,72.20,f0:2f:74:40:a0:c0
1783369765.5,9.39,-4.20,-35.00,70.00,72.20,f0:2f:74:40:a0:c0
1783369768.5,8.53,-4.11,-37.00,70.00,72.20,f0:2f:74:40:a0:c0
1783369771.5,7.99,-4.07,-40.00,70.00,72.20,f0:2f:74:40:a0:c0
1783369774.5,6.98,-4.03,-34.00,70.00,72.20,f0:2f:74:40:a0:c0
1783369777.5,6.02,-4.01,-36.00,70.00,72.20,f0:2f:74:40:a0:c0
1783369780.5,5.04,-3.91,-32.00,70.00,72.20,f0:2f:74:40:a0:c0
1783369783.5,4.12,-3.87,-33.00,70.00,72.20,f0:2f:74:40:a0:c0
1783369786.5,3.55,-3.84,-34.00,70.00,72.20,f0:2f:74:40:a0:c0
1783369789.5,2.66,-3.83,-30.00,70.00,72.20,f0:2f:74:40:a0:c0
1783369792.5,1.73,-3.82,-36.00,70.00,72.20,f0:2f:74:40:a0:c0
1783369795.5,0.84,-3.82,-37.00,70.00,72.20,f0:2f:74:40:a0:c0
1783369798.5,0.12,-3.49,-35.00,70.00,72.20,f0:2f:74:40:a0:c0
1783369801.5,-0.27,-2.93,-33.00,70.00,65.00,f0:2f:74:40:a0:c0
1783369804.5,-0.40,-2.13,-34.00,70.00,72.20,f0:2f:74:40:a0:c0
1783369807.5,-0.44,-1.58,-30.00,70.00,72.20,f0:2f:74:40:a0:c0
1783369810.5,-0.61,-1.08,-34.00,70.00,72.20,f0:2f:74:40:a0:c0
1783369813.5,-1.01,-1.21,-36.00,70.00,72.20,f0:2f:74:40:a0:c0
1783369816.5,-1.57,-1.62,-37.00,70.00,72.20,f0:2f:74:40:a0:c0
1783369819.5,-2.13,-2.03,-38.00,70.00,65.00,f0:2f:74:40:a0:c0
1783369822.5,-2.75,-2.49,-35.00,70.00,65.00,f0:2f:74:40:a0:c0
1783369825.5,-3.37,-2.95,-36.00,70.00,65.00,f0:2f:74:40:a0:c0
1783369828.5,-4.04,-3.46,-41.00,69.00,72.20,f0:2f:74:40:a0:c0
1783369831.5,-4.64,-3.89,-40.00,70.00,72.20,f0:2f:74:40:a0:c0
1783369834.5,-5.51,-4.29,-41.00,69.00,72.20,f0:2f:74:40:a0:c0
1783369837.5,-6.41,-4.50,-40.00,70.00,65.00,f0:2f:74:40:a0:c0
1783369840.5,-7.00,-4.61,-43.00,67.00,58.50,f0:2f:74:40:a0:c0
1783369843.5,-7.89,-4.81,-45.00,65.00,65.00,f0:2f:74:40:a0:c0
1783369846.5,-8.72,-5.02,-48.00,62.00,65.00,f0:2f:74:40:a0:c0
1783369849.5,-9.53,-5.30,-50.00,60.00,72.20,f0:2f:74:40:a0:c0
1783369852.5,-10.29,-5.38,-46.00,64.00,72.20,f0:2f:74:40:a0:c0
1783369855.5,-11.04,-5.47,-45.00,65.00,72.20,f0:2f:74:40:a0:c0
1783369858.5,-11.63,-5.57,-47.00,63.00,72.20,f0:2f:74:40:a0:c0
1783369861.5,-12.52,-6.04,-49.00,61.00,72.20,f0:2f:74:40:a0:c0
1783369864.5,-12.75,-6.01,-50.00,60.00,72.20,f0:2f:74:40:a0:c0
1783369867.5,-12.14,-5.84,-49.00,61.00,72.20,f0:2f:74:40:a0:c0
1783369870.5,-11.60,-5.60,-45.00,65.00,72.20,f0:2f:74:40:a0:c0
1783369873.5,-10.81,-5.32,-47.00,63.00,72.20,f0:2f:74:40:a0:c0
1783369876.5,-10.00,-5.08,-45.00,65.00,72.20,f0:2f:74:40:a0:c0
1783369879.5,-9.44,-4.92,-44.00,66.00,72.20,f0:2f:74:40:a0:c0
1783369882.5,-8.55,-4.79,-43.00,67.00,65.00,f0:2f:74:40:a0:c0
1783369885.5,-7.72,-4.59,-40.00,70.00,72.20,f0:2f:74:40:a0:c0
1783369888.5,-7.19,-4.58,-40.00,70.00,72.20,f0:2f:74:40:a0:c0
1783369891.5,-6.33,-4.49,-39.00,70.00,72.20,f0:2f:74:40:a0:c0
1783369894.5,-5.42,-4.26,-39.00,70.00,72.20,f0:2f:74:40:a0:c0
1783369897.5,-4.87,-4.08,-38.00,70.00,72.20,f0:2f:74:40:a0:c0
1783369900.5,-4.24,-3.77,-36.00,70.00,65.00,f0:2f:74:40:a0:c0
1783369903.5,-3.27,-3.21,-35.00,70.00,58.50,f0:2f:74:40:a0:c0
1783369906.5,-2.61,-2.71,-34.00,70.00,65.00,f0:2f:74:40:a0:c0
1783369909.5,-2.10,-2.14,-36.00,70.00,65.00,f0:2f:74:40:a0:c0
1783369912.5,-1.14,-1.63,-35.00,70.00,58.50,f0:2f:74:40:a0:c0
1783369915.5,-0.48,-1.17,-34.00,70.00,58.50,f0:2f:74:40:a0:c0
1783369918.5,-0.28,-0.91,-32.00,70.00,72.20,f0:2f:74:40:a0:c0
1783369921.5,-0.28,-0.91,-32.00,70.00,72.20,f0:2f:74:40:a0:c0
1783369924.5,-0.28,-0.91,-32.00,70.00,72.20,f0:2f:74:40:a0:c0
1783369927.5,-0.28,-0.91,-32.00,70.00,72.20,f0:2f:74:40:a0:c0
1783369930.5,-0.28,-0.91,-32.00,70.00,72.20,f0:2f:74:40:a0:c0
1783369933.5,-0.28,-0.91,-32.00,70.00,72.20,f0:2f:74:40:a0:c0
1783369936.5,-0.28,-0.91,-32.00,70.00,65.00,f0:2f:74:40:a0:c0
1783369939.5,-0.28,-0.91,-32.00,70.00,72.20,f0:2f:74:40:a0:c0
1783369942.5,-0.28,-0.91,-32.00,70.00,72.20,f0:2f:74:40:a0:c0
1783369945.5,-0.28,-0.91,-33.00,70.00,72.20,f0:2f:74:40:a0:c0
1783369948.5,-0.31,-0.83,-35.00,70.00,72.20,f0:2f:74:40:a0:c0
1783369951.5,-0.33,-0.82,-36.00,70.00,72.20,f0:2f:74:40:a0:c0
1783369954.5,-0.44,-0.82,-36.00,70.00,72.20,f0:2f:74:40:a0:c0
1783369957.5,-0.29,-0.78,-34.00,70.00,72.20,f0:2f:74:40:a0:c0
1783369960.5,-0.36,-1.07,-36.00,70.00,72.20,f0:2f:74:40:a0:c0
1783369963.5,-0.54,-1.13,-33.00,70.00,72.20,f0:2f:74:40:a0:c0
1783369966.5,-1.00,-0.43,-33.00,70.00,72.20,f0:2f:74:40:a0:c0
1783369969.5,-1.38,0.14,-39.00,70.00,72.20,f0:2f:74:40:a0:c0
1783369972.5,-1.84,0.73,-35.00,70.00,72.20,f0:2f:74:40:a0:c0
1783369975.5,-2.34,1.33,-39.00,70.00,72.20,f0:2f:74:40:a0:c0
1783369978.5,-2.81,1.91,-37.00,70.00,72.20,f0:2f:74:40:a0:c0
1783369981.5,-3.24,2.50,-37.00,70.00,72.20,f0:2f:74:40:a0:c0
1783369984.5,-3.76,3.01,-36.00,70.00,72.20,f0:2f:74:40:a0:c0
1783369987.5,-4.51,3.85,-41.00,69.00,72.20,f0:2f:74:40:a0:c0
1783369990.5,-4.85,4.45,-40.00,70.00,72.20,f0:2f:74:40:a0:c0
1783369993.5,-4.93,5.01,-41.00,69.00,72.20,f0:2f:74:40:a0:c0
1783369996.5,-4.77,5.85,-42.00,68.00,72.20,f0:2f:74:40:a0:c0
1783369999.5,-4.60,6.59,-47.00,63.00,72.20,f0:2f:74:40:a0:c0
1783370002.5,-4.76,7.36,-45.00,65.00,72.20,f0:2f:74:40:a0:c0
1783370005.5,-4.94,8.16,-47.00,63.00,72.20,f0:2f:74:40:a0:c0
1783370008.5,-5.52,8.26,-48.00,62.00,72.20,f0:2f:74:40:a0:c0
1783370011.5,-6.31,8.14,-51.00,59.00,72.20,f0:2f:74:40:a0:c0
1783370014.5,-6.83,8.10,-49.00,61.00,72.20,f0:2f:74:40:a0:c0
1783370017.5,-7.67,8.07,-53.00,57.00,72.20,f0:2f:74:40:a0:c0
1783370020.5,-8.47,8.05,-50.00,60.00,65.00,f0:2f:74:40:a0:c0
1783370023.5,-9.30,7.99,-53.00,57.00,72.20,f0:2f:74:40:a0:c0
1783370026.5,-9.83,7.95,-50.00,60.00,72.20,f0:2f:74:40:a0:c0
1783370029.5,-10.71,7.94,-55.00,55.00,72.20,f0:2f:74:40:a0:c0
1783370032.5,-11.47,7.91,-55.00,55.00,72.20,f0:2f:74:40:a0:c0
1783370035.5,-12.25,7.90,-51.00,59.00,72.20,f0:2f:74:40:a0:c0
1783370038.5,-13.04,7.87,-53.00,57.00,72.20,f0:2f:74:40:a0:c0
1783370041.5,-13.71,7.83,-54.00,56.00,72.20,f0:2f:74:40:a0:c0
1783370044.5,-13.96,7.76,-53.00,57.00,72.20,f0:2f:74:40:a0:c0
1783370047.5,-13.79,7.74,-55.00,55.00,72.20,f0:2f:74:40:a0:c0
1783370050.5,-12.99,7.92,-55.00,55.00,72.20,f0:2f:74:40:a0:c0
1783370053.5,-12.13,7.96,-55.00,55.00,72.20,f0:2f:74:40:a0:c0
1783370056.5,-11.33,7.95,-52.00,58.00,72.20,f0:2f:74:40:a0:c0
1783370059.5,-10.53,7.94,-52.00,58.00,72.20,f0:2f:74:40:a0:c0
1783370062.5,-9.76,8.06,-52.00,58.00,72.20,f0:2f:74:40:a0:c0
1783370065.5,-9.02,8.06,-53.00,57.00,72.20,f0:2f:74:40:a0:c0
1783370068.5,-8.25,8.08,-53.00,57.00,72.20,f0:2f:74:40:a0:c0
1783370071.5,-7.75,8.07,-51.00,59.00,72.20,f0:2f:74:40:a0:c0
1783370074.5,-6.99,8.07,-48.00,62.00,72.20,f0:2f:74:40:a0:c0
1783370077.5,-6.27,8.09,-48.00,62.00,72.20,f0:2f:74:40:a0:c0
1783370080.5,-5.59,8.04,-47.00,63.00,72.20,f0:2f:74:40:a0:c0
1783370083.5,-4.92,7.92,-46.00,64.00,72.20,f0:2f:74:40:a0:c0
1783370086.5,-4.69,7.50,-44.00,66.00,72.20,f0:2f:74:40:a0:c0
1783370089.5,-4.73,6.73,-43.00,67.00,72.20,f0:2f:74:40:a0:c0
1783370092.5,-4.66,5.96,-41.00,69.00,72.20,f0:2f:74:40:a0:c0
1783370095.5,-4.50,5.04,-38.00,70.00,72.20,f0:2f:74:40:a0:c0
1783370098.5,-4.45,4.87,-43.00,67.00,72.20,f0:2f:74:40:a0:c0
1783370101.5,-4.45,4.87,-43.00,67.00,72.20,f0:2f:74:40:a0:c0
1783370104.5,-4.45,4.87,-44.00,66.00,72.20,f0:2f:74:40:a0:c0
1783370107.5,-4.45,4.87,-44.00,66.00,72.20,f0:2f:74:40:a0:c0
1783370110.5,-4.45,4.87,-44.00,66.00,72.20,f0:2f:74:40:a0:c0
1783370113.5,-4.45,4.87,-43.00,67.00,72.20,f0:2f:74:40:a0:c0
1783370116.5,-4.45,4.87,-43.00,67.00,72.20,f0:2f:74:40:a0:c0
1783370119.5,-4.45,4.87,-44.00,66.00,72.20,f0:2f:74:40:a0:c0
1783370122.5,-4.45,4.87,-44.00,66.00,72.20,f0:2f:74:40:a0:c0
1783370125.5,-4.45,4.87,-44.00,66.00,72.20,f0:2f:74:40:a0:c0
1783370128.5,-4.45,4.87,-44.00,66.00,72.20,f0:2f:74:40:a0:c0
1783370131.5,-4.45,4.87,-43.00,67.00,65.00,f0:2f:74:40:a0:c0
1783370134.5,-4.45,4.87,-43.00,67.00,65.00,f0:2f:74:40:a0:c0
1783370137.5,-4.44,4.91,-44.00,66.00,65.00,f0:2f:74:40:a0:c0
1783370140.5,-4.51,4.94,-42.00,68.00,72.20,f0:2f:74:40:a0:c0
1783370143.5,-4.49,4.91,-37.00,70.00,72.20,f0:2f:74:40:a0:c0
1783370146.5,-4.49,4.91,-37.00,70.00,72.20,f0:2f:74:40:a0:c0
1783370149.5,-4.49,4.91,-37.00,70.00,72.20,f0:2f:74:40:a0:c0
1783370152.5,-4.49,4.91,-37.00,70.00,72.20,f0:2f:74:40:a0:c0
1783370155.5,-4.49,4.91,-37.00,70.00,72.20,f0:2f:74:40:a0:c0
1783370158.5,-4.49,4.91,-37.00,70.00,72.20,f0:2f:74:40:a0:c0
1783370161.5,-4.49,4.91,-37.00,70.00,72.20,f0:2f:74:40:a0:c0
1783370164.5,-4.49,4.91,-37.00,70.00,72.20,f0:2f:74:40:a0:c0
1783370167.5,-4.49,4.91,-37.00,70.00,72.20,f0:2f:74:40:a0:c0
1783370170.5,-4.49,4.91,-37.00,70.00,72.20,f0:2f:74:40:a0:c0
1783370173.5,-4.49,4.91,-37.00,70.00,72.20,f0:2f:74:40:a0:c0
1783370176.5,-4.49,4.91,-37.00,70.00,72.20,f0:2f:74:40:a0:c0
1783370179.5,-4.49,4.91,-37.00,70.00,72.20,f0:2f:74:40:a0:c0
1783370182.5,-4.49,4.91,-37.00,70.00,72.20,f0:2f:74:40:a0:c0
1783370185.5,-4.52,4.87,-41.00,69.00,72.20,f0:2f:74:40:a0:c0
1783370188.5,-4.63,4.80,-41.00,69.00,72.20,f0:2f:74:40:a0:c0
1783370191.5,-4.64,4.52,-43.00,67.00,72.20,f0:2f:74:40:a0:c0
1783370194.5,-4.27,3.70,-38.00,70.00,72.20,f0:2f:74:40:a0:c0
1783370197.5,-3.82,3.17,-40.00,70.00,72.20,f0:2f:74:40:a0:c0
1783370200.5,-3.34,2.62,-34.00,70.00,72.20,f0:2f:74:40:a0:c0
1783370203.5,-2.67,1.79,-35.00,70.00,72.20,f0:2f:74:40:a0:c0
1783370206.5,-2.31,1.24,-37.00,70.00,72.20,f0:2f:74:40:a0:c0
1783370209.5,-1.88,0.65,-36.00,70.00,72.20,f0:2f:74:40:a0:c0
1783370212.5,-1.18,-0.28,-34.00,70.00,72.20,f0:2f:74:40:a0:c0
1783370215.5,-0.67,-0.85,-33.00,70.00,72.20,f0:2f:74:40:a0:c0
1783370218.5,-0.38,-1.45,-33.00,70.00,72.20,f0:2f:74:40:a0:c0
1783370221.5,-0.38,-1.45,-33.00,70.00,72.20,f0:2f:74:40:a0:c0
1783370224.5,-0.38,-1.45,-33.00,70.00,72.20,f0:2f:74:40:a0:c0
1783370227.5,-0.38,-1.45,-33.00,70.00,72.20,f0:2f:74:40:a0:c0
1783370230.5,-0.38,-1.45,-33.00,70.00,72.20,f0:2f:74:40:a0:c0
1783370233.5,-0.38,-1.45,-33.00,70.00,72.20,f0:2f:74:40:a0:c0
1783370236.5,-0.38,-1.45,-33.00,70.00,72.20,f0:2f:74:40:a0:c0
1783370239.5,-0.38,-1.45,-33.00,70.00,72.20,f0:2f:74:40:a0:c0
1783370242.5,-0.38,-1.45,-33.00,70.00,72.20,f0:2f:74:40:a0:c0
1783370245.5,-0.38,-1.45,-33.00,70.00,72.20,f0:2f:74:40:a0:c0
1783370248.5,-0.38,-1.45,-33.00,70.00,72.20,f0:2f:74:40:a0:c0
1783370251.5,-0.38,-1.45,-33.00,70.00,72.20,f0:2f:74:40:a0:c0
1783370254.5,-0.38,-1.45,-33.00,70.00,72.20,f0:2f:74:40:a0:c0
1783370257.5,-0.38,-1.45,-33.00,70.00,65.00,f0:2f:74:40:a0:c0
1783370260.5,-0.38,-1.45,-33.00,70.00,65.00,f0:2f:74:40:a0:c0
1783370263.5,-0.38,-1.45,-33.00,70.00,72.20,f0:2f:74:40:a0:c0
1783370266.5,-0.38,-1.45,-33.00,70.00,72.20,f0:2f:74:40:a0:c0
1783370269.5,-0.38,-1.45,-33.00,70.00,72.20,f0:2f:74:40:a0:c0
1783370272.5,-0.38,-1.45,-33.00,70.00,72.20,f0:2f:74:40:a0:c0
1783370275.5,-0.38,-1.45,-33.00,70.00,72.20,f0:2f:74:40:a0:c0
1783370278.5,-0.38,-1.45,-33.00,70.00,72.20,f0:2f:74:40:a0:c0
1783370281.5,-0.38,-1.45,-33.00,70.00,72.20,f0:2f:74:40:a0:c0
1783370284.5,-0.38,-1.45,-33.00,70.00,72.20,f0:2f:74:40:a0:c0
1783370287.5,-0.38,-1.45,-33.00,70.00,72.20,f0:2f:74:40:a0:c0
1783370290.5,-0.38,-1.45,-33.00,70.00,72.20,f0:2f:74:40:a0:c0
1783370293.5,-0.40,-1.53,-36.00,70.00,72.20,f0:2f:74:40:a0:c0
1783370296.5,-0.40,-1.56,-34.00,70.00,72.20,f0:2f:74:40:a0:c0
1783370299.5,-0.40,-1.56,-34.00,70.00,72.20,f0:2f:74:40:a0:c0
1783370302.5,-0.40,-1.56,-34.00,70.00,72.20,f0:2f:74:40:a0:c0
1783370305.5,-0.40,-1.56,-34.00,70.00,72.20,f0:2f:74:40:a0:c0
1783370308.5,-0.40,-1.56,-34.00,70.00,72.20,f0:2f:74:40:a0:c0
1783370311.5,-0.40,-1.56,-34.00,70.00,72.20,f0:2f:74:40:a0:c0
1783370314.5,-0.40,-1.56,-34.00,70.00,72.20,f0:2f:74:40:a0:c0
1783370317.5,-0.40,-1.56,-34.00,70.00,72.20,f0:2f:74:40:a0:c0
1783370320.5,-0.40,-1.56,-34.00,70.00,72.20,f0:2f:74:40:a0:c0
1783370323.5,-0.40,-1.56,-34.00,70.00,72.20,f0:2f:74:40:a0:c0
1783370326.5,-0.40,-1.56,-34.00,70.00,72.20,f0:2f:74:40:a0:c0
1783370329.5,-0.40,-1.56,-34.00,70.00,72.20,f0:2f:74:40:a0:c0
1783370332.5,-0.40,-1.56,-34.00,70.00,72.20,f0:2f:74:40:a0:c0
1783370335.5,-0.40,-1.56,-34.00,70.00,72.20,f0:2f:74:40:a0:c0
1783370338.5,-0.40,-1.56,-34.00,70.00,72.20,f0:2f:74:40:a0:c0
1783370341.5,-0.40,-1.56,-34.00,70.00,72.20,f0:2f:74:40:a0:c0
1783370344.5,-0.40,-1.56,-34.00,70.00,72.20,f0:2f:74:40:a0:c0
1783370347.5,-0.29,-2.08,-32.00,70.00,72.20,f0:2f:74:40:a0:c0
1783370350.5,-0.17,-2.94,-33.00,70.00,72.20,f0:2f:74:40:a0:c0
1783370353.5,0.28,-3.60,-35.00,70.00,72.20,f0:2f:74:40:a0:c0
1783370356.5,0.93,-3.71,-33.00,70.00,72.20,f0:2f:74:40:a0:c0
1783370359.5,1.74,-3.68,-31.00,70.00,72.20,f0:2f:74:40:a0:c0
1783370362.5,2.55,-3.73,-36.00,70.00,72.20,f0:2f:74:40:a0:c0
1783370365.5,3.34,-3.74,-34.00,70.00,72.20,f0:2f:74:40:a0:c0
1783370368.5,3.93,-3.81,-33.00,70.00,72.20,f0:2f:74:40:a0:c0
1783370371.5,4.82,-3.85,-35.00,70.00,72.20,f0:2f:74:40:a0:c0
1783370374.5,5.71,-3.92,-34.00,70.00,72.20,f0:2f:74:40:a0:c0
1783370377.5,6.52,-3.96,-41.00,69.00,72.20,f0:2f:74:40:a0:c0
1783370380.5,7.34,-3.95,-38.00,70.00,72.20,f0:2f:74:40:a0:c0
1783370383.5,8.13,-4.00,-38.00,70.00,72.20,f0:2f:74:40:a0:c0
1783370386.5,8.92,-4.10,-36.00,70.00,72.20,f0:2f:74:40:a0:c0
1783370389.5,9.48,-4.12,-44.00,66.00,72.20,f0:2f:74:40:a0:c0
1783370392.5,10.41,-4.09,-40.00,70.00,72.20,f0:2f:74:40:a0:c0
1783370395.5,11.38,-4.26,-41.00,69.00,72.20,f0:2f:74:40:a0:c0
1783370398.5,11.74,-4.42,-39.00,70.00,72.20,f0:2f:74:40:a0:c0
1783370401.5,11.74,-4.42,-37.00,70.00,72.20,f0:2f:74:40:a0:c0
1783370404.5,11.74,-4.42,-38.00,70.00,72.20,f0:2f:74:40:a0:c0
1783370407.5,11.74,-4.42,-38.00,70.00,72.20,f0:2f:74:40:a0:c0
1783370410.5,11.74,-4.42,-38.00,70.00,72.20,f0:2f:74:40:a0:c0
1783370413.5,11.74,-4.42,-38.00,70.00,72.20,f0:2f:74:40:a0:c0
1783370416.5,11.74,-4.42,-37.00,70.00,72.20,f0:2f:74:40:a0:c0
1783370419.5,11.74,-4.42,-38.00,70.00,72.20,f0:2f:74:40:a0:c0
1783370422.5,11.74,-4.42,-38.00,70.00,72.20,f0:2f:74:40:a0:c0
1783370425.5,11.74,-4.42,-38.00,70.00,72.20,f0:2f:74:40:a0:c0
1783370428.5,11.74,-4.42,-38.00,70.00,72.20,f0:2f:74:40:a0:c0
1783370431.5,11.74,-4.42,-38.00,70.00,72.20,f0:2f:74:40:a0:c0
1783370434.5,11.74,-4.42,-38.00,70.00,72.20,f0:2f:74:40:a0:c0
1783370437.5,11.74,-4.42,-38.00,70.00,72.20,f0:2f:74:40:a0:c0
1783370440.5,11.82,-4.40,-42.00,68.00,72.20,f0:2f:74:40:a0:c0
1783370443.5,12.19,-4.44,-40.00,70.00,72.20,f0:2f:74:40:a0:c0
1783370446.5,12.70,-4.20,-38.00,70.00,72.20,f0:2f:74:40:a0:c0
1783370449.5,13.49,-4.10,-43.00,67.00,72.20,f0:2f:74:40:a0:c0
1783370452.5,14.27,-4.02,-42.00,68.00,72.20,f0:2f:74:40:a0:c0
1783370455.5,15.12,-3.95,-41.00,69.00,72.20,f0:2f:74:40:a0:c0
1783370458.5,15.27,-3.78,-46.00,64.00,72.20,f0:2f:74:40:a0:c0
1783370461.5,15.30,-3.78,-43.00,67.00,72.20,f0:2f:74:40:a0:c0
1783370464.5,15.30,-3.78,-43.00,67.00,72.20,f0:2f:74:40:a0:c0
1783370467.5,15.30,-3.78,-48.00,62.00,72.20,f0:2f:74:40:a0:c0
1783370470.5,15.30,-3.78,-43.00,67.00,72.20,f0:2f:74:40:a0:c0
1783370473.5,15.30,-3.78,-44.00,66.00,72.20,f0:2f:74:40:a0:c0
1783370476.5,15.30,-3.78,-44.00,66.00,72.20,f0:2f:74:40:a0:c0
1783370479.5,15.30,-3.78,-43.00,67.00,72.20,f0:2f:74:40:a0:c0
1783370482.5,15.30,-3.78,-43.00,67.00,72.20,f0:2f:74:40:a0:c0
1783370485.5,15.30,-3.78,-44.00,66.00,72.20,f0:2f:74:40:a0:c0
1783370488.5,15.30,-3.78,-44.00,66.00,72.20,f0:2f:74:40:a0:c0
1783370491.5,15.30,-3.78,-44.00,66.00,72.20,f0:2f:74:40:a0:c0
1783370494.5,15.30,-3.78,-44.00,66.00,72.20,f0:2f:74:40:a0:c0
1783370497.5,15.30,-3.78,-44.00,66.00,72.20,f0:2f:74:40:a0:c0
1783370500.5,15.30,-3.78,-44.00,66.00,72.20,f0:2f:74:40:a0:c0
1783370503.5,15.33,-3.82,-44.00,66.00,72.20,f0:2f:74:40:a0:c0
1783370506.5,15.67,-3.88,-45.00,65.00,72.20,f0:2f:74:40:a0:c0
1783370509.5,16.60,-3.69,-46.00,64.00,72.20,f0:2f:74:40:a0:c0
1783370512.5,17.41,-3.60,-46.00,64.00,72.20,f0:2f:74:40:a0:c0
1783370515.5,18.26,-3.53,-46.00,64.00,72.20,f0:2f:74:40:a0:c0
1783370518.5,19.06,-3.45,-46.00,64.00,72.20,f0:2f:74:40:a0:c0
1783370521.5,19.84,-3.34,-44.00,66.00,72.20,f0:2f:74:40:a0:c0
1783370524.5,20.63,-3.30,-47.00,63.00,72.20,f0:2f:74:40:a0:c0
1783370527.5,21.44,-3.30,-47.00,63.00,72.20,f0:2f:74:40:a0:c0
1783370530.5,22.28,-3.36,-48.00,62.00,72.20,f0:2f:74:40:a0:c0
1783370533.5,23.07,-3.36,-51.00,59.00,72.20,f0:2f:74:40:a0:c0
1783370536.5,23.88,-3.39,-51.00,59.00,72.20,f0:2f:74:40:a0:c0
1783370539.5,24.75,-3.34,-50.00,60.00,72.20,f0:2f:74:40:a0:c0
1783370542.5,25.68,-3.22,-49.00,61.00,72.20,f0:2f:74:40:a0:c0
1783370545.5,26.56,-3.11,-47.00,63.00,72.20,f0:2f:74:40:a0:c0
1783370548.5,27.32,-3.13,-48.00,62.00,72.20,f0:2f:74:40:a0:c0
1783370551.5,27.96,-3.11,-53.00,57.00,72.20,f0:2f:74:40:a0:c0
1783370554.5,28.81,-3.12,-53.00,57.00,72.20,f0:2f:74:40:a0:c0
1783370557.5,29.66,-3.14,-51.00,59.00,72.20,f0:2f:74:40:a0:c0
1783370560.5,30.48,-3.13,-52.00,58.00,72.20,f0:2f:74:40:a0:c0
1783370563.5,31.29,-3.17,-54.00,56.00,72.20,f0:2f:74:40:a0:c0
1783370566.5,32.19,-3.04,-55.00,55.00,72.20,f0:2f:74:40:a0:c0
1783370569.5,32.96,-2.71,-57.00,53.00,72.20,f0:2f:74:40:a0:c0
1783370572.5,33.70,-2.69,-57.00,53.00,72.20,f0:2f:74:40:a0:c0
1783370575.5,34.49,-2.72,-59.00,51.00,72.20,f0:2f:74:40:a0:c0
1783370578.5,35.31,-2.70,-58.00,52.00,72.20,f0:2f:74:40:a0:c0
1783370581.5,36.22,-2.72,-60.00,50.00,72.20,f0:2f:74:40:a0:c0
1783370584.5,36.94,-2.69,-67.00,43.00,72.20,f0:2f:74:40:a0:c0
1783370587.5,37.03,-2.65,-62.00,48.00,72.20,f0:2f:74:40:a0:c0
1783370590.5,36.25,-2.68,-60.00,50.00,72.20,f0:2f:74:40:a0:c0
1783370593.5,35.47,-2.65,-62.00,48.00,72.20,f0:2f:74:40:a0:c0
1783370596.5,34.68,-2.65,-63.00,47.00,72.20,f0:2f:74:40:a0:c0
1783370599.5,33.84,-2.69,-58.00,52.00,72.20,f0:2f:74:40:a0:c0
1783370602.5,33.07,-2.81,-57.00,53.00,72.20,f0:2f:74:40:a0:c0
1783370605.5,32.53,-2.92,-56.00,54.00,72.20,f0:2f:74:40:a0:c0
1783370608.5,31.72,-3.13,-56.00,54.00,72.20,f0:2f:74:40:a0:c0
1783370611.5,30.94,-3.14,-55.00,55.00,72.20,f0:2f:74:40:a0:c0
1783370614.5,30.14,-3.08,-55.00,55.00,72.20,f0:2f:74:40:a0:c0
1783370617.5,29.32,-3.08,-53.00,57.00,72.20,f0:2f:74:40:a0:c0
1783370620.5,28.45,-3.04,-55.00,55.00,72.20,f0:2f:74:40:a0:c0
1783370623.5,27.57,-3.09,-52.00,58.00,72.20,f0:2f:74:40:a0:c0
1783370626.5,26.67,-3.15,-51.00,59.00,72.20,f0:2f:74:40:a0:c0
1783370629.5,25.78,-3.19,-48.00,62.00,72.20,f0:2f:74:40:a0:c0
1783370632.5,24.96,-3.14,-50.00,60.00,72.20,f0:2f:74:40:a0:c0
1783370635.5,24.11,-3.14,-51.00,59.00,72.20,f0:2f:74:40:a0:c0
1783370638.5,23.27,-3.09,-49.00,61.00,72.20,f0:2f:74:40:a0:c0
1783370641.5,22.44,-3.06,-48.00,62.00,72.20,f0:2f:74:40:a0:c0
1783370644.5,21.58,-3.10,-50.00,60.00,72.20,f0:2f:74:40:a0:c0
1783370647.5,20.68,-3.21,-48.00,62.00,72.20,f0:2f:74:40:a0:c0
1783370650.5,19.81,-3.24,-48.00,62.00,72.20,f0:2f:74:40:a0:c0
1783370653.5,19.01,-3.22,-46.00,64.00,72.20,f0:2f:74:40:a0:c0
1783370656.5,18.48,-3.23,-45.00,65.00,72.20,f0:2f:74:40:a0:c0
1783370659.5,17.67,-3.23,-48.00,62.00,72.20,f0:2f:74:40:a0:c0
1783370662.5,16.85,-3.30,-45.00,65.00,72.20,f0:2f:74:40:a0:c0
1783370665.5,16.00,-3.54,-47.00,63.00,72.20,f0:2f:74:40:a0:c0
1783370668.5,15.46,-3.74,-44.00,66.00,72.20,f0:2f:74:40:a0:c0
1783370671.5,14.77,-3.99,-41.00,69.00,72.20,f0:2f:74:40:a0:c0
1783370674.5,13.92,-3.93,-41.00,69.00,72.20,f0:2f:74:40:a0:c0
1783370677.5,13.11,-3.92,-40.00,70.00,72.20,f0:2f:74:40:a0:c0
1783370680.5,12.30,-4.05,-41.00,69.00,72.20,f0:2f:74:40:a0:c0
1783370683.5,11.73,-4.22,-41.00,69.00,72.20,f0:2f:74:40:a0:c0
1783370686.5,11.37,-4.37,-45.00,65.00,72.20,f0:2f:74:40:a0:c0
1783370689.5,10.50,-4.30,-40.00,70.00,72.20,f0:2f:74:40:a0:c0
1783370692.5,9.74,-4.20,-38.00,70.00,72.20,f0:2f:74:40:a0:c0
1783370695.5,8.95,-4.16,-40.00,70.00,72.20,f0:2f:74:40:a0:c0
1783370698.5,8.09,-4.06,-39.00,70.00,72.20,f0:2f:74:40:a0:c0
1783370701.5,7.20,-4.06,-37.00,70.00,72.20,f0:2f:74:40:a0:c0
1783370704.5,6.30,-4.03,-35.00,70.00,72.20,f0:2f:74:40:a0:c0
1783370707.5,5.35,-4.00,-32.00,70.00,72.20,f0:2f:74:40:a0:c0
1783370710.5,4.50,-3.91,-34.00,70.00,72.20,f0:2f:74:40:a0:c0
1783370713.5,3.66,-3.89,-31.00,70.00,72.20,f0:2f:74:40:a0:c0
1783370716.5,2.78,-3.92,-33.00,70.00,72.20,f0:2f:74:40:a0:c0
1783370719.5,1.92,-3.91,-34.00,70.00,72.20,f0:2f:74:40:a0:c0
1783370722.5,1.07,-3.90,-34.00,70.00,72.20,f0:2f:74:40:a0:c0
1783370725.5,0.24,-3.61,-35.00,70.00,72.20,f0:2f:74:40:a0:c0
1783370728.5,-0.20,-3.05,-35.00,70.00,72.20,f0:2f:74:40:a0:c0
1783370731.5,-0.35,-2.33,-33.00,70.00,72.20,f0:2f:74:40:a0:c0
1783370734.5,-0.42,-1.54,-30.00,70.00,72.20,f0:2f:74:40:a0:c0
1783370737.5,-0.50,-1.05,-35.00,70.00,72.20,f0:2f:74:40:a0:c0
1783370740.5,-0.73,-1.10,-37.00,70.00,72.20,f0:2f:74:40:a0:c0
1783370743.5,-1.32,-1.50,-35.00,70.00,72.20,f0:2f:74:40:a0:c0
1783370746.5,-2.18,-2.05,-36.00,70.00,72.20,f0:2f:74:40:a0:c0
1783370749.5,-2.79,-2.50,-35.00,70.00,72.20,f0:2f:74:40:a0:c0
1783370752.5,-3.41,-2.95,-39.00,70.00,72.20,f0:2f:74:40:a0:c0
1783370755.5,-4.06,-3.41,-43.00,67.00,72.20,f0:2f:74:40:a0:c0
1783370758.5,-4.60,-3.89,-43.00,67.00,72.20,f0:2f:74:40:a0:c0
1783370761.5,-5.43,-4.40,-40.00,70.00,72.20,f0:2f:74:40:a0:c0
1783370764.5,-6.30,-4.50,-43.00,67.00,72.20,f0:2f:74:40:a0:c0
1783370767.5,-6.83,-4.65,-45.00,65.00,72.20,f0:2f:74:40:a0:c0
1783370770.5,-7.74,-4.75,-43.00,67.00,72.20,f0:2f:74:40:a0:c0
1783370773.5,-8.58,-4.93,-44.00,66.00,72.20,f0:2f:74:40:a0:c0
1783370776.5,-9.45,-5.18,-47.00,63.00,72.20,f0:2f:74:40:a0:c0
1783370779.5,-10.23,-5.37,-47.00,63.00,72.20,f0:2f:74:40:a0:c0
1783370782.5,-10.78,-5.48,-45.00,65.00,72.20,f0:2f:74:40:a0:c0
1783370785.5,-11.62,-5.64,-48.00,62.00,72.20,f0:2f:74:40:a0:c0
1783370788.5,-12.45,-5.99,-48.00,62.00,72.20,f0:2f:74:40:a0:c0
1783370791.5,-12.77,-6.07,-46.00,64.00,72.20,f0:2f:74:40:a0:c0
1783370794.5,-12.57,-6.04,-48.00,62.00,72.20,f0:2f:74:40:a0:c0
1783370797.5,-11.79,-5.69,-48.00,62.00,72.20,f0:2f:74:40:a0:c0
1783370800.5,-10.97,-5.38,-47.00,63.00,72.20,f0:2f:74:40:a0:c0
1783370803.5,-10.42,-5.19,-45.00,65.00,72.20,f0:2f:74:40:a0:c0
1783370806.5,-9.61,-5.06,-46.00,64.00,72.20,f0:2f:74:40:a0:c0
1783370809.5,-8.85,-4.88,-44.00,66.00,72.20,f0:2f:74:40:a0:c0
1783370812.5,-7.95,-4.68,-43.00,67.00,72.20,f0:2f:74:40:a0:c0
1783370815.5,-7.23,-4.65,-44.00,66.00,72.20,f0:2f:74:40:a0:c0
1783370818.5,-6.67,-4.55,-39.00,70.00,72.20,f0:2f:74:40:a0:c0
1783370821.5,-5.80,-4.31,-40.00,70.00,72.20,f0:2f:74:40:a0:c0
1783370824.5,-4.95,-4.06,-39.00,70.00,72.20,f0:2f:74:40:a0:c0
1783370827.5,-4.39,-3.87,-43.00,67.00,72.20,f0:2f:74:40:a0:c0
1783370830.5,-3.80,-3.47,-36.00,70.00,72.20,f0:2f:74:40:a0:c0
1783370833.5,-2.84,-2.81,-35.00,70.00,72.20,f0:2f:74:40:a0:c0
1783370836.5,-2.22,-2.31,-36.00,70.00,72.20,f0:2f:74:40:a0:c0
1783370839.5,-1.59,-1.88,-34.00,70.00,72.20,f0:2f:74:40:a0:c0
1783370842.5,-0.95,-1.47,-35.00,70.00,65.00,f0:2f:74:40:a0:c0
1783370845.5,-0.25,-1.02,-36.00,70.00,72.20,f0:2f:74:40:a0:c0
1783370848.5,-0.28,-0.90,-37.00,70.00,72.20,f0:2f:74:40:a0:c0
1783370851.5,-0.52,-0.69,-33.00,70.00,72.20,f0:2f:74:40:a0:c0
1783370854.5,-0.95,-0.13,-37.00,70.00,72.20,f0:2f:74:40:a0:c0
1783370857.5,-1.41,0.41,-36.00,70.00,72.20,f0:2f:74:40:a0:c0
1783370860.5,-1.89,1.01,-39.00,70.00,65.00,f0:2f:74:40:a0:c0
1783370863.5,-2.41,1.54,-36.00,70.00,58.50,f0:2f:74:40:a0:c0
1783370866.5,-3.19,2.40,-36.00,70.00,65.00,f0:2f:74:40:a0:c0
1783370869.5,-3.71,2.95,-40.00,70.00,57.70,f0:2f:74:40:a0:c0
1783370872.5,-4.23,3.56,-42.00,68.00,52.00,f0:2f:74:40:a0:c0
1783370875.5,-4.72,4.33,-41.00,69.00,72.20,f0:2f:74:40:a0:c0
1783370878.5,-4.77,4.77,-39.00,70.00,72.20,f0:2f:74:40:a0:c0
1783370881.5,-4.82,5.57,-41.00,69.00,72.20,f0:2f:74:40:a0:c0
1783370884.5,-4.68,6.38,-42.00,68.00,72.20,f0:2f:74:40:a0:c0
1783370887.5,-4.71,6.93,-46.00,64.00,72.20,f0:2f:74:40:a0:c0
1783370890.5,-4.93,7.92,-48.00,62.00,65.00,f0:2f:74:40:a0:c0
1783370893.5,-5.51,8.35,-47.00,63.00,57.70,f0:2f:74:40:a0:c0
1783370896.5,-6.05,8.15,-48.00,62.00,72.20,f0:2f:74:40:a0:c0
1783370899.5,-6.87,8.03,-46.00,64.00,72.20,f0:2f:74:40:a0:c0
1783370902.5,-7.67,8.07,-48.00,62.00,72.20,f0:2f:74:40:a0:c0
1783370905.5,-8.17,8.09,-51.00,59.00,72.20,f0:2f:74:40:a0:c0
1783370908.5,-8.92,8.03,-52.00,58.00,72.20,f0:2f:74:40:a0:c0
1783370911.5,-9.79,7.99,-52.00,58.00,65.00,f0:2f:74:40:a0:c0
1783370914.5,-10.60,7.92,-53.00,57.00,72.20,f0:2f:74:40:a0:c0
1783370917.5,-11.37,7.89,-54.00,56.00,72.20,f0:2f:74:40:a0:c0
1783370920.5,-12.17,7.89,-52.00,58.00,72.20,f0:2f:74:40:a0:c0
1783370923.5,-12.89,7.89,-52.00,58.00,72.20,f0:2f:74:40:a0:c0
1783370926.5,-13.66,7.86,-53.00,57.00,72.20,f0:2f:74:40:a0:c0
1783370929.5,-13.99,7.73,-52.00,58.00,65.00,f0:2f:74:40:a0:c0
1783370932.5,-13.89,7.73,-53.00,57.00,72.20,f0:2f:74:40:a0:c0
1783370935.5,-13.11,7.90,-53.00,57.00,72.20,f0:2f:74:40:a0:c0
1783370938.5,-12.36,7.96,-53.00,57.00,72.20,f0:2f:74:40:a0:c0
1783370941.5,-11.56,7.96,-53.00,57.00,72.20,f0:2f:74:40:a0:c0
1783370944.5,-10.78,7.96,-53.00,57.00,72.20,f0:2f:74:40:a0:c0
1783370947.5,-9.96,8.01,-53.00,57.00,72.20,f0:2f:74:40:a0:c0
1783370950.5,-9.24,8.06,-52.00,58.00,72.20,f0:2f:74:40:a0:c0
1783370953.5,-8.53,8.06,-50.00,60.00,72.20,f0:2f:74:40:a0:c0
1783370956.5,-7.90,8.07,-51.00,59.00,72.20,f0:2f:74:40:a0:c0
1783370959.5,-7.41,8.11,-50.00,60.00,72.20,f0:2f:74:40:a0:c0
1783370962.5,-6.64,8.10,-49.00,61.00,72.20,f0:2f:74:40:a0:c0
1783370965.5,-5.64,8.07,-49.00,61.00,72.20,f0:2f:74:40:a0:c0
1783370968.5,-5.02,7.99,-48.00,62.00,72.20,f0:2f:74:40:a0:c0
1783370971.5,-4.54,7.40,-46.00,64.00,72.20,f0:2f:74:40:a0:c0
1783370974.5,-4.76,6.66,-43.00,67.00,72.20,f0:2f:74:40:a0:c0
1783370977.5,-4.65,5.89,-40.00,70.00,72.20,f0:2f:74:40:a0:c0
1783370980.5,-4.61,5.13,-40.00,70.00,72.20,f0:2f:74:40:a0:c0
1783370983.5,-4.52,4.70,-39.00,70.00,72.20,f0:2f:74:40:a0:c0
1783370986.5,-4.47,4.67,-42.00,68.00,72.20,f0:2f:74:40:a0:c0
1783370989.5,-4.62,4.53,-41.00,69.00,72.20,f0:2f:74:40:a0:c0
1783370992.5,-4.43,4.00,-39.00,70.00,72.20,f0:2f:74:40:a0:c0
1783370995.5,-3.81,3.19,-41.00,69.00,72.20,f0:2f:74:40:a0:c0
1783370998.5,-3.34,2.60,-35.00,70.00,72.20,f0:2f:74:40:a0:c0
1783371001.5,-2.94,2.03,-37.00,70.00,72.20,f0:2f:74:40:a0:c0
1783371004.5,-2.51,1.45,-33.00,70.00,72.20,f0:2f:74:40:a0:c0
1783371007.5,-2.11,0.86,-33.00,70.00,72.20,f0:2f:74:40:a0:c0
1783371010.5,-1.32,0.01,-36.00,70.00,72.20,f0:2f:74:40:a0:c0
1783371013.5,-0.84,-0.61,-33.00,70.00,65.00,f0:2f:74:40:a0:c0
1783371016.5,-0.38,-1.31,-31.00,70.00,72.20,f0:2f:74:40:a0:c0
1783371019.5,-0.35,-1.45,-34.00,70.00,72.20,f0:2f:74:40:a0:c0
1783371022.5,-0.35,-1.45,-34.00,70.00,72.20,f0:2f:74:40:a0:c0
1783371025.5,-0.35,-1.45,-35.00,70.00,72.20,f0:2f:74:40:a0:c0
1783371028.5,-0.35,-1.45,-34.00,70.00,72.20,f0:2f:74:40:a0:c0
1783371031.5,-0.37,-1.47,-33.00,70.00,72.20,f0:2f:74:40:a0:c0
1783371034.5,-0.39,-1.74,-36.00,70.00,65.00,f0:2f:74:40:a0:c0
1783371037.5,-0.18,-2.05,-34.00,70.00,72.20,f0:2f:74:40:a0:c0
1783371040.5,-0.24,-2.78,-32.00,70.00,72.20,f0:2f:74:40:a0:c0
1783371043.5,0.11,-3.48,-35.00,70.00,72.20,f0:2f:74:40:a0:c0
1783371046.5,0.76,-3.67,-30.00,70.00,72.20,f0:2f:74:40:a0:c0
1783371049.5,1.55,-3.69,-32.00,70.00,72.20,f0:2f:74:40:a0:c0
1783371052.5,2.36,-3.70,-30.00,70.00,72.20,f0:2f:74:40:a0:c0
1783371055.5,3.17,-3.78,-32.00,70.00,72.20,f0:2f:74:40:a0:c0
1783371058.5,3.79,-3.82,-35.00,70.00,72.20,f0:2f:74:40:a0:c0
1783371061.5,4.66,-3.84,-35.00,70.00,72.20,f0:2f:74:40:a0:c0
1783371064.5,5.53,-3.86,-33.00,70.00,72.20,f0:2f:74:40:a0:c0
1783371067.5,6.34,-3.86,-35.00,70.00,72.20,f0:2f:74:40:a0:c0
1783371070.5,7.17,-3.86,-35.00,70.00,72.20,f0:2f:74:40:a0:c0
1783371073.5,8.01,-3.88,-39.00,70.00,72.20,f0:2f:74:40:a0:c0
1783371076.5,8.58,-3.91,-38.00,70.00,72.20,f0:2f:74:40:a0:c0
1783371079.5,9.46,-3.92,-43.00,67.00,72.20,f0:2f:74:40:a0:c0
1783371082.5,10.31,-4.03,-42.00,68.00,72.20,f0:2f:74:40:a0:c0
1783371085.5,11.22,-4.16,-41.00,69.00,72.20,f0:2f:74:40:a0:c0
1783371088.5,11.84,-4.39,-38.00,70.00,72.20,f0:2f:74:40:a0:c0
1783371091.5,11.86,-4.39,-40.00,70.00,72.20,f0:2f:74:40:a0:c0
1783371094.5,11.86,-4.39,-40.00,70.00,72.20,f0:2f:74:40:a0:c0
1783371097.5,11.86,-4.39,-40.00,70.00,72.20,f0:2f:74:40:a0:c0
1783371100.5,11.86,-4.39,-40.00,70.00,72.20,f0:2f:74:40:a0:c0
1783371103.5,11.86,-4.39,-40.00,70.00,72.20,f0:2f:74:40:a0:c0
1783371106.5,11.86,-4.39,-40.00,70.00,72.20,f0:2f:74:40:a0:c0
1783371109.5,11.86,-4.39,-40.00,70.00,72.20,f0:2f:74:40:a0:c0
1783371112.5,11.86,-4.39,-40.00,70.00,72.20,f0:2f:74:40:a0:c0
1783371115.5,11.86,-4.39,-40.00,70.00,72.20,f0:2f:74:40:a0:c0
1783371118.5,11.86,-4.39,-40.00,70.00,72.20,f0:2f:74:40:a0:c0
1783371121.5,11.86,-4.39,-40.00,70.00,72.20,f0:2f:74:40:a0:c0
1783371124.5,11.86,-4.39,-40.00,70.00,72.20,f0:2f:74:40:a0:c0
1783371127.5,11.86,-4.39,-40.00,70.00,72.20,f0:2f:74:40:a0:c0
1783371130.5,11.92,-4.31,-38.00,70.00,72.20,f0:2f:74:40:a0:c0
1783371133.5,12.16,-4.39,-37.00,70.00,72.20,f0:2f:74:40:a0:c0
1783371136.5,12.82,-4.30,-40.00,70.00,72.20,f0:2f:74:40:a0:c0
1783371139.5,13.67,-4.22,-43.00,67.00,72.20,f0:2f:74:40:a0:c0
1783371142.5,14.25,-4.07,-41.00,69.00,72.20,f0:2f:74:40:a0:c0
1783371145.5,15.15,-3.89,-43.00,67.00,72.20,f0:2f:74:40:a0:c0
1783371148.5,15.23,-3.74,-42.00,68.00,72.20,f0:2f:74:40:a0:c0
1783371151.5,15.23,-3.74,-44.00,66.00,72.20,f0:2f:74:40:a0:c0
1783371154.5,15.23,-3.74,-44.00,66.00,72.20,f0:2f:74:40:a0:c0
1783371157.5,15.23,-3.74,-43.00,67.00,72.20,f0:2f:74:40:a0:c0
1783371160.5,15.23,-3.74,-43.00,67.00,72.20,f0:2f:74:40:a0:c0
1783371163.5,15.23,-3.74,-43.00,67.00,72.20,f0:2f:74:40:a0:c0
1783371166.5,15.23,-3.74,-43.00,67.00,72.20,f0:2f:74:40:a0:c0
1783371169.5,15.23,-3.74,-43.00,67.00,72.20,f0:2f:74:40:a0:c0
1783371172.5,15.23,-3.74,-44.00,66.00,72.20,f0:2f:74:40:a0:c0
1783371175.5,15.23,-3.74,-44.00,66.00,72.20,f0:2f:74:40:a0:c0
1783371178.5,15.23,-3.74,-43.00,67.00,72.20,f0:2f:74:40:a0:c0
1783371181.5,15.23,-3.74,-43.00,67.00,72.20,f0:2f:74:40:a0:c0
1783371184.5,15.23,-3.74,-43.00,67.00,72.20,f0:2f:74:40:a0:c0
1783371187.5,15.23,-3.74,-43.00,67.00,72.20,f0:2f:74:40:a0:c0
1783371190.5,15.21,-3.76,-45.00,65.00,72.20,f0:2f:74:40:a0:c0
1783371193.5,15.33,-3.81,-43.00,67.00,72.20,f0:2f:74:40:a0:c0
1783371196.5,15.76,-3.79,-41.00,69.00,72.20,f0:2f:74:40:a0:c0
1783371199.5,16.60,-3.66,-47.00,63.00,72.20,f0:2f:74:40:a0:c0
1783371202.5,17.41,-3.53,-46.00,64.00,72.20,f0:2f:74:40:a0:c0
1783371205.5,18.24,-3.45,-44.00,66.00,72.20,f0:2f:74:40:a0:c0
1783371208.5,19.04,-3.35,-44.00,66.00,72.20,f0:2f:74:40:a0:c0
1783371211.5,19.82,-3.32,-45.00,65.00,72.20,f0:2f:74:40:a0:c0
1783371214.5,20.60,-3.27,-47.00,63.00,72.20,f0:2f:74:40:a0:c0
1783371217.5,21.39,-3.30,-46.00,64.00,72.20,f0:2f:74:40:a0:c0
1783371220.5,22.21,-3.30,-49.00,61.00,72.20,f0:2f:74:40:a0:c0
1783371223.5,23.03,-3.23,-51.00,59.00,72.20,f0:2f:74:40:a0:c0
1783371226.5,23.79,-3.23,-53.00,57.00,72.20,f0:2f:74:40:a0:c0
1783371229.5,24.64,-3.23,-48.00,62.00,72.20,f0:2f:74:40:a0:c0
1783371232.5,25.56,-3.22,-48.00,62.00,72.20,f0:2f:74:40:a0:c0
1783371235.5,26.39,-3.15,-47.00,63.00,72.20,f0:2f:74:40:a0:c0
1783371238.5,27.22,-3.13,-49.00,61.00,72.20,f0:2f:74:40:a0:c0
1783371241.5,28.04,-3.15,-51.00,59.00,72.20,f0:2f:74:40:a0:c0
1783371244.5,28.86,-3.14,-53.00,57.00,72.20,f0:2f:74:40:a0:c0
1783371247.5,29.67,-3.12,-54.00,56.00,72.20,f0:2f:74:40:a0:c0
1783371250.5,30.49,-3.09,-55.00,55.00,65.00,f0:2f:74:40:a0:c0
1783371253.5,31.31,-3.16,-54.00,56.00,72.20,f0:2f:74:40:a0:c0
1783371256.5,32.18,-3.06,-57.00,53.00,72.20,f0:2f:74:40:a0:c0
1783371259.5,33.02,-2.66,-59.00,51.00,72.20,f0:2f:74:40:a0:c0
1783371262.5,33.77,-2.64,-58.00,52.00,72.20,f0:2f:74:40:a0:c0
1783371265.5,34.57,-2.65,-60.00,50.00,72.20,f0:2f:74:40:a0:c0
1783371268.5,35.37,-2.68,-58.00,52.00,72.20,f0:2f:74:40:a0:c0
1783371271.5,36.22,-2.69,-60.00,50.00,72.20,f0:2f:74:40:a0:c0
1783371274.5,36.95,-2.63,-61.00,49.00,72.20,f0:2f:74:40:a0:c0
1783371277.5,37.02,-2.68,-62.00,48.00,72.20,f0:2f:74:40:a0:c0
1783371280.5,36.24,-2.67,-62.00,48.00,72.20,f0:2f:74:40:a0:c0
1783371283.5,35.47,-2.67,-60.00,50.00,72.20,f0:2f:74:40:a0:c0
1783371286.5,34.70,-2.67,-61.00,49.00,72.20,f0:2f:74:40:a0:c0
1783371289.5,33.89,-2.68,-59.00,51.00,72.20,f0:2f:74:40:a0:c0
1783371292.5,33.09,-2.74,-57.00,53.00,72.20,f0:2f:74:40:a0:c0
1783371295.5,32.26,-3.02,-58.00,52.00,72.20,f0:2f:74:40:a0:c0
1783371298.5,31.48,-3.17,-57.00,53.00,72.20,f0:2f:74:40:a0:c0
1783371301.5,30.69,-3.16,-54.00,56.00,72.20,f0:2f:74:40:a0:c0
1783371304.5,29.95,-3.14,-56.00,54.00,72.20,f0:2f:74:40:a0:c0
1783371307.5,29.14,-3.12,-54.00,56.00,72.20,f0:2f:74:40:a0:c0
1783371310.5,28.31,-3.11,-53.00,57.00,72.20,f0:2f:74:40:a0:c0
1783371313.5,27.44,-3.16,-50.00,60.00,72.20,f0:2f:74:40:a0:c0
1783371316.5,26.57,-3.18,-52.00,58.00,72.20,f0:2f:74:40:a0:c0
1783371319.5,25.74,-3.15,-50.00,60.00,65.00,f0:2f:74:40:a0:c0
1783371322.5,24.90,-3.12,-52.00,58.00,72.20,f0:2f:74:40:a0:c0
1783371325.5,24.12,-3.08,-53.00,57.00,72.20,f0:2f:74:40:a0:c0
1783371328.5,23.29,-3.06,-51.00,59.00,72.20,f0:2f:74:40:a0:c0
1783371331.5,22.45,-3.05,-49.00,61.00,72.20,f0:2f:74:40:a0:c0
1783371334.5,21.58,-3.06,-49.00,61.00,72.20,f0:2f:74:40:a0:c0
1783371337.5,20.74,-3.12,-45.00,65.00,72.20,f0:2f:74:40:a0:c0
1783371340.5,19.89,-3.15,-46.00,64.00,72.20,f0:2f:74:40:a0:c0
1783371343.5,19.12,-3.15,-45.00,65.00,72.20,f0:2f:74:40:a0:c0
1783371346.5,18.37,-3.16,-45.00,65.00,72.20,f0:2f:74:40:a0:c0
1783371349.5,17.53,-3.19,-47.00,63.00,72.20,f0:2f:74:40:a0:c0
1783371352.5,16.65,-3.36,-46.00,64.00,72.20,f0:2f:74:40:a0:c0
1783371355.5,16.05,-3.55,-45.00,65.00,72.20,f0:2f:74:40:a0:c0
1783371358.5,15.23,-3.83,-46.00,64.00,72.20,f0:2f:74:40:a0:c0
1783371361.5,14.88,-3.96,-42.00,68.00,72.20,f0:2f:74:40:a0:c0
1783371364.5,13.77,-3.89,-41.00,69.00,72.20,f0:2f:74:40:a0:c0
1783371367.5,12.97,-3.91,-42.00,68.00,72.20,f0:2f:74:40:a0:c0
1783371370.5,12.41,-4.04,-40.00,70.00,72.20,f0:2f:74:40:a0:c0
1783371373.5,11.58,-4.35,-41.00,69.00,72.20,f0:2f:74:40:a0:c0
1783371376.5,11.16,-4.49,-37.00,70.00,72.20,f0:2f:74:40:a0:c0
1783371379.5,10.39,-4.43,-40.00,70.00,72.20,f0:2f:74:40:a0:c0
1783371382.5,9.57,-4.33,-36.00,70.00,72.20,f0:2f:74:40:a0:c0
1783371385.5,8.70,-4.26,-37.00,70.00,72.20,f0:2f:74:40:a0:c0
1783371388.5,7.84,-4.14,-36.00,70.00,72.20,f0:2f:74:40:a0:c0
1783371391.5,6.91,-4.10,-35.00,70.00,72.20,f0:2f:74:40:a0:c0
1783371394.5,6.05,-4.09,-34.00,70.00,72.20,f0:2f:74:40:a0:c0
1783371397.5,5.18,-3.96,-35.00,70.00,72.20,f0:2f:74:40:a0:c0
1783371400.5,4.39,-3.90,-31.00,70.00,72.20,f0:2f:74:40:a0:c0
1783371403.5,3.56,-3.93,-35.00,70.00,72.20,f0:2f:74:40:a0:c0
1783371406.5,2.73,-3.93,-32.00,70.00,72.20,f0:2f:74:40:a0:c0
1783371409.5,1.87,-3.92,-33.00,70.00,72.20,f0:2f:74:40:a0:c0
1783371412.5,1.06,-3.89,-36.00,70.00,72.20,f0:2f:74:40:a0:c0
1783371415.5,0.30,-3.61,-34.00,70.00,72.20,f0:2f:74:40:a0:c0
1783371418.5,-0.17,-3.10,-36.00,70.00,72.20,f0:2f:74:40:a0:c0
1783371421.5,-0.30,-2.32,-29.00,70.00,72.20,f0:2f:74:40:a0:c0
1783371424.5,-0.38,-1.55,-34.00,70.00,72.20,f0:2f:74:40:a0:c0
1783371427.5,-0.55,-1.11,-35.00,70.00,72.20,f0:2f:74:40:a0:c0
1783371430.5,-0.88,-1.13,-38.00,70.00,72.20,f0:2f:74:40:a0:c0
1783371433.5,-1.39,-1.49,-40.00,70.00,72.20,f0:2f:74:40:a0:c0
1783371436.5,-2.25,-2.09,-38.00,70.00,72.20,f0:2f:74:40:a0:c0
1783371439.5,-2.85,-2.55,-40.00,70.00,72.20,f0:2f:74:40:a0:c0
1783371442.5,-3.47,-3.00,-40.00,70.00,72.20,f0:2f:74:40:a0:c0
1783371445.5,-4.10,-3.43,-38.00,70.00,72.20,f0:2f:74:40:a0:c0
1783371448.5,-4.67,-3.88,-40.00,70.00,72.20,f0:2f:74:40:a0:c0
1783371451.5,-5.51,-4.27,-41.00,69.00,72.20,f0:2f:74:40:a0:c0
1783371454.5,-6.41,-4.60,-41.00,69.00,72.20,f0:2f:74:40:a0:c0
1783371457.5,-7.23,-4.74,-44.00,66.00,72.20,f0:2f:74:40:a0:c0
1783371460.5,-8.07,-4.80,-42.00,68.00,72.20,f0:2f:74:40:a0:c0
1783371463.5,-8.85,-4.98,-44.00,66.00,72.20,f0:2f:74:40:a0:c0
1783371466.5,-9.62,-5.25,-50.00,60.00,72.20,f0:2f:74:40:a0:c0
1783371469.5,-10.11,-5.37,-45.00,65.00,72.20,f0:2f:74:40:a0:c0
1783371472.5,-11.13,-5.46,-46.00,64.00,72.20,f0:2f:74:40:a0:c0
1783371475.5,-11.67,-5.57,-49.00,61.00,72.20,f0:2f:74:40:a0:c0
1783371478.5,-12.59,-6.00,-47.00,63.00,72.20,f0:2f:74:40:a0:c0
1783371481.5,-12.78,-6.04,-49.00,61.00,72.20,f0:2f:74:40:a0:c0
1783371484.5,-12.22,-5.84,-51.00,59.00,72.20,f0:2f:74:40:a0:c0
1783371487.5,-11.38,-5.50,-49.00,61.00,72.20,f0:2f:74:40:a0:c0
1783371490.5,-10.85,-5.33,-49.00,61.00,72.20,f0:2f:74:40:a0:c0
1783371493.5,-10.05,-5.06,-48.00,62.00,72.20,f0:2f:74:40:a0:c0
1783371496.5,-9.33,-4.85,-43.00,67.00,72.20,f0:2f:74:40:a0:c0
1783371499.5,-8.55,-4.68,-43.00,67.00,72.20,f0:2f:74:40:a0:c0
1783371502.5,-7.75,-4.56,-40.00,70.00,72.20,f0:2f:74:40:a0:c0
1783371505.5,-6.97,-4.64,-39.00,70.00,72.20,f0:2f:74:40:a0:c0
1783371508.5,-6.23,-4.54,-39.00,70.00,72.20,f0:2f:74:40:a0:c0
1783371511.5,-5.36,-4.24,-43.00,67.00,72.20,f0:2f:74:40:a0:c0
1783371514.5,-4.78,-4.01,-39.00,70.00,72.20,f0:2f:74:40:a0:c0
1783371517.5,-4.16,-3.69,-39.00,70.00,72.20,f0:2f:74:40:a0:c0
1783371520.5,-3.24,-3.08,-36.00,70.00,72.20,f0:2f:74:40:a0:c0
1783371523.5,-2.59,-2.58,-33.00,70.00,72.20,f0:2f:74:40:a0:c0
1783371526.5,-1.99,-2.06,-39.00,70.00,72.20,f0:2f:74:40:a0:c0
1783371529.5,-1.35,-1.64,-32.00,70.00,72.20,f0:2f:74:40:a0:c0
1783371532.5,-0.33,-1.03,-34.00,70.00,72.20,f0:2f:74:40:a0:c0
1783371535.5,-0.26,-1.01,-35.00,70.00,72.20,f0:2f:74:40:a0:c0
1783371538.5,-0.29,-0.93,-37.00,70.00,72.20,f0:2f:74:40:a0:c0
1783371541.5,-0.57,-0.76,-35.00,70.00,72.20,f0:2f:74:40:a0:c0
1783371544.5,-1.01,-0.17,-37.00,70.00,72.20,f0:2f:74:40:a0:c0
1783371547.5,-1.70,0.67,-36.00,70.00,72.20,f0:2f:74:40:a0:c0
1783371550.5,-2.16,1.22,-36.00,70.00,72.20,f0:2f:74:40:a0:c0
1783371553.5,-2.68,1.78,-38.00,70.00,72.20,f0:2f:74:40:a0:c0
1783371556.5,-3.18,2.33,-40.00,70.00,72.20,f0:2f:74:40:a0:c0
1783371559.5,-3.89,3.25,-41.00,69.00,72.20,f0:2f:74:40:a0:c0
1783371562.5,-4.41,3.77,-42.00,68.00,65.00,f0:2f:74:40:a0:c0
1783371565.5,-4.67,4.68,-40.00,70.00,65.00,f0:2f:74:40:a0:c0
1783371568.5,-4.58,5.24,-45.00,65.00,72.20,f0:2f:74:40:a0:c0
1783371571.5,-4.66,6.07,-45.00,65.00,72.20,f0:2f:74:40:a0:c0
1783371574.5,-4.74,6.84,-44.00,66.00,72.20,f0:2f:74:40:a0:c0
1783371577.5,-4.85,7.81,-47.00,63.00,72.20,f0:2f:74:40:a0:c0
1783371580.5,-5.37,8.12,-50.00,60.00,72.20,f0:2f:74:40:a0:c0
1783371583.5,-6.08,8.07,-47.00,63.00,72.20,f0:2f:74:40:a0:c0
1783371586.5,-6.86,8.07,-51.00,59.00,72.20,f0:2f:74:40:a0:c0
1783371589.5,-7.37,8.12,-48.00,62.00,72.20,f0:2f:74:40:a0:c0
1783371592.5,-8.21,8.05,-51.00,59.00,72.20,f0:2f:74:40:a0:c0
1783371595.5,-8.97,8.01,-50.00,60.00,72.20,f0:2f:74:40:a0:c0
1783371598.5,-9.71,7.97,-54.00,56.00,72.20,f0:2f:74:40:a0:c0
1783371601.5,-10.49,7.93,-52.00,58.00,65.00,f0:2f:74:40:a0:c0
1783371604.5,-11.23,7.91,-54.00,56.00,72.20,f0:2f:74:40:a0:c0
1783371607.5,-11.97,7.89,-52.00,58.00,72.20,f0:2f:74:40:a0:c0
1783371610.5,-12.69,7.88,-52.00,58.00,72.20,f0:2f:74:40:a0:c0
1783371613.5,-13.43,7.87,-55.00,55.00,72.20,f0:2f:74:40:a0:c0
1783371616.5,-14.02,7.72,-53.00,57.00,72.20,f0:2f:74:40:a0:c0
1783371619.5,-13.88,7.76,-54.00,56.00,57.70,f0:2f:74:40:a0:c0
1783371622.5,-13.32,7.89,-55.00,55.00,72.20,f0:2f:74:40:a0:c0
1783371625.5,-12.56,7.94,-52.00,58.00,72.20,f0:2f:74:40:a0:c0
1783371628.5,-11.80,7.95,-55.00,55.00,72.20,f0:2f:74:40:a0:c0
1783371631.5,-11.02,7.94,-53.00,57.00,72.20,f0:2f:74:40:a0:c0
1783371634.5,-10.25,7.98,-57.00,53.00,72.20,f0:2f:74:40:a0:c0
1783371637.5,-9.51,8.04,-51.00,59.00,72.20,f0:2f:74:40:a0:c0
1783371640.5,-8.76,8.06,-50.00,60.00,65.00,f0:2f:74:40:a0:c0
1783371643.5,-8.01,8.07,-50.00,60.00,57.70,f0:2f:74:40:a0:c0
1783371646.5,-7.23,8.12,-51.00,59.00,72.20,f0:2f:74:40:a0:c0
1783371649.5,-6.52,8.11,-49.00,61.00,72.20,f0:2f:74:40:a0:c0
1783371652.5,-5.81,8.08,-46.00,64.00,72.20,f0:2f:74:40:a0:c0
1783371655.5,-5.04,8.01,-48.00,62.00,72.20,f0:2f:74:40:a0:c0
1783371658.5,-4.69,7.64,-45.00,65.00,72.20,f0:2f:74:40:a0:c0
1783371661.5,-4.73,6.85,-44.00,66.00,72.20,f0:2f:74:40:a0:c0
1783371664.5,-4.67,6.04,-43.00,67.00,72.20,f0:2f:74:40:a0:c0
1783371667.5,-4.60,5.26,-42.00,68.00,72.20,f0:2f:74:40:a0:c0
1783371670.5,-4.40,4.85,-39.00,70.00,72.20,f0:2f:74:40:a0:c0
1783371673.5,-4.44,4.85,-43.00,67.00,72.20,f0:2f:74:40:a0:c0
1783371676.5,-4.44,4.85,-43.00,67.00,72.20,f0:2f:74:40:a0:c0
1783371679.5,-4.44,4.85,-43.00,67.00,72.20,f0:2f:74:40:a0:c0
1783371682.5,-4.44,4.85,-43.00,67.00,72.20,f0:2f:74:40:a0:c0
1783371685.5,-4.44,4.85,-43.00,67.00,72.20,f0:2f:74:40:a0:c0
1783371688.5,-4.44,4.85,-43.00,67.00,72.20,f0:2f:74:40:a0:c0
1783371691.5,-4.44,4.85,-43.00,67.00,72.20,f0:2f:74:40:a0:c0
1783371694.5,-4.44,4.85,-43.00,67.00,72.20,f0:2f:74:40:a0:c0
1783371697.5,-4.44,4.85,-43.00,67.00,72.20,f0:2f:74:40:a0:c0
1783371700.5,-4.44,4.85,-43.00,67.00,72.20,f0:2f:74:40:a0:c0
1783371703.5,-4.44,4.85,-43.00,67.00,72.20,f0:2f:74:40:a0:c0
1783371706.5,-4.44,4.85,-43.00,67.00,72.20,f0:2f:74:40:a0:c0
1783371709.5,-4.44,4.85,-42.00,68.00,72.20,f0:2f:74:40:a0:c0
1783371712.5,-4.43,4.87,-44.00,66.00,72.20,f0:2f:74:40:a0:c0
1783371715.5,-4.52,4.93,-44.00,66.00,72.20,f0:2f:74:40:a0:c0
1783371718.5,-4.52,4.93,-41.00,69.00,72.20,f0:2f:74:40:a0:c0
1783371721.5,-4.52,4.93,-41.00,69.00,72.20,f0:2f:74:40:a0:c0
1783371724.5,-4.52,4.93,-41.00,69.00,72.20,f0:2f:74:40:a0:c0
1783371727.5,-4.52,4.93,-41.00,69.00,72.20,f0:2f:74:40:a0:c0
1783371730.5,-4.52,4.93,-41.00,69.00,72.20,f0:2f:74:40:a0:c0
1783371733.5,-4.52,4.93,-41.00,69.00,72.20,f0:2f:74:40:a0:c0
1783371736.5,-4.52,4.93,-41.00,69.00,72.20,f0:2f:74:40:a0:c0
1783371739.5,-4.52,4.93,-41.00,69.00,72.20,f0:2f:74:40:a0:c0
1783371742.5,-4.52,4.93,-41.00,69.00,72.20,f0:2f:74:40:a0:c0
1783371745.5,-4.52,4.93,-41.00,69.00,72.20,f0:2f:74:40:a0:c0
1783371748.5,-4.52,4.93,-41.00,69.00,72.20,f0:2f:74:40:a0:c0
1783371751.5,-4.52,4.93,-41.00,69.00,72.20,f0:2f:74:40:a0:c0
1783371754.5,-4.52,4.93,-41.00,69.00,72.20,f0:2f:74:40:a0:c0
1783371757.5,-4.52,4.93,-41.00,69.00,72.20,f0:2f:74:40:a0:c0
1783371760.5,-4.60,4.97,-42.00,68.00,72.20,f0:2f:74:40:a0:c0
1783371763.5,-4.60,4.51,-35.00,70.00,72.20,f0:2f:74:40:a0:c0
1783371766.5,-4.43,4.00,-38.00,70.00,72.20,f0:2f:74:40:a0:c0
1783371769.5,-4.03,3.42,-38.00,70.00,72.20,f0:2f:74:40:a0:c0
1783371772.5,-3.35,2.55,-35.00,70.00,72.20,f0:2f:74:40:a0:c0
1783371775.5,-2.88,1.95,-37.00,70.00,72.20,f0:2f:74:40:a0:c0
1783371778.5,-2.45,1.39,-35.00,70.00,72.20,f0:2f:74:40:a0:c0
1783371781.5,-2.02,0.73,-36.00,70.00,72.20,f0:2f:74:40:a0:c0
1783371784.5,-1.50,0.07,-35.00,70.00,72.20,f0:2f:74:40:a0:c0
1783371787.5,-0.93,-0.49,-38.00,70.00,72.20,f0:2f:74:40:a0:c0
1783371790.5,-0.37,-1.34,-34.00,70.00,72.20,f0:2f:74:40:a0:c0
1783371793.5,-0.28,-1.71,-36.00,70.00,72.20,f0:2f:74:40:a0:c0
1783371796.5,-0.28,-1.71,-36.00,70.00,72.20,f0:2f:74:40:a0:c0
1783371799.5,-0.28,-1.71,-36.00,70.00,72.20,f0:2f:74:40:a0:c0
1783371802.5,-0.28,-1.71,-36.00,70.00,72.20,f0:2f:74:40:a0:c0
1783371805.5,-0.28,-1.71,-36.00,70.00,72.20,f0:2f:74:40:a0:c0
1783371808.5,-0.28,-1.71,-36.00,70.00,72.20,f0:2f:74:40:a0:c0
1783371811.5,-0.28,-1.71,-36.00,70.00,72.20,f0:2f:74:40:a0:c0
1783371814.5,-0.28,-1.71,-36.00,70.00,72.20,f0:2f:74:40:a0:c0
1783371817.5,-0.28,-1.71,-36.00,70.00,72.20,f0:2f:74:40:a0:c0
1783371820.5,-0.28,-1.71,-36.00,70.00,72.20,f0:2f:74:40:a0:c0
1783371823.5,-0.28,-1.71,-36.00,70.00,72.20,f0:2f:74:40:a0:c0
1783371826.5,-0.28,-1.71,-36.00,70.00,72.20,f0:2f:74:40:a0:c0
1783371829.5,-0.28,-1.71,-36.00,70.00,72.20,f0:2f:74:40:a0:c0
1783371832.5,-0.28,-1.71,-36.00,70.00,72.20,f0:2f:74:40:a0:c0
1783371835.5,-0.37,-1.75,-33.00,70.00,72.20,f0:2f:74:40:a0:c0
1783371838.5,-0.34,-2.06,-32.00,70.00,72.20,f0:2f:74:40:a0:c0
1783371841.5,-0.19,-2.89,-36.00,70.00,72.20,f0:2f:74:40:a0:c0
1783371844.5,0.16,-3.46,-34.00,70.00,72.20,f0:2f:74:40:a0:c0
1783371847.5,0.87,-3.67,-32.00,70.00,72.20,f0:2f:74:40:a0:c0
1783371850.5,1.70,-3.64,-33.00,70.00,72.20,f0:2f:74:40:a0:c0
1783371853.5,2.47,-3.64,-32.00,70.00,72.20,f0:2f:74:40:a0:c0
1783371856.5,3.28,-3.75,-34.00,70.00,72.20,f0:2f:74:40:a0:c0
1783371859.5,4.18,-3.84,-30.00,70.00,72.20,f0:2f:74:40:a0:c0
1783371862.5,5.04,-3.77,-31.00,70.00,72.20,f0:2f:74:40:a0:c0
1783371865.5,5.89,-3.82,-32.00,70.00,65.00,f0:2f:74:40:a0:c0
1783371868.5,6.73,-3.83,-39.00,70.00,65.00,f0:2f:74:40:a0:c0
1783371871.5,7.27,-3.84,-36.00,70.00,72.20,f0:2f:74:40:a0:c0
1783371874.5,8.08,-3.87,-37.00,70.00,58.50,f0:2f:74:40:a0:c0
1783371877.5,8.93,-3.87,-40.00,70.00,65.00,f0:2f:74:40:a0:c0
1783371880.5,9.75,-3.89,-37.00,70.00,72.20,f0:2f:74:40:a0:c0
1783371883.5,10.64,-4.02,-35.00,70.00,72.20,f0:2f:74:40:a0:c0
1783371886.5,11.50,-4.32,-41.00,69.00,72.20,f0:2f:74:40:a0:c0
1783371889.5,11.88,-4.33,-40.00,70.00,72.20,f0:2f:74:40:a0:c0
1783371892.5,11.96,-4.26,-40.00,70.00,72.20,f0:2f:74:40:a0:c0
1783371895.5,11.96,-4.26,-40.00,70.00,72.20,f0:2f:74:40:a0:c0
1783371898.5,11.96,-4.26,-40.00,70.00,72.20,f0:2f:74:40:a0:c0
1783371901.5,11.96,-4.26,-40.00,70.00,72.20,f0:2f:74:40:a0:c0
1783371904.5,11.96,-4.26,-40.00,70.00,72.20,f0:2f:74:40:a0:c0
1783371907.5,11.96,-4.26,-41.00,69.00,72.20,f0:2f:74:40:a0:c0
1783371910.5,11.96,-4.26,-40.00,70.00,65.00,f0:2f:74:40:a0:c0
1783371913.5,11.96,-4.26,-40.00,70.00,72.20,f0:2f:74:40:a0:c0
1783371916.5,11.96,-4.26,-40.00,70.00,72.20,f0:2f:74:40:a0:c0
1783371919.5,11.96,-4.26,-40.00,70.00,72.20,f0:2f:74:40:a0:c0
1783371922.5,11.96,-4.26,-41.00,69.00,72.20,f0:2f:74:40:a0:c0
1783371925.5,11.96,-4.26,-40.00,70.00,72.20,f0:2f:74:40:a0:c0
1783371928.5,11.96,-4.26,-40.00,70.00,72.20,f0:2f:74:40:a0:c0
1783371931.5,11.98,-4.27,-43.00,67.00,72.20,f0:2f:74:40:a0:c0
1783371934.5,12.01,-4.34,-39.00,70.00,72.20,f0:2f:74:40:a0:c0
1783371937.5,12.19,-4.44,-39.00,70.00,72.20,f0:2f:74:40:a0:c0
1783371940.5,12.88,-4.29,-39.00,70.00,72.20,f0:2f:74:40:a0:c0
1783371943.5,13.67,-4.21,-42.00,68.00,72.20,f0:2f:74:40:a0:c0
1783371946.5,14.23,-4.12,-42.00,68.00,72.20,f0:2f:74:40:a0:c0
1783371949.5,15.04,-3.92,-43.00,67.00,72.20,f0:2f:74:40:a0:c0
1783371952.5,15.32,-3.77,-46.00,64.00,72.20,f0:2f:74:40:a0:c0
1783371955.5,15.30,-3.77,-42.00,68.00,72.20,f0:2f:74:40:a0:c0
1783371958.5,15.30,-3.77,-42.00,68.00,72.20,f0:2f:74:40:a0:c0
1783371961.5,15.30,-3.77,-41.00,69.00,72.20,f0:2f:74:40:a0:c0
1783371964.5,15.30,-3.77,-41.00,69.00,72.20,f0:2f:74:40:a0:c0
1783371967.5,15.30,-3.77,-41.00,69.00,72.20,f0:2f:74:40:a0:c0
1783371970.5,15.30,-3.77,-41.00,69.00,72.20,f0:2f:74:40:a0:c0
1783371973.5,15.30,-3.77,-41.00,69.00,72.20,f0:2f:74:40:a0:c0
1783371976.5,15.30,-3.77,-42.00,68.00,72.20,f0:2f:74:40:a0:c0
1783371979.5,15.30,-3.77,-42.00,68.00,72.20,f0:2f:74:40:a0:c0
1783371982.5,15.30,-3.77,-43.00,67.00,72.20,f0:2f:74:40:a0:c0
1783371985.5,15.30,-3.77,-41.00,69.00,72.20,f0:2f:74:40:a0:c0
1783371988.5,15.30,-3.77,-41.00,69.00,72.20,f0:2f:74:40:a0:c0
1783371991.5,15.30,-3.77,-43.00,67.00,72.20,f0:2f:74:40:a0:c0
1783371994.5,15.30,-3.77,-47.00,63.00,72.20,f0:2f:74:40:a0:c0
1783371997.5,15.44,-3.83,-44.00,66.00,72.20,f0:2f:74:40:a0:c0
1783372000.5,16.05,-3.80,-45.00,65.00,72.20,f0:2f:74:40:a0:c0
1783372003.5,16.62,-3.67,-46.00,64.00,72.20,f0:2f:74:40:a0:c0
1783372006.5,17.56,-3.60,-44.00,66.00,72.20,f0:2f:74:40:a0:c0
1783372009.5,18.36,-3.58,-47.00,63.00,72.20,f0:2f:74:40:a0:c0
1783372012.5,19.31,-3.43,-46.00,64.00,72.20,f0:2f:74:40:a0:c0
1783372015.5,20.10,-3.34,-46.00,64.00,72.20,f0:2f:74:40:a0:c0
1783372018.5,20.88,-3.30,-48.00,62.00,72.20,f0:2f:74:40:a0:c0
1783372021.5,21.66,-3.29,-49.00,61.00,72.20,f0:2f:74:40:a0:c0
1783372024.5,22.44,-3.27,-47.00,63.00,72.20,f0:2f:74:40:a0:c0
1783372027.5,23.35,-3.35,-49.00,61.00,72.20,f0:2f:74:40:a0:c0
1783372030.5,24.21,-3.36,-51.00,59.00,72.20,f0:2f:74:40:a0:c0
1783372033.5,25.12,-3.38,-45.00,65.00,72.20,f0:2f:74:40:a0:c0
1783372036.5,25.97,-3.26,-48.00,62.00,72.20,f0:2f:74:40:a0:c0
1783372039.5,26.53,-3.25,-49.00,61.00,72.20,f0:2f:74:40:a0:c0
1783372042.5,27.33,-3.23,-50.00,60.00,65.00,f0:2f:74:40:a0:c0
1783372045.5,28.16,-3.21,-50.00,60.00,65.00,f0:2f:74:40:a0:c0
1783372048.5,29.00,-3.22,-54.00,56.00,72.20,f0:2f:74:40:a0:c0
1783372051.5,29.88,-3.18,-54.00,56.00,72.20,f0:2f:74:40:a0:c0
1783372054.5,30.77,-3.18,-56.00,54.00,65.00,f0:2f:74:40:a0:c0
1783372057.5,31.62,-3.15,-57.00,53.00,65.00,f0:2f:74:40:a0:c0
1783372060.5,32.27,-2.99,-59.00,51.00,72.20,f0:2f:74:40:a0:c0
1783372063.5,33.08,-2.65,-59.00,51.00,72.20,f0:2f:74:40:a0:c0
1783372066.5,33.86,-2.64,-61.00,49.00,72.20,f0:2f:74:40:a0:c0
1783372069.5,34.72,-2.62,-60.00,50.00,72.20,f0:2f:74:40:a0:c0
1783372072.5,35.55,-2.65,-61.00,49.00,72.20,f0:2f:74:40:a0:c0
1783372075.5,36.50,-2.65,-66.00,44.00,58.50,f0:2f:74:40:a0:c0
1783372078.5,37.02,-2.63,-65.00,45.00,39.00,f0:2f:74:40:a0:c0
1783372081.5,36.69,-2.65,-63.00,47.00,57.70,f0:2f:74:40:a0:c0
1783372084.5,35.89,-2.64,-61.00,49.00,57.70,f0:2f:74:40:a0:c0
1783372087.5,35.11,-2.63,-60.00,50.00,72.20,f0:2f:74:40:a0:c0
1783372090.5,34.30,-2.60,-60.00,50.00,72.20,f0:2f:74:40:a0:c0
1783372093.5,33.78,-2.62,-60.00,50.00,72.20,f0:2f:74:40:a0:c0
1783372096.5,32.95,-2.73,-57.00,53.00,72.20,f0:2f:74:40:a0:c0
1783372099.5,32.13,-3.04,-56.00,54.00,72.20,f0:2f:74:40:a0:c0
1783372102.5,31.33,-3.17,-60.00,50.00,65.00,f0:2f:74:40:a0:c0
1783372105.5,30.51,-3.16,-54.00,56.00,65.00,f0:2f:74:40:a0:c0
1783372108.5,29.69,-3.12,-55.00,55.00,65.00,f0:2f:74:40:a0:c0
1783372111.5,29.09,-3.09,-53.00,57.00,65.00,f0:2f:74:40:a0:c0
1783372114.5,28.22,-3.06,-52.00,58.00,72.20,f0:2f:74:40:a0:c0
1783372117.5,27.32,-3.12,-50.00,60.00,72.20,f0:2f:74:40:a0:c0
1783372120.5,26.41,-3.17,-50.00,60.00,72.20,f0:2f:74:40:a0:c0
1783372123.5,25.55,-3.10,-50.00,60.00,72.20,f0:2f:74:40:a0:c0
1783372126.5,24.69,-3.06,-51.00,59.00,72.20,f0:2f:74:40:a0:c0
1783372129.5,23.91,-3.05,-53.00,57.00,72.20,f0:2f:74:40:a0:c0
1783372132.5,23.05,-3.00,-49.00,61.00,57.70,f0:2f:74:40:a0:c0
1783372135.5,22.22,-3.06,-46.00,64.00,65.00,f0:2f:74:40:a0:c0
1783372138.5,21.37,-3.07,-50.00,60.00,57.70,f0:2f:74:40:a0:c0
1783372141.5,20.48,-3.15,-47.00,63.00,72.20,f0:2f:74:40:a0:c0
1783372144.5,19.56,-3.19,-47.00,63.00,72.20,f0:2f:74:40:a0:c0
1783372147.5,19.06,-3.14,-45.00,65.00,72.20,f0:2f:74:40:a0:c0
1783372150.5,18.23,-3.16,-44.00,66.00,72.20,f0:2f:74:40:a0:c0
1783372153.5,17.44,-3.18,-44.00,66.00,72.20,f0:2f:74:40:a0:c0
1783372156.5,16.61,-3.35,-46.00,64.00,72.20,f0:2f:74:40:a0:c0
1783372159.5,15.71,-3.67,-47.00,63.00,72.20,f0:2f:74:40:a0:c0
1783372162.5,15.19,-3.89,-45.00,65.00,72.20,f0:2f:74:40:a0:c0
1783372165.5,14.83,-4.03,-42.00,68.00,72.20,f0:2f:74:40:a0:c0
1783372168.5,13.96,-3.95,-42.00,68.00,72.20,f0:2f:74:40:a0:c0
1783372171.5,13.07,-3.92,-44.00,66.00,72.20,f0:2f:74:40:a0:c0
1783372174.5,12.15,-4.01,-43.00,67.00,72.20,f0:2f:74:40:a0:c0
1783372177.5,11.86,-4.12,-41.00,69.00,72.20,f0:2f:74:40:a0:c0
1783372180.5,10.95,-4.36,-41.00,69.00,72.20,f0:2f:74:40:a0:c0
1783372183.5,10.17,-4.27,-37.00,70.00,72.20,f0:2f:74:40:a0:c0
1783372186.5,9.30,-4.17,-34.00,70.00,72.20,f0:2f:74:40:a0:c0
1783372189.5,8.41,-4.08,-39.00,70.00,72.20,f0:2f:74:40:a0:c0
1783372192.5,7.78,-4.07,-36.00,70.00,72.20,f0:2f:74:40:a0:c0
1783372195.5,6.88,-4.08,-36.00,70.00,72.20,f0:2f:74:40:a0:c0
1783372198.5,6.01,-4.04,-35.00,70.00,72.20,f0:2f:74:40:a0:c0
1783372201.5,5.17,-3.91,-33.00,70.00,72.20,f0:2f:74:40:a0:c0
1783372204.5,4.34,-3.84,-34.00,70.00,72.20,f0:2f:74:40:a0:c0
1783372207.5,3.50,-3.85,-35.00,70.00,72.20,f0:2f:74:40:a0:c0
1783372210.5,2.66,-3.84,-36.00,70.00,72.20,f0:2f:74:40:a0:c0
1783372213.5,1.80,-3.85,-36.00,70.00,72.20,f0:2f:74:40:a0:c0
1783372216.5,0.97,-3.83,-36.00,70.00,72.20,f0:2f:74:40:a0:c0
1783372219.5,0.08,-3.50,-35.00,70.00,72.20,f0:2f:74:40:a0:c0
1783372222.5,-0.26,-2.91,-34.00,70.00,72.20,f0:2f:74:40:a0:c0
1783372225.5,-0.37,-2.13,-33.00,70.00,72.20,f0:2f:74:40:a0:c0
1783372228.5,-0.43,-1.39,-33.00,70.00,72.20,f0:2f:74:40:a0:c0
1783372231.5,-0.58,-1.13,-36.00,70.00,72.20,f0:2f:74:40:a0:c0
1783372234.5,-0.96,-1.23,-37.00,70.00,72.20,f0:2f:74:40:a0:c0
1783372237.5,-1.54,-1.64,-36.00,70.00,72.20,f0:2f:74:40:a0:c0
1783372240.5,-2.15,-2.02,-34.00,70.00,72.20,f0:2f:74:40:a0:c0
1783372243.5,-2.98,-2.73,-38.00,70.00,72.20,f0:2f:74:40:a0:c0
1783372246.5,-3.65,-3.20,-36.00,70.00,72.20,f0:2f:74:40:a0:c0
1783372249.5,-4.30,-3.68,-39.00,70.00,72.20,f0:2f:74:40:a0:c0
1783372252.5,-5.20,-4.09,-38.00,70.00,72.20,f0:2f:74:40:a0:c0
1783372255.5,-5.81,-4.28,-43.00,67.00,72.20,f0:2f:74:40:a0:c0
1783372258.5,-6.65,-4.51,-43.00,67.00,72.20,f0:2f:74:40:a0:c0
1783372261.5,-7.22,-4.66,-42.00,68.00,72.20,f0:2f:74:40:a0:c0
1783372264.5,-8.06,-4.84,-44.00,66.00,72.20,f0:2f:74:40:a0:c0
1783372267.5,-8.88,-5.08,-44.00,66.00,72.20,f0:2f:74:40:a0:c0
1783372270.5,-9.64,-5.24,-49.00,61.00,72.20,f0:2f:74:40:a0:c0
1783372273.5,-10.44,-5.38,-44.00,66.00,72.20,f0:2f:74:40:a0:c0
1783372276.5,-11.26,-5.48,-46.00,64.00,72.20,f0:2f:74:40:a0:c0
1783372279.5,-11.79,-5.62,-44.00,66.00,72.20,f0:2f:74:40:a0:c0
1783372282.5,-12.51,-6.12,-50.00,60.00,72.20,f0:2f:74:40:a0:c0
1783372285.5,-12.64,-6.10,-49.00,61.00,72.20,f0:2f:74:40:a0:c0
1783372288.5,-12.02,-5.84,-51.00,59.00,72.20,f0:2f:74:40:a0:c0
1783372291.5,-11.49,-5.68,-47.00,63.00,72.20,f0:2f:74:40:a0:c0
1783372294.5,-10.69,-5.36,-47.00,63.00,72.20,f0:2f:74:40:a0:c0
1783372297.5,-10.17,-5.12,-48.00,62.00,65.00,f0:2f:74:40:a0:c0
1783372300.5,-9.34,-4.94,-46.00,64.00,57.70,f0:2f:74:40:a0:c0
1783372303.5,-8.57,-4.60,-44.00,66.00,72.20,f0:2f:74:40:a0:c0
1783372306.5,-7.82,-4.62,-42.00,68.00,72.20,f0:2f:74:40:a0:c0
1783372309.5,-7.10,-4.52,-42.00,68.00,72.20,f0:2f:74:40:a0:c0
1783372312.5,-6.52,-4.50,-41.00,69.00,72.20,f0:2f:74:40:a0:c0
1783372315.5,-5.62,-4.33,-37.00,70.00,72.20,f0:2f:74:40:a0:c0
1783372318.5,-5.02,-4.15,-40.00,70.00,72.20,f0:2f:74:40:a0:c0
1783372321.5,-4.10,-3.68,-39.00,70.00,72.20,f0:2f:74:40:a0:c0
1783372324.5,-3.50,-3.27,-37.00,70.00,72.20,f0:2f:74:40:a0:c0
1783372327.5,-2.90,-2.83,-35.00,70.00,72.20,f0:2f:74:40:a0:c0
1783372330.5,-2.28,-2.36,-34.00,70.00,72.20,f0:2f:74:40:a0:c0
1783372333.5,-1.33,-1.67,-34.00,70.00,72.20,f0:2f:74:40:a0:c0
1783372336.5,-0.70,-1.28,-32.00,70.00,72.20,f0:2f:74:40:a0:c0
1783372339.5,-0.24,-1.01,-36.00,70.00,72.20,f0:2f:74:40:a0:c0
1783372342.5,-0.28,-0.96,-37.00,70.00,72.20,f0:2f:74:40:a0:c0
1783372345.5,-0.55,-0.74,-37.00,70.00,72.20,f0:2f:74:40:a0:c0
1783372348.5,-1.19,0.03,-36.00,70.00,72.20,f0:2f:74:40:a0:c0
1783372351.5,-1.65,0.55,-38.00,70.00,65.00,f0:2f:74:40:a0:c0
1783372354.5,-2.15,1.09,-38.00,70.00,72.20,f0:2f:74:40:a0:c0
1783372357.5,-2.71,1.62,-34.00,70.00,72.20,f0:2f:74:40:a0:c0
1783372360.5,-3.33,2.49,-42.00,68.00,72.20,f0:2f:74:40:a0:c0
1783372363.5,-3.80,3.11,-42.00,68.00,72.20,f0:2f:74:40:a0:c0
1783372366.5,-4.27,3.77,-43.00,67.00,72.20,f0:2f:74:40:a0:c0
1783372369.5,-4.85,4.50,-41.00,69.00,72.20,f0:2f:74:40:a0:c0
1783372372.5,-4.73,4.96,-41.00,69.00,72.20,f0:2f:74:40:a0:c0
1783372375.5,-4.64,5.54,-44.00,66.00,72.20,f0:2f:74:40:a0:c0
1783372378.5,-4.75,6.39,-42.00,68.00,72.20,f0:2f:74:40:a0:c0
1783372381.5,-4.79,7.25,-44.00,66.00,72.20,f0:2f:74:40:a0:c0
1783372384.5,-4.85,8.27,-47.00,63.00,72.20,f0:2f:74:40:a0:c0
1783372387.5,-5.16,8.30,-48.00,62.00,72.20,f0:2f:74:40:a0:c0
1783372390.5,-6.08,8.12,-46.00,64.00,72.20,f0:2f:74:40:a0:c0
1783372393.5,-6.85,8.10,-50.00,60.00,72.20,f0:2f:74:40:a0:c0
1783372396.5,-7.41,8.09,-51.00,59.00,72.20,f0:2f:74:40:a0:c0
1783372399.5,-8.17,8.07,-49.00,61.00,72.20,f0:2f:74:40:a0:c0
1783372402.5,-9.04,7.99,-49.00,61.00,72.20,f0:2f:74:40:a0:c0
1783372405.5,-9.79,7.96,-54.00,56.00,72.20,f0:2f:74:40:a0:c0
1783372408.5,-10.38,7.93,-54.00,56.00,72.20,f0:2f:74:40:a0:c0
1783372411.5,-11.14,7.92,-51.00,59.00,72.20,f0:2f:74:40:a0:c0
1783372414.5,-11.93,7.90,-53.00,57.00,72.20,f0:2f:74:40:a0:c0
1783372417.5,-12.64,7.88,-52.00,58.00,72.20,f0:2f:74:40:a0:c0
1783372420.5,-13.13,7.87,-53.00,57.00,72.20,f0:2f:74:40:a0:c0
1783372423.5,-13.96,7.66,-52.00,58.00,72.20,f0:2f:74:40:a0:c0
1783372426.5,-14.09,7.73,-54.00,56.00,72.20,f0:2f:74:40:a0:c0
1783372429.5,-13.75,7.78,-54.00,56.00,72.20,f0:2f:74:40:a0:c0
1783372432.5,-12.96,7.92,-52.00,58.00,72.20,f0:2f:74:40:a0:c0
1783372435.5,-12.13,7.96,-55.00,55.00,72.20,f0:2f:74:40:a0:c0
1783372438.5,-11.33,7.93,-54.00,56.00,72.20,f0:2f:74:40:a0:c0
1783372441.5,-10.54,7.95,-52.00,58.00,72.20,f0:2f:74:40:a0:c0
1783372444.5,-10.01,8.01,-53.00,57.00,72.20,f0:2f:74:40:a0:c0
1783372447.5,-9.20,8.08,-51.00,59.00,72.20,f0:2f:74:40:a0:c0
1783372450.5,-8.46,8.10,-51.00,59.00,72.20,f0:2f:74:40:a0:c0
1783372453.5,-7.70,8.06,-49.00,61.00,72.20,f0:2f:74:40:a0:c0
1783372456.5,-6.93,8.07,-47.00,63.00,72.20,f0:2f:74:40:a0:c0
1783372459.5,-6.22,8.10,-46.00,64.00,72.20,f0:2f:74:40:a0:c0
1783372462.5,-5.50,8.04,-47.00,63.00,72.20,f0:2f:74:40:a0:c0
1783372465.5,-4.93,7.93,-47.00,63.00,65.00,f0:2f:74:40:a0:c0
1783372468.5,-4.66,7.47,-44.00,66.00,65.00,f0:2f:74:40:a0:c0
1783372471.5,-4.72,6.75,-40.00,70.00,72.20,f0:2f:74:40:a0:c0
1783372474.5,-4.68,5.99,-40.00,70.00,72.20,f0:2f:74:40:a0:c0
1783372477.5,-4.64,5.19,-43.00,67.00,72.20,f0:2f:74:40:a0:c0
1783372480.5,-4.53,4.69,-40.00,70.00,72.20,f0:2f:74:40:a0:c0
1783372483.5,-4.55,4.65,-37.00,70.00,72.20,f0:2f:74:40:a0:c0
1783372486.5,-4.55,4.65,-37.00,70.00,72.20,f0:2f:74:40:a0:c0
1783372489.5,-4.55,4.65,-37.00,70.00,72.20,f0:2f:74:40:a0:c0
1783372492.5,-4.55,4.65,-37.00,70.00,72.20,f0:2f:74:40:a0:c0
1783372495.5,-4.55,4.65,-37.00,70.00,72.20,f0:2f:74:40:a0:c0
1783372498.5,-4.55,4.65,-37.00,70.00,72.20,f0:2f:74:40:a0:c0
1783372501.5,-4.55,4.65,-37.00,70.00,72.20,f0:2f:74:40:a0:c0
1783372504.5,-4.55,4.65,-37.00,70.00,72.20,f0:2f:74:40:a0:c0
1783372507.5,-4.55,4.65,-39.00,70.00,72.20,f0:2f:74:40:a0:c0
1783372510.5,-4.55,4.65,-37.00,70.00,72.20,f0:2f:74:40:a0:c0
1783372513.5,-4.55,4.65,-37.00,70.00,72.20,f0:2f:74:40:a0:c0
1783372516.5,-4.55,4.65,-37.00,70.00,72.20,f0:2f:74:40:a0:c0
1783372519.5,-4.55,4.65,-37.00,70.00,65.00,f0:2f:74:40:a0:c0
1783372522.5,-4.55,4.65,-37.00,70.00,72.20,f0:2f:74:40:a0:c0
1783372525.5,-4.55,4.72,-41.00,69.00,72.20,f0:2f:74:40:a0:c0
1783372528.5,-4.65,4.48,-41.00,69.00,72.20,f0:2f:74:40:a0:c0
1783372531.5,-4.33,3.79,-39.00,70.00,72.20,f0:2f:74:40:a0:c0
1783372534.5,-3.89,3.31,-39.00,70.00,72.20,f0:2f:74:40:a0:c0
1783372537.5,-3.41,2.74,-33.00,70.00,72.20,f0:2f:74:40:a0:c0
1783372540.5,-3.01,2.17,-37.00,70.00,72.20,f0:2f:74:40:a0:c0
1783372543.5,-2.61,1.62,-33.00,70.00,72.20,f0:2f:74:40:a0:c0
1783372546.5,-1.95,0.68,-38.00,70.00,72.20,f0:2f:74:40:a0:c0
1783372549.5,-1.48,0.00,-36.00,70.00,72.20,f0:2f:74:40:a0:c0
1783372552.5,-0.90,-0.59,-37.00,70.00,72.20,f0:2f:74:40:a0:c0
1783372555.5,-0.31,-1.40,-30.00,70.00,72.20,f0:2f:74:40:a0:c0
1783372558.5,-0.31,-1.56,-34.00,70.00,72.20,f0:2f:74:40:a0:c0
1783372561.5,-0.51,-1.50,-33.00,70.00,72.20,f0:2f:74:40:a0:c0
1783372564.5,-0.51,-1.50,-34.00,70.00,72.20,f0:2f:74:40:a0:c0
1783372567.5,-0.51,-1.50,-34.00,70.00,72.20,f0:2f:74:40:a0:c0
1783372570.5,-0.51,-1.50,-34.00,70.00,72.20,f0:2f:74:40:a0:c0
1783372573.5,-0.51,-1.50,-34.00,70.00,72.20,f0:2f:74:40:a0:c0
1783372576.5,-0.51,-1.50,-34.00,70.00,72.20,f0:2f:74:40:a0:c0
1783372579.5,-0.51,-1.50,-34.00,70.00,72.20,f0:2f:74:40:a0:c0
1783372582.5,-0.51,-1.50,-34.00,70.00,72.20,f0:2f:74:40:a0:c0
1783372585.5,-0.51,-1.50,-34.00,70.00,72.20,f0:2f:74:40:a0:c0
1783372588.5,-0.51,-1.50,-34.00,70.00,72.20,f0:2f:74:40:a0:c0
1783372591.5,-0.51,-1.50,-34.00,70.00,72.20,f0:2f:74:40:a0:c0
1783372594.5,-0.51,-1.50,-34.00,70.00,72.20,f0:2f:74:40:a0:c0
1783372597.5,-0.51,-1.50,-34.00,70.00,72.20,f0:2f:74:40:a0:c0
1783372600.5,-0.51,-1.50,-34.00,70.00,72.20,f0:2f:74:40:a0:c0
1783372603.5,-0.51,-1.50,-34.00,70.00,72.20,f0:2f:74:40:a0:c0
1783372606.5,-0.51,-1.50,-34.00,70.00,72.20,f0:2f:74:40:a0:c0
1783372609.5,-0.51,-1.50,-34.00,70.00,72.20,f0:2f:74:40:a0:c0
1783372612.5,-0.51,-1.50,-34.00,70.00,72.20,f0:2f:74:40:a0:c0
1783372615.5,-0.51,-1.50,-34.00,70.00,72.20,f0:2f:74:40:a0:c0
1783372618.5,-0.51,-1.50,-34.00,70.00,65.00,f0:2f:74:40:a0:c0
1783372621.5,-0.51,-1.50,-34.00,70.00,72.20,f0:2f:74:40:a0:c0
1783372624.5,-0.51,-1.50,-34.00,70.00,72.20,f0:2f:74:40:a0:c0
1783372627.5,-0.51,-1.50,-34.00,70.00,72.20,f0:2f:74:40:a0:c0
1783372630.5,-0.38,-1.48,-35.00,70.00,72.20,f0:2f:74:40:a0:c0
1783372633.5,-0.36,-1.53,-35.00,70.00,72.20,f0:2f:74:40:a0:c0
1783372636.5,-0.36,-1.53,-34.00,70.00,72.20,f0:2f:74:40:a0:c0
1783372639.5,-0.36,-1.53,-35.00,70.00,72.20,f0:2f:74:40:a0:c0
1783372642.5,-0.36,-1.53,-34.00,70.00,72.20,f0:2f:74:40:a0:c0
1783372645.5,-0.36,-1.53,-35.00,70.00,72.20,f0:2f:74:40:a0:c0
1783372648.5,-0.36,-1.53,-34.00,70.00,72.20,f0:2f:74:40:a0:c0
1783372651.5,-0.36,-1.53,-34.00,70.00,72.20,f0:2f:74:40:a0:c0
1783372654.5,-0.36,-1.53,-34.00,70.00,72.20,f0:2f:74:40:a0:c0
1783372657.5,-0.36,-1.53,-34.00,70.00,72.20,f0:2f:74:40:a0:c0
1783372660.5,-0.36,-1.53,-34.00,70.00,72.20,f0:2f:74:40:a0:c0
1783372663.5,-0.36,-1.53,-35.00,70.00,65.00,f0:2f:74:40:a0:c0
1783372666.5,-0.36,-1.53,-35.00,70.00,72.20,f0:2f:74:40:a0:c0
1783372669.5,-0.36,-1.53,-34.00,70.00,57.70,f0:2f:74:40:a0:c0
1783372672.5,-0.36,-1.53,-35.00,70.00,65.00,f0:2f:74:40:a0:c0
1783372675.5,-0.36,-1.53,-35.00,70.00,65.00,f0:2f:74:40:a0:c0
1783372678.5,-0.36,-1.53,-35.00,70.00,72.20,f0:2f:74:40:a0:c0
1783372681.5,-0.36,-1.53,-35.00,70.00,72.20,f0:2f:74:40:a0:c0
1783372684.5,-0.36,-1.53,-35.00,70.00,72.20,f0:2f:74:40:a0:c0
1783372687.5,-0.29,-2.38,-36.00,70.00,72.20,f0:2f:74:40:a0:c0
1783372690.5,-0.01,-3.27,-37.00,70.00,72.20,f0:2f:74:40:a0:c0
1783372693.5,0.58,-3.70,-35.00,70.00,65.00,f0:2f:74:40:a0:c0
1783372696.5,1.39,-3.67,-35.00,70.00,72.20,f0:2f:74:40:a0:c0
1783372699.5,1.90,-3.65,-29.00,70.00,72.20,f0:2f:74:40:a0:c0
1783372702.5,2.76,-3.69,-33.00,70.00,72.20,f0:2f:74:40:a0:c0
1783372705.5,3.60,-3.68,-34.00,70.00,72.20,f0:2f:74:40:a0:c0
1783372708.5,4.44,-3.76,-35.00,70.00,72.20,f0:2f:74:40:a0:c0
1783372711.5,5.30,-3.88,-32.00,70.00,65.00,f0:2f:74:40:a0:c0
1783372714.5,6.13,-3.95,-37.00,70.00,72.20,f0:2f:74:40:a0:c0
1783372717.5,6.91,-3.99,-37.00,70.00,72.20,f0:2f:74:40:a0:c0
1783372720.5,7.68,-4.03,-37.00,70.00,72.20,f0:2f:74:40:a0:c0
1783372723.5,8.32,-4.02,-38.00,70.00,72.20,f0:2f:74:40:a0:c0
1783372726.5,9.12,-4.03,-35.00,70.00,72.20,f0:2f:74:40:a0:c0
1783372729.5,9.95,-3.99,-40.00,70.00,72.20,f0:2f:74:40:a0:c0
1783372732.5,10.81,-4.10,-37.00,70.00,57.70,f0:2f:74:40:a0:c0
1783372735.5,11.64,-4.39,-41.00,69.00,57.70,f0:2f:74:40:a0:c0
1783372738.5,11.82,-4.38,-41.00,69.00,72.20,f0:2f:74:40:a0:c0
1783372741.5,11.82,-4.38,-43.00,67.00,72.20,f0:2f:74:40:a0:c0
1783372744.5,11.82,-4.38,-41.00,69.00,72.20,f0:2f:74:40:a0:c0
1783372747.5,11.82,-4.38,-41.00,69.00,72.20,f0:2f:74:40:a0:c0
1783372750.5,11.82,-4.38,-41.00,69.00,72.20,f0:2f:74:40:a0:c0
1783372753.5,11.82,-4.38,-41.00,69.00,72.20,f0:2f:74:40:a0:c0
1783372756.5,11.82,-4.38,-41.00,69.00,72.20,f0:2f:74:40:a0:c0
1783372759.5,11.82,-4.38,-41.00,69.00,72.20,f0:2f:74:40:a0:c0
1783372762.5,11.82,-4.38,-41.00,69.00,72.20,f0:2f:74:40:a0:c0
1783372765.5,11.82,-4.38,-41.00,69.00,72.20,f0:2f:74:40:a0:c0
1783372768.5,11.82,-4.38,-41.00,69.00,72.20,f0:2f:74:40:a0:c0
1783372771.5,11.82,-4.38,-41.00,69.00,72.20,f0:2f:74:40:a0:c0
1783372774.5,11.82,-4.38,-41.00,69.00,72.20,f0:2f:74:40:a0:c0
1783372777.5,11.82,-4.38,-41.00,69.00,72.20,f0:2f:74:40:a0:c0
1783372780.5,11.93,-4.39,-39.00,70.00,72.20,f0:2f:74:40:a0:c0
1783372783.5,12.37,-4.40,-41.00,69.00,72.20,f0:2f:74:40:a0:c0
1783372786.5,12.94,-4.26,-37.00,70.00,72.20,f0:2f:74:40:a0:c0
1783372789.5,13.78,-4.17,-41.00,69.00,72.20,f0:2f:74:40:a0:c0
1783372792.5,14.62,-4.03,-45.00,65.00,72.20,f0:2f:74:40:a0:c0
1783372795.5,15.26,-3.83,-45.00,65.00,72.20,f0:2f:74:40:a0:c0
1783372798.5,15.35,-3.74,-42.00,68.00,72.20,f0:2f:74:40:a0:c0
1783372801.5,15.35,-3.74,-44.00,66.00,72.20,f0:2f:74:40:a0:c0
1783372804.5,15.35,-3.74,-44.00,66.00,72.20,f0:2f:74:40:a0:c0
1783372807.5,15.35,-3.74,-45.00,65.00,72.20,f0:2f:74:40:a0:c0
1783372810.5,15.35,-3.74,-44.00,66.00,72.20,f0:2f:74:40:a0:c0
1783372813.5,15.35,-3.74,-44.00,66.00,72.20,f0:2f:74:40:a0:c0
1783372816.5,15.35,-3.74,-44.00,66.00,72.20,f0:2f:74:40:a0:c0
1783372819.5,15.35,-3.74,-44.00,66.00,72.20,f0:2f:74:40:a0:c0
1783372822.5,15.35,-3.74,-44.00,66.00,65.00,f0:2f:74:40:a0:c0
1783372825.5,15.35,-3.74,-44.00,66.00,72.20,f0:2f:74:40:a0:c0
1783372828.5,15.35,-3.74,-44.00,66.00,72.20,f0:2f:74:40:a0:c0
1783372831.5,15.35,-3.74,-44.00,66.00,72.20,f0:2f:74:40:a0:c0
1783372834.5,15.35,-3.74,-44.00,66.00,72.20,f0:2f:74:40:a0:c0
1783372837.5,15.35,-3.74,-44.00,66.00,72.20,f0:2f:74:40:a0:c0
1783372840.5,15.47,-3.72,-45.00,65.00,72.20,f0:2f:74:40:a0:c0
1783372843.5,15.64,-3.79,-43.00,67.00,72.20,f0:2f:74:40:a0:c0
1783372846.5,16.32,-3.67,-41.00,69.00,72.20,f0:2f:74:40:a0:c0
1783372849.5,17.17,-3.61,-46.00,64.00,72.20,f0:2f:74:40:a0:c0
1783372852.5,18.07,-3.50,-45.00,65.00,72.20,f0:2f:74:40:a0:c0
1783372855.5,18.93,-3.32,-48.00,62.00,58.50,f0:2f:74:40:a0:c0
1783372858.5,19.71,-3.23,-43.00,67.00,72.20,f0:2f:74:40:a0:c0
1783372861.5,20.54,-3.25,-46.00,64.00,72.20,f0:2f:74:40:a0:c0
1783372864.5,21.05,-3.23,-50.00,60.00,72.20,f0:2f:74:40:a0:c0
1783372867.5,21.85,-3.26,-47.00,63.00,72.20,f0:2f:74:40:a0:c0
1783372870.5,22.75,-3.32,-49.00,61.00,72.20,f0:2f:74:40:a0:c0
1783372873.5,23.61,-3.34,-49.00,61.00,65.00,f0:2f:74:40:a0:c0
1783372876.5,24.50,-3.35,-49.00,61.00,72.20,f0:2f:74:40:a0:c0
1783372879.5,25.39,-3.22,-48.00,62.00,72.20,f0:2f:74:40:a0:c0
1783372882.5,26.26,-3.15,-50.00,60.00,72.20,f0:2f:74:40:a0:c0
1783372885.5,26.81,-3.13,-48.00,62.00,72.20,f0:2f:74:40:a0:c0
1783372888.5,27.75,-3.18,-49.00,61.00,72.20,f0:2f:74:40:a0:c0
1783372891.5,28.60,-3.17,-51.00,59.00,72.20,f0:2f:74:40:a0:c0
1783372894.5,29.46,-3.17,-51.00,59.00,72.20,f0:2f:74:40:a0:c0
1783372897.5,30.32,-3.12,-53.00,57.00,72.20,f0:2f:74:40:a0:c0
1783372900.5,31.18,-3.17,-52.00,58.00,72.20,f0:2f:74:40:a0:c0
1783372903.5,32.08,-3.02,-58.00,52.00,57.70,f0:2f:74:40:a0:c0
1783372906.5,32.64,-2.78,-57.00,53.00,72.20,f0:2f:74:40:a0:c0
1783372909.5,33.46,-2.71,-57.00,53.00,72.20,f0:2f:74:40:a0:c0
1783372912.5,34.33,-2.67,-59.00,51.00,72.20,f0:2f:74:40:a0:c0
1783372915.5,35.19,-2.76,-59.00,51.00,72.20,f0:2f:74:40:a0:c0
1783372918.5,36.05,-2.74,-59.00,51.00,72.20,f0:2f:74:40:a0:c0
1783372921.5,36.85,-2.64,-62.00,48.00,72.20,f0:2f:74:40:a0:c0
1783372924.5,37.08,-2.63,-59.00,51.00,72.20,f0:2f:74:40:a0:c0
1783372927.5,36.51,-2.80,-59.00,51.00,72.20,f0:2f:74:40:a0:c0
1783372930.5,35.75,-2.78,-60.00,50.00,72.20,f0:2f:74:40:a0:c0
1783372933.5,34.85,-2.76,-59.00,51.00,72.20,f0:2f:74:40:a0:c0
1783372936.5,34.02,-2.77,-60.00,50.00,72.20,f0:2f:74:40:a0:c0
1783372939.5,33.18,-2.83,-58.00,52.00,65.00,f0:2f:74:40:a0:c0
1783372942.5,32.46,-2.85,-58.00,52.00,72.20,f0:2f:74:40:a0:c0
1783372945.5,31.78,-3.16,-55.00,55.00,72.20,f0:2f:74:40:a0:c0
1783372948.5,30.96,-3.12,-54.00,56.00,65.00,f0:2f:74:40:a0:c0
1783372951.5,30.15,-3.08,-56.00,54.00,65.00,f0:2f:74:40:a0:c0
1783372954.5,29.30,-3.03,-57.00,53.00,72.20,f0:2f:74:40:a0:c0
1783372957.5,28.72,-3.02,-51.00,59.00,72.20,f0:2f:74:40:a0:c0
1783372960.5,27.94,-3.01,-53.00,57.00,72.20,f0:2f:74:40:a0:c0
1783372963.5,27.10,-3.09,-53.00,57.00,72.20,f0:2f:74:40:a0:c0
1783372966.5,26.24,-3.11,-49.00,61.00,72.20,f0:2f:74:40:a0:c0
1783372969.5,25.43,-3.06,-51.00,59.00,72.20,f0:2f:74:40:a0:c0
1783372972.5,24.57,-3.07,-49.00,61.00,65.00,f0:2f:74:40:a0:c0
1783372975.5,23.74,-3.03,-50.00,60.00,72.20,f0:2f:74:40:a0:c0
1783372978.5,22.88,-3.01,-47.00,63.00,65.00,f0:2f:74:40:a0:c0
1783372981.5,22.03,-3.00,-48.00,62.00,65.00,f0:2f:74:40:a0:c0
1783372984.5,21.08,-3.16,-46.00,64.00,72.20,f0:2f:74:40:a0:c0
1783372987.5,20.18,-3.15,-49.00,61.00,72.20,f0:2f:74:40:a0:c0
1783372990.5,19.35,-3.23,-42.00,68.00,72.20,f0:2f:74:40:a0:c0
1783372993.5,18.82,-3.19,-45.00,65.00,72.20,f0:2f:74:40:a0:c0
1783372996.5,17.96,-3.25,-47.00,63.00,72.20,f0:2f:74:40:a0:c0
1783372999.5,17.13,-3.34,-44.00,66.00,72.20,f0:2f:74:40:a0:c0
1783373002.5,16.28,-3.50,-43.00,67.00,72.20,f0:2f:74:40:a0:c0
1783373005.5,15.47,-3.79,-47.00,63.00,72.20,f0:2f:74:40:a0:c0
1783373008.5,15.15,-3.97,-46.00,64.00,72.20,f0:2f:74:40:a0:c0
1783373011.5,14.36,-3.89,-41.00,69.00,72.20,f0:2f:74:40:a0:c0
1783373014.5,13.54,-3.85,-40.00,70.00,72.20,f0:2f:74:40:a0:c0
1783373017.5,12.69,-3.95,-41.00,69.00,72.20,f0:2f:74:40:a0:c0
1783373020.5,12.10,-4.18,-38.00,70.00,72.20,f0:2f:74:40:a0:c0
1783373023.5,11.53,-4.47,-36.00,70.00,72.20,f0:2f:74:40:a0:c0
1783373026.5,10.95,-4.44,-41.00,69.00,72.20,f0:2f:74:40:a0:c0
1783373029.5,10.14,-4.26,-37.00,70.00,72.20,f0:2f:74:40:a0:c0
1783373032.5,9.29,-4.12,-38.00,70.00,65.00,f0:2f:74:40:a0:c0
1783373035.5,8.68,-4.06,-35.00,70.00,65.00,f0:2f:74:40:a0:c0
1783373038.5,7.84,-4.05,-35.00,70.00,72.20,f0:2f:74:40:a0:c0
1783373041.5,6.94,-4.03,-35.00,70.00,72.20,f0:2f:74:40:a0:c0
1783373044.5,5.98,-4.00,-40.00,70.00,72.20,f0:2f:74:40:a0:c0
1783373047.5,5.03,-3.91,-34.00,70.00,72.20,f0:2f:74:40:a0:c0
1783373050.5,4.14,-3.93,-34.00,70.00,72.20,f0:2f:74:40:a0:c0
1783373053.5,3.28,-4.00,-31.00,70.00,72.20,f0:2f:74:40:a0:c0
1783373056.5,2.43,-3.85,-35.00,70.00,72.20,f0:2f:74:40:a0:c0
1783373059.5,1.84,-3.88,-35.00,70.00,72.20,f0:2f:74:40:a0:c0
1783373062.5,1.00,-3.87,-37.00,70.00,72.20,f0:2f:74:40:a0:c0
1783373065.5,0.23,-3.57,-35.00,70.00,72.20,f0:2f:74:40:a0:c0
1783373068.5,-0.34,-2.87,-32.00,70.00,72.20,f0:2f:74:40:a0:c0
1783373071.5,-0.42,-2.31,-32.00,70.00,72.20,f0:2f:74:40:a0:c0
1783373074.5,-0.61,-1.27,-31.00,70.00,72.20,f0:2f:74:40:a0:c0
1783373077.5,-0.69,-1.08,-35.00,70.00,72.20,f0:2f:74:40:a0:c0
1783373080.5,-1.16,-1.23,-40.00,70.00,72.20,f0:2f:74:40:a0:c0
1783373083.5,-1.67,-1.65,-36.00,70.00,72.20,f0:2f:74:40:a0:c0
1783373086.5,-2.29,-2.10,-37.00,70.00,72.20,f0:2f:74:40:a0:c0
1783373089.5,-2.86,-2.55,-37.00,70.00,72.20,f0:2f:74:40:a0:c0
1783373092.5,-3.43,-3.02,-38.00,70.00,72.20,f0:2f:74:40:a0:c0
